# The 512 games of the Wright-Fisher maps (Figures 4 and 5, SI Figures 2-4, 6-12): the Fermat (sunflower) spiral of
# BinM2Ev kit ca6 on the K = 4 disk, one game per Voronoi cell.  Payoffs (R, S, T, P) = (1, u, 1 + v, 0).
# Every u and v is an exact multiple of 2^-10 (u = u1024/1024, v = v1024/1024), exact as a decimal and as a double,
# and clear of every line of the exact arrangement of the stability regions.  Rows in ipt order 0..511.
# Source: DiskM2WF/Ref/binm2ev_ca6_points.txt (a verbatim copy of BinM2Ev/cannon/ca6/points.txt, columns ipt u v);
# checked against rows 456-967 of games.dat, the file every memory-two Wright-Fisher kit read (and the 512-row
# games.dat of the memory-one kit): same gid, tag, cS = u and cT = 1 + v bit for bit.
# Columns:
#   ipt        cell index 0..511 (the point's index on the spiral; the order of every per-game array in this repository)
#   gid        the game id in the kits' games.dat and in every packed run (.idx/.win/.rep): gid = 2000 + ipt
#   ig         the 1-based row of the game in the 967-row games.dat of the memory-two kits: ig = 456 + ipt
#              (task decode of the kits: isl = 3*(ig - 1) + ie)
#   tag        V_pNNN_QQW: NNN = ipt, QQ = quadrant, W = wedge
#   u, v       the game: S = u, T = 1 + v (exact decimals)
#   u1024, v1024   1024 u and 1024 v, integers (the exact rational game)
#   emax       Emax = max(R, (S + T)/2) = max(1, (1 + u + v)/2), exact
#   quadrant   PD (u < 0 < v), SD (u, v > 0), SH (u, v < 0), HA (v < 0 < u)
#   wedge      W (u + v < 1, u - v < 1), S (u + v < 1, u - v > 1), N (u + v > 1, u - v < 1), E (u + v > 1, u - v > 1)
#   x, y       the point on the disk, (u, v)/sqrt(16 + u^2 + v^2), float64 written round-trip exact
#   cell_area  area of its Voronoi cell on the unit disk (cells.csv), shoelace formula, float64 round-trip exact
ipt,gid,ig,tag,u,v,u1024,v1024,emax,quadrant,wedge,x,y,cell_area
0,2000,456,V_p000_PDW,-0.091796875,0.083984375,-94,86,1.0,PD,W,-0.02293812508487825,0.02098594422659074,0.005714081392901254
1,2001,457,V_p001_HAW,0.0185546875,-0.21484375,19,-220,1.0,HA,W,0.004631945656758967,-0.05363305497299856,0.006137013430209677
2,2002,458,V_p002_SDW,0.169921875,0.2216796875,174,227,1.0,SD,W,0.0423772794669976,0.0552853013736118,0.006287487603155133
3,2003,459,V_p003_SHW,-0.3251953125,-0.0576171875,-333,-59,1.0,SH,W,-0.08102313052272654,-0.014355449552074672,0.0057589771530764415
4,2004,460,V_p004_HAW,0.31640625,-0.201171875,324,-206,1.0,HA,W,0.0787563253334082,-0.05007346610704349,0.006411779948347041
5,2005,461,V_p005_PDW,-0.107421875,0.400390625,-110,410,1.0,PD,W,-0.026712396222524325,0.09956438592031794,0.006052712141298579
6,2006,462,V_p006_SHW,-0.2080078125,-0.400390625,-213,-410,1.0,SH,W,-0.051674247296530355,-0.09946686099332135,0.005964380705574826
7,2007,463,V_p007_SDW,0.4560546875,0.166015625,467,170,1.0,SD,W,0.1131835888248712,0.04120173468999594,0.006090285535921719
8,2008,464,V_p008_PDW,-0.4775390625,0.197265625,-489,202,1.0,PD,W,-0.11840110059376407,0.04891006609394753,0.0062358643343178415
9,2009,465,V_p009_HAW,0.2314453125,-0.49609375,237,-508,1.0,HA,W,0.05732695896699426,-0.12287803862967546,0.006115720675664467
10,2010,466,V_p010_SDW,0.171875,0.5498046875,176,563,1.0,SD,W,0.04252999544889194,0.13604765589617138,0.006010729912247808
11,2011,467,V_p011_SHW,-0.521484375,-0.302734375,-534,-310,1.0,SH,W,-0.1289145544194636,-0.07483803720980096,0.005992362405411615
12,2012,468,V_p012_HAW,0.615234375,-0.134765625,630,-138,1.0,HA,W,0.15193670265772688,-0.03328137296312113,0.0060087238483877686
13,2013,469,V_p013_PDW,-0.376953125,0.5361328125,-386,549,1.0,PD,W,-0.09299824460042454,0.13226952405604422,0.006064931269186578
14,2014,470,V_p014_SHW,-0.0869140625,-0.673828125,-89,-690,1.0,SH,W,-0.021421705718306167,-0.1660783926475422,0.00613795648509647
15,2015,471,V_p015_SDW,0.5380859375,0.453125,551,464,1.0,SD,W,0.13248824335109763,0.11156904703250328,0.006211707949002387
16,2016,472,V_p016_PDW,-0.7255859375,0.0302734375,-743,31,1.0,PD,W,-0.17847882601373985,0.007446626657370035,0.006211023886190407
17,2017,473,V_p017_HAS,0.5302734375,-0.5283203125,543,-541,1.0,HA,S,0.13030635961873752,-0.1298264098595525,0.0061796625889360135
18,2018,474,V_p018_PDW,-0.03515625,0.76953125,-36,788,1.0,PD,W,-0.008630474340953537,0.18891149390753853,0.006128631599977133
19,2019,475,V_p019_SHW,-0.5078125,-0.6083984375,-520,-623,1.0,SH,W,-0.12453260969854722,-0.14919964585037485,0.006086978043675549
20,2020,476,V_p020_SDW,0.8056640625,0.1083984375,825,111,1.0,SD,W,0.19738106250326568,0.026556724773166656,0.006039802409810193
21,2021,477,V_p021_PDW,-0.68359375,0.4755859375,-700,487,1.0,PD,W,-0.16731104493597768,0.11640068411974447,0.006009063212583196
22,2022,478,V_p022_HAS,0.1875,-0.83203125,192,-852,1.0,HA,S,0.04584443579613751,-0.2034346838453602,0.005978476810662853
23,2023,479,V_p023_SDN,0.43359375,0.7568359375,444,775,1.09521484375,SD,N,0.10590966331976864,0.18486484025410066,0.005950995607194684
24,2024,480,V_p024_SHW,-0.849609375,-0.271484375,-870,-278,1.0,SH,W,-0.20731098354059052,-0.06624419933825766,0.005945177814307777
25,2025,481,V_p025_HAS,0.8271484375,-0.3818359375,847,-391,1.0,HA,S,0.20162377474215018,-0.09307543792701384,0.005943977521317666
26,2026,482,V_p026_PDW,-0.359375,0.857421875,-368,878,1.0,PD,W,-0.0875111539419358,0.20879019880711855,0.00596032954955019
27,2027,483,V_p027_SHW,-0.3212890625,-0.8916015625,-329,-913,1.0,SH,W,-0.07815845668880049,-0.21689565640387493,0.005974415069178493
28,2028,484,V_p028_SDN,0.85546875,0.44921875,876,460,1.15234375,SD,N,0.20788788934462205,0.109164873400144,0.005999005194168343
29,2029,485,V_p029_PDW,-0.951171875,0.2509765625,-974,257,1.0,PD,W,-0.23091241959050954,0.06092863638065806,0.006035249160569814
30,2030,486,V_p030_HAS,0.5419921875,-0.8427734375,555,-863,1.0,HA,S,0.13143686435924865,-0.20437840349915598,0.006067653080972568
31,2031,487,V_p031_SDN,0.1728515625,1.00390625,177,1028,1.08837890625,SD,N,0.04187624742571836,0.24321345962507612,0.006109466139961571
32,2032,488,V_p032_SHW,-0.8193359375,-0.6337890625,-839,-649,1.0,SH,W,-0.19829286361287002,-0.15338744753844175,0.006133134171172297
33,2033,489,V_p033_HAS,1.048828125,-0.0869140625,1074,-89,1.0,HA,S,0.25357699503935116,-0.021013363648512338,0.00615192272598894
34,2034,490,V_p034_PDW,-0.7265625,0.78515625,-744,804,1.0,PD,W,-0.1754738064352244,0.18962491985741992,0.006171090115598465
35,2035,491,V_p035_HAS,0.0048828125,-1.0859375,5,-1112,1.0,HA,S,0.0011780602893920248,-0.2620006083607863,0.006192001029401061
36,2036,492,V_p036_SDN,0.740234375,0.81640625,758,836,1.2783203125,SD,N,0.17841134618973878,0.1967702973807673,0.006187388015405512
37,2037,493,V_p037_SHW,-1.11328125,-0.103515625,-1140,-106,1.0,SH,W,-0.2680457665085994,-0.024923553727992577,0.00620025347036994
38,2038,494,V_p038_HAS,0.9033203125,-0.685546875,925,-702,1.0,HA,S,0.21726761538967598,-0.16488850378762437,0.006189231548327068
39,2039,495,V_p039_PDW,-0.2060546875,1.1318359375,-211,1159,1.0,PD,W,-0.04950676392462184,0.27193525776605076,0.0061904156884933365
40,2040,496,V_p040_SHW,-0.62109375,-0.9873046875,-636,-1011,1.0,SH,W,-0.1490650033923395,-0.23695710444914345,0.006178793642485608
41,2041,497,V_p041_SDN,1.1396484375,0.3125,1167,320,1.22607421875,SD,N,0.2732376382108873,0.07492377397385085,0.006166872449830441
42,2042,498,V_p042_PDW,-1.064453125,0.546875,-1090,560,1.0,PD,W,-0.2549478062867489,0.1309823591931921,0.006168763166914684
43,2043,499,V_p043_HAS,0.421875,-1.13671875,432,-1164,1.0,HA,S,0.10093365377019405,-0.2719601226585784,0.0061506673437921044
44,2044,500,V_p044_SDN,0.462890625,1.13671875,474,1164,1.2998046875,SD,N,0.11063180433152892,0.2716781017761596,0.006137685835153381
45,2045,501,V_p045_SHW,-1.123046875,-0.5322265625,-1150,-545,1.0,SH,W,-0.2681188779701357,-0.12706503347280346,0.00611411677931005
46,2046,502,V_p046_HAS,1.201171875,-0.3701171875,1230,-379,1.0,HA,S,0.2864825557039744,-0.08827389318033033,0.006102075353232567
47,2047,503,V_p047_PDW,-0.6435546875,1.09765625,-659,1124,1.0,PD,W,-0.1533185431084544,0.261502340597728,0.006085720238551778
48,2048,504,V_p048_SHW,-0.2705078125,-1.2578125,-277,-1288,1.0,SH,W,-0.06437876933755753,-0.29934965670315555,0.00607814796511158
49,2049,505,V_p049_SDN,1.060546875,0.75390625,1086,772,1.4072265625,SD,N,0.2521317170884375,0.1792317546890182,0.006062569630907372
50,2050,506,V_p050_PDW,-1.3056640625,0.1630859375,-1337,167,1.0,PD,W,-0.3100705217179088,0.03872982582415166,0.006051699846196412
51,2051,507,V_p051_HAS,0.8623046875,-1.0126953125,883,-1037,1.0,HA,S,0.2045633242176091,-0.24024027997017058,0.006027122543527386
52,2052,508,V_p052_SDN,0.048828125,1.34375,50,1376,1.1962890625,SD,N,0.011570760008049717,0.3184273154215282,0.006020284206999425
53,2053,509,V_p053_SHW,-0.9541015625,-0.9677734375,-977,-991,1.0,SH,W,-0.22584645089967312,-0.22908273576415153,0.006015057824575731
54,2054,510,V_p054_SDE,1.37109375,0.0703125,1404,72,1.220703125,SD,E,0.32420865032455576,0.0166260846320285,0.005998847080846507
55,2055,511,V_p055_PDW,-1.0693359375,0.8837890625,-1095,905,1.0,PD,W,-0.2525747204321401,0.20874896985487376,0.0059882954523381715
56,2056,512,V_p056_HAS,0.193359375,-1.3876953125,198,-1421,1.0,HA,S,0.045622045941128786,-0.327418824658303,0.00598653732011864
57,2057,513,V_p057_SDN,0.802734375,1.1650390625,822,1193,1.48388671875,SD,N,0.1891973804894824,0.27458938555225365,0.005975203135554663
58,2058,514,V_p058_SHW,-1.392578125,-0.3203125,-1426,-328,1.0,SH,W,-0.32785268667038847,-0.07541071614858866,0.005978705256523706
59,2059,515,V_p059_HAS,1.2548828125,-0.7109375,1285,-728,1.0,HA,S,0.2951222819247149,-0.16719768189976067,0.005979712388702263
60,2060,516,V_p060_PDW,-0.44921875,1.384765625,-460,1418,1.0,PD,W,-0.10553251508705758,0.32531544868140794,0.0059748614980454084
61,2061,517,V_p061_SHW,-0.6103515625,-1.3369140625,-625,-1369,1.0,SH,W,-0.14322661043016907,-0.3137235674862423,0.00597396389109657
62,2062,518,V_p062_SDN,1.365234375,0.5791015625,1398,593,1.47216796875,SD,N,0.32002270023207086,0.13574639573506295,0.005983034821970143
63,2063,519,V_p063_PDW,-1.4111328125,0.4990234375,-1445,511,1.0,PD,W,-0.33040884243779267,0.11684354220464502,0.005993690836425092
64,2064,520,V_p064_HAS,0.708984375,-1.3330078125,726,-1365,1.0,HA,S,0.1658264074836241,-0.3117810553927643,0.0059892700445221825
65,2065,521,V_p065_SDN,0.380859375,1.474609375,390,1510,1.427734375,SD,N,0.08898309887171359,0.3445243058879167,0.006008567556902211
66,2066,522,V_p066_SHW,-1.2880859375,-0.8369140625,-1319,-857,1.0,SH,W,-0.3006168663703219,-0.1953211936917103,0.006009479964393355
67,2067,523,V_p067_HAE,1.5283203125,-0.2548828125,1565,-261,1.13671875,HA,E,0.3562844596328817,-0.05941868623909401,0.006021369080102888
68,2068,524,V_p068_PDW,-0.962890625,1.2314453125,-986,1261,1.0,PD,W,-0.22420945527852257,0.2867425183633032,0.0060218577306607735
69,2069,525,V_p069_SHS,-0.1220703125,-1.5712890625,-125,-1609,1.0,SH,S,-0.028393166749371975,-0.36547684239791606,0.0060437865638510585
70,2070,526,V_p070_SDN,1.1611328125,1.0849609375,1189,1111,1.623046875,SD,N,0.26977298463493504,0.25207551381784093,0.006040839611162974
71,2071,527,V_p071_SHW,-1.6025390625,-0.015625,-1641,-16,1.0,SH,W,-0.37189613795779647,-0.003626044002026047,0.006050503658997514
72,2072,528,V_p072_HAS,1.201171875,-1.0791015625,1230,-1105,1.0,HA,S,0.27846061484263707,-0.25016177187082433,0.006056095533399475
73,2073,529,V_p073_PDN,-0.158203125,1.6201171875,-162,1659,1.23095703125,PD,N,-0.03663345466991733,0.37515371171230155,0.006065195617191765
74,2074,530,V_p074_SHW,-0.9853515625,-1.3125,-1009,-1344,1.0,SH,W,-0.2279003747945694,-0.3035660096371668,0.006070221783598728
75,2075,531,V_p075_SDE,1.6259765625,0.3037109375,1665,311,1.46484375,SD,E,0.375643066696948,0.07016516140705756,0.0060709914343919785
76,2076,532,V_p076_PDW,-1.4150390625,0.880859375,-1449,902,1.0,PD,W,-0.32654338058995125,0.2032726910228682,0.006080351295321723
77,2077,533,V_p077_HAS,0.4521484375,-1.6171875,463,-1656,1.0,HA,S,0.10422557466982874,-0.3727808890998626,0.006085093729538887
78,2078,534,V_p078_SDN,0.765625,1.5087890625,784,1545,1.63720703125,SD,N,0.1762848653520303,0.3473981083786821,0.006094224909253321
79,2079,535,V_p079_SHW,-1.595703125,-0.6005859375,-1634,-615,1.0,SH,W,-0.36697890951783285,-0.13812241698498606,0.00608862601458654
80,2080,536,V_p080_HAS,1.59375,-0.6396484375,1632,-655,1.0,HA,S,0.3661212040206721,-0.14694202734898298,0.006096484249377421
81,2081,537,V_p081_PDW,-0.7490234375,1.5595703125,-767,1597,1.0,PD,W,-0.1718680869190499,0.35785310926952113,0.006093854531035725
82,2082,538,V_p082_SHS,-0.5048828125,-1.66796875,-517,-1708,1.0,SH,S,-0.11571536519381513,-0.3822859647021977,0.006112683692940407
83,2083,539,V_p083_SDN,1.509765625,0.89453125,1546,916,1.7021484375,SD,N,0.3456409148742868,0.20479112420753345,0.006110268623104431
84,2084,540,V_p084_PDW,-1.73046875,0.3623046875,-1772,371,1.0,PD,W,-0.39568911732219375,0.08284461767863086,0.0061006302923768685
85,2085,541,V_p085_HAS,1.0380859375,-1.4462890625,1063,-1481,1.0,HA,S,0.2370987898050906,-0.33033236848667846,0.006106938074720236
86,2086,542,V_p086_SDN,0.212890625,1.7802734375,218,1823,1.49658203125,SD,N,0.048566832375857634,0.40613456615224064,0.006112306577930923
87,2087,543,V_p087_SHW,-1.369140625,-1.1767578125,-1402,-1205,1.0,SH,W,-0.31198071677313005,-0.2681431980824691,0.0061220161095804915
88,2088,544,V_p088_HAE,1.81640625,-0.0576171875,1860,-59,1.37939453125,HA,E,0.4134323954367976,-0.013114253403640355,0.006118242721762946
89,2089,545,V_p089_PDW,-1.3095703125,1.2783203125,-1341,1309,1.0,PD,W,-0.297713612285118,0.2906093351836089,0.006118085461393807
90,2090,546,V_p090_HAS,0.103515625,-1.83984375,106,-1884,1.0,HA,S,0.023504592491062362,-0.41776087031284426,0.00612133933316223
91,2091,547,V_p091_SDN,1.1748046875,1.435546875,1203,1470,1.80517578125,SD,N,0.26644452920141315,0.3255805967797817,0.006115631352492434
92,2092,548,V_p092_SHW,-1.84765625,-0.2666015625,-1892,-273,1.0,SH,W,-0.41857373483426613,-0.0603967386943735,0.006123888028872565
93,2093,549,V_p093_HAS,1.552734375,-1.05859375,1590,-1084,1.0,HA,S,0.3513404910312366,-0.23953024671563553,0.006130092901155876
94,2094,550,V_p094_PDN,-0.43359375,1.8408203125,-444,1885,1.20361328125,PD,N,-0.09799730336443256,0.416047110004404,0.006129170400512737
95,2095,551,V_p095_SHW,-0.9306640625,-1.6611328125,-953,-1701,1.0,SH,W,-0.2100789814396844,-0.37496783570713865,0.0061266732910607025
96,2096,552,V_p096_SDE,1.8193359375,0.599609375,1863,614,1.70947265625,SD,E,0.4102192878356157,0.13519841263073967,0.006131577283405049
97,2097,553,V_p097_PDW,-1.7578125,0.7919921875,-1800,811,1.0,PD,W,-0.39586800976117825,0.17836053106461974,0.006126128273995807
98,2098,554,V_p098_HAS,0.7666015625,-1.7822265625,785,-1825,1.0,HA,S,0.17243768088263184,-0.4008901498226791,0.006126072679602912
99,2099,555,V_p099_SDN,0.642578125,1.84375,658,1888,1.7431640625,SD,N,0.14436378572078035,0.41422314200734545,0.0061387747831996575
100,2100,556,V_p100_SHW,-1.73046875,-0.9306640625,-1772,-953,1.0,SH,W,-0.3882996041553037,-0.20883155911964132,0.006134046151368533
101,2101,557,V_p101_HAE,1.916015625,-0.4853515625,1962,-497,1.21533203125,HA,E,0.4294371449504409,-0.1087819882978436,0.006130905544556808
102,2102,558,V_p102_PDW,-1.091796875,1.662109375,-1118,1702,1.0,PD,W,-0.244410595419719,0.37208124633663836,0.006124633404931024
103,2103,559,V_p103_SHS,-0.3193359375,-1.9755859375,-327,-2023,1.0,SH,S,-0.07139691361028475,-0.4417001719682142,0.00613264130629558
104,2104,560,V_p104_SDN,1.5791015625,1.248046875,1617,1278,1.91357421875,SD,N,0.35264689611686084,0.27871535759885474,0.006135814120425742
105,2105,561,V_p105_PDW,-2.01953125,0.1474609375,-2068,151,1.0,PD,W,-0.4504533647471397,0.03289093717447683,0.006129719434710329
106,2106,562,V_p106_HAS,1.3974609375,-1.4814453125,1431,-1517,1.0,HA,S,0.3113352261756707,-0.3300457988179542,0.006132478015741183
107,2107,563,V_p107_PDN,-0.0302734375,2.048828125,-31,2098,1.50927734375,PD,N,-0.006735982671371905,0.4558739240173631,0.006130595772741521
108,2108,564,V_p108_SHW,-1.3701171875,-1.5400390625,-1403,-1577,1.0,SH,W,-0.3044784445937007,-0.34223984827103776,0.006129508910419024
109,2109,565,V_p109_SDE,2.0625,0.2119140625,2112,217,1.63720703125,SD,E,0.45778191028928644,0.04703535725983672,0.006126980930184142
110,2110,566,V_p110_PDW,-1.6728515625,1.244140625,-1713,1274,1.0,PD,W,-0.3708638391106116,0.27582050848039646,0.006133460929959922
111,2111,567,V_p111_HAS,0.3955078125,-2.0595703125,405,-2109,1.0,HA,S,0.08757064417216186,-0.456016021133554,0.006121050888440505
112,2112,568,V_p112_SDN,1.10546875,1.7958984375,1132,1839,1.95068359375,SD,N,0.24447156603347553,0.3971583126639236,0.006126778121339271
113,2113,569,V_p113_SHW,-2.0400390625,-0.5810546875,-2089,-595,1.0,SH,W,-0.4505760243381716,-0.12833544015376358,0.006123688557599427
114,2114,570,V_p114_HAS,1.9072265625,-0.955078125,1953,-978,1.0,HA,S,0.4207263153725725,-0.2106862961773558,0.006118230639386102
115,2115,571,V_p115_PDN,-0.765625,2.00390625,-784,2052,1.119140625,PD,N,-0.16867988328238154,0.4414937761421517,0.006117403110959152
116,2116,572,V_p116_SHS,-0.7939453125,-2.005859375,-813,-2054,1.0,SH,S,-0.17469898616487586,-0.4413674263009287,0.006117611611417384
117,2117,573,V_p117_SDE,1.951171875,0.9482421875,1998,971,1.94970703125,SD,E,0.4287903062942183,0.20838607978562865,0.006114649742351486
118,2118,574,V_p118_PDW,-2.08984375,0.6220703125,-2140,637,1.0,PD,W,-0.4587314683437553,0.13654763800699632,0.006106092685383063
119,2119,575,V_p119_HAS,1.126953125,-1.880859375,1154,-1926,1.0,HA,S,0.24705535936269876,-0.4123298285377451,0.006102839708348795
120,2120,576,V_p120_SDN,0.44140625,2.16015625,452,2212,1.80078125,SD,N,0.09664284909574831,0.4729512880526444,0.006090302266377412
121,2121,577,V_p121_SHW,-1.794921875,-1.3017578125,-1838,-1333,1.0,SH,W,-0.3924668079041658,-0.28463452390438143,0.0060877952843750305
122,2122,578,V_p122_HAE,2.2138671875,-0.25390625,2267,-260,1.47998046875,HA,E,0.48350072017353335,-0.05545222198726012,0.006092428909474659
123,2123,579,V_p123_PDW,-1.46875,1.6923828125,-1504,1733,1.0,PD,W,-0.32034445033124676,0.36912030081386343,0.00608356804538035
124,2124,580,V_p124_SHS,-0.060546875,-2.251953125,-62,-2306,1.0,SH,S,-0.013188893632098167,-0.4905417534777157,0.006074061515223604
125,2125,581,V_p125_SDN,1.5732421875,1.6279296875,1611,1667,2.1005859375,SD,N,0.3422903817841539,0.35418874390700467,0.0060701307276292416
126,2126,582,V_p126_SHW,-2.2724609375,-0.138671875,-2327,-142,1.0,SH,W,-0.4937413840122827,-0.03012946993113199,0.006066824255032743
127,2127,583,V_p127_HAS,1.7783203125,-1.4404296875,1821,-1475,1.0,HA,S,0.3858875249083579,-0.312566776078983,0.006061824740450084
128,2128,584,V_p128_PDN,-0.33984375,2.2744140625,-348,2329,1.46728515625,PD,N,-0.07365584814002843,0.4929438802245006,0.006064155395142337
129,2129,585,V_p129_SHW,-1.29296875,-1.9169921875,-1324,-1963,1.0,SH,W,-0.279848765418056,-0.4149117269755619,0.006051564966656486
130,2130,586,V_p130_SDE,2.259765625,0.54296875,2314,556,1.9013671875,SD,E,0.4884754649196452,0.11736921283289661,0.006053345530288218
131,2131,587,V_p131_PDW,-2.0439453125,1.130859375,-2093,1158,1.0,PD,W,-0.4412546254241503,0.24413418836176112,0.006052524370986412
132,2132,588,V_p132_HAS,0.74609375,-2.2255859375,764,-2279,1.0,HA,S,0.16086972553484824,-0.4798718645208365,0.006047594995423594
133,2133,589,V_p133_SDN,0.9580078125,2.15625,981,2208,2.05712890625,SD,N,0.20628717955511103,0.4643038659099747,0.006041125289760252
134,2134,590,V_p134_SHW,-2.173828125,-0.947265625,-2226,-970,1.0,SH,W,-0.4674862343806332,-0.20371143187296234,0.0060356756993904526
135,2135,591,V_p135_HAE,2.25390625,-0.7734375,2308,-792,1.240234375,HA,E,0.4840868075697631,-0.16611644349880952,0.006033192642949492
136,2136,592,V_p136_PDW,-1.1455078125,2.103515625,-1173,2154,1.0,PD,W,-0.24569628570228227,0.451176299576058,0.006030313605243476
137,2137,593,V_p137_SHS,-0.5791015625,-2.3369140625,-593,-2393,1.0,SH,S,-0.12403981140064839,-0.5005518864785018,0.006028932739017667
138,2138,594,V_p138_SDN,2.015625,1.337890625,2064,1370,2.1767578125,SD,N,0.4311786312490443,0.2861989945790653,0.006021862045491599
139,2139,595,V_p139_PDW,-2.4013671875,0.376953125,-2459,386,1.0,PD,W,-0.5130393584678817,0.08053403512346577,0.006025149390071677
140,2140,596,V_p140_HAS,1.5244140625,-1.9091796875,1561,-1955,1.0,HA,S,0.3252368351538205,-0.4073273624123761,0.006023661843506001
141,2141,597,V_p141_SDN,0.1669921875,2.44921875,171,2508,1.80810546875,SD,N,0.035581383171010166,0.5218602865081491,0.006022136712335993
142,2142,598,V_p142_SHW,-1.7861328125,-1.701171875,-1829,-1742,1.0,SH,W,-0.38007767496952816,-0.3619985291399224,0.0060148200072442926
143,2143,599,V_p143_SDE,2.478515625,0.048828125,2538,50,1.763671875,SD,E,0.5266834386040233,0.010375954267218742,0.006019004829693801
144,2144,600,V_p144_PDW,-1.869140625,1.646484375,-1914,1686,1.0,PD,W,-0.396661933488547,0.3494106686842687,0.006020642687729505
145,2145,601,V_p145_HAS,0.267578125,-2.48828125,274,-2548,1.0,HA,S,0.056709704147083796,-0.5273588546232464,0.006019236488032154
146,2146,602,V_p146_SDN,1.4912109375,2.025390625,1527,2074,2.25830078125,SD,N,0.315598132818891,0.42865129500090365,0.006019216659189142
147,2147,603,V_p147_SHW,-2.4794921875,-0.48828125,-2539,-500,1.0,SH,W,-0.5240486223914768,-0.10319980748158267,0.006015206679436391
148,2148,604,V_p148_HAS,2.16796875,-1.3203125,2220,-1352,1.0,HA,S,0.45762477554434866,-0.27869761105223395,0.006015265835383254
149,2149,605,V_p149_PDN,-0.7099609375,2.4501953125,-727,2509,1.3701171875,PD,N,-0.14964796290702195,0.5164604386983742,0.006026686267933262
150,2150,606,V_p150_SHS,-1.13671875,-2.296875,-1164,-2352,1.0,SH,S,-0.23928129759965375,-0.4834962302013622,0.0060226261989898555
151,2151,607,V_p151_SDE,2.4013671875,0.9306640625,2459,953,2.166015625,SD,E,0.5047663428372233,0.19562518288892797,0.006019732150166379
152,2152,608,V_p152_PDW,-2.41015625,0.9404296875,-2468,963,1.0,PD,W,-0.5059373518739126,0.1974139667157933,0.006016602064383092
153,2153,609,V_p153_HAS,1.1474609375,-2.33203125,1175,-2388,1.0,HA,S,0.24054655589396873,-0.48887248976578496,0.006026269721787159
154,2154,610,V_p154_SDN,0.732421875,2.505859375,750,2566,2.119140625,SD,N,0.15333585282943885,0.5246130644804534,0.006026407570739356
155,2155,611,V_p155_SHW,-2.2431640625,-1.359375,-2297,-1392,1.0,SH,W,-0.4689602301931924,-0.28419357441398513,0.006028169359880209
156,2156,612,V_p156_HAE,2.583984375,-0.515625,2646,-528,1.5341796875,HA,E,0.5394687018360973,-0.10764908335958404,0.006029751940836076
157,2157,613,V_p157_PDW,-1.564453125,2.1357421875,-1602,2187,1.0,PD,W,-0.32614787162239495,0.44524681350697737,0.006030267409529277
158,2158,614,V_p158_SHS,-0.2900390625,-2.6435546875,-297,-2707,1.0,SH,S,-0.06038222710908192,-0.5503524874891743,0.006027945242802202
159,2159,615,V_p159_SDN,2.0087890625,1.7607421875,2057,1803,2.384765625,SD,N,0.4176335615438672,0.3660638363945516,0.006041041761552679
160,2160,616,V_p160_PDW,-2.6826171875,0.05859375,-2747,60,1.0,PD,W,-0.5569496610004102,0.012164899767027526,0.0060395635953832995
161,2161,617,V_p161_HAS,1.947265625,-1.86328125,1994,-1908,1.0,HA,S,0.4037254918720183,-0.386313058421169,0.006038275850498098
162,2162,618,V_p162_PDN,-0.177734375,2.7021484375,-182,2767,1.76220703125,PD,N,-0.036794619798398265,0.5593995218800439,0.00604332714410577
163,2163,619,V_p163_SHW,-1.701171875,-2.1220703125,-1742,-2173,1.0,SH,W,-0.3516952848627797,-0.4387105935745237,0.006043922349584396
164,2164,620,V_p164_SDE,2.7001953125,0.4169921875,2765,427,2.05859375,SD,E,0.5574237656002342,0.08608316380155516,0.006038914013932251
165,2165,621,V_p165_PDW,-2.283203125,1.5234375,-2338,1560,1.0,PD,W,-0.47064971312331294,0.31403488129699236,0.006048980668263149
166,2166,622,V_p166_HAS,0.6572265625,-2.6767578125,673,-2741,1.0,HA,S,0.1352966063365298,-0.5510371440838456,0.006050658004815662
167,2167,623,V_p167_SDN,1.3291015625,2.4287109375,1361,2487,2.37890625,SD,N,0.27321438280314897,0.4992536150120731,0.0060555544847778475
168,2168,624,V_p168_SHW,-2.6328125,-0.896484375,-2696,-918,1.0,SH,W,-0.540408016438708,-0.18401133497430783,0.006054243146617788
169,2169,625,V_p169_HAE,2.5576171875,-1.1220703125,2619,-1149,1.2177734375,HA,E,0.5242554822965229,-0.22999982785746653,0.006057498614445211
170,2170,626,V_p170_PDN,-1.1337890625,2.56640625,-1161,2628,1.21630859375,PD,N,-0.23205375475536927,0.5252689642524638,0.00605708241628844
171,2171,627,V_p171_SHS,-0.9013671875,-2.669921875,-923,-2734,1.0,SH,S,-0.1842175890823298,-0.5456672682026973,0.006055325302370629
172,2172,628,V_p172_SDE,2.478515625,1.365234375,2538,1398,2.421875,SD,E,0.5058521238878964,0.27863722190515333,0.006049826907185529
173,2173,629,V_p173_PDW,-2.76171875,0.6708984375,-2828,687,1.0,PD,W,-0.5628290458486089,0.1367268580261649,0.006059858069875218
174,2174,630,V_p174_HAS,1.5908203125,-2.3701171875,1629,-2427,1.0,HA,S,0.32372710432826457,-0.48231165267323395,0.006061503089672959
175,2175,631,V_p175_SDN,0.4306640625,2.8349609375,441,2903,2.1328125,SD,N,0.08750429581346784,0.5760203418287917,0.006063077095300212
176,2176,632,V_p176_SHW,-2.2412109375,-1.8076171875,-2295,-1851,1.0,SH,W,-0.45474135246584657,-0.3667652476750684,0.006058820077731952
177,2177,633,V_p177_HAE,2.8857421875,-0.1826171875,2955,-187,1.8515625,HA,E,0.5846705882335523,-0.03699945854472903,0.0060651164246783434
178,2178,634,V_p178_PDW,-2.013671875,2.0927734375,-2062,2143,1.0,PD,W,-0.40736743528083086,0.42336974481417095,0.006063938539786151
179,2179,635,V_p179_HAS,0.0712890625,-2.916015625,73,-2986,1.0,HA,S,0.0144001473614153,-0.5890252057696724,0.006062602762175462
180,2180,636,V_p180_SDN,1.9248046875,2.20703125,1971,2260,2.56591796875,SD,N,0.3882686317341946,0.4451989384674175,0.006068182236422803
181,2181,637,V_p181_SHW,-2.9228515625,-0.328125,-2993,-336,1.0,SH,W,-0.5886970937166667,-0.06608828048406282,0.0060635190115916615
182,2182,638,V_p182_HAS,2.3876953125,-1.7392578125,2445,-1781,1.0,HA,S,0.4801766504623398,-0.3497728484553894,0.006067799645632865
183,2183,639,V_p183_PDN,-0.587890625,2.908203125,-602,2978,1.66015625,PD,N,-0.11804351815819389,0.5839428522842216,0.006068113465495989
184,2184,640,V_p184_SHS,-1.537109375,-2.5517578125,-1574,-2613,1.0,SH,S,-0.30819844607172775,-0.5116407494189482,0.006065240641052683
185,2185,641,V_p185_SDE,2.869140625,0.8466796875,2938,867,2.35791015625,SD,E,0.5744162328658551,0.16950948737055696,0.0060672438513825755
186,2186,642,V_p186_PDW,-2.69921875,1.3193359375,-2764,1351,1.0,PD,W,-0.5395586235366276,0.2637278221410941,0.006064027507248493
187,2187,643,V_p187_HAS,1.103515625,-2.8076171875,1130,-2875,1.0,HA,S,0.22026101583661784,-0.5603986022391826,0.0060736173940202365
188,2188,644,V_p188_SDN,1.0869140625,2.828125,1113,2896,2.45751953125,SD,N,0.21660584074196004,0.5636033376358637,0.0060707023685865336
189,2189,645,V_p189_SHW,-2.72265625,-1.3564453125,-2788,-1389,1.0,SH,W,-0.5417987953848895,-0.2699277355773355,0.006074260277455612
190,2190,646,V_p190_HAE,2.9365234375,-0.8427734375,3007,-863,1.546875,HA,E,0.5834268532086386,-0.16744176066480052,0.006075095261729613
191,2191,647,V_p191_PDN,-1.6025390625,2.6162109375,-1641,2679,1.0068359375,PD,N,-0.317894705995272,0.5189761836449321,0.006071620728978933
192,2192,648,V_p192_SHS,-0.587890625,-3.0234375,-602,-3096,1.0,SH,S,-0.11644985895822689,-0.598884988928024,0.00607199062030353
193,2193,649,V_p193_SDN,2.486328125,1.83984375,2546,1884,2.6630859375,SD,N,0.4917221921965795,0.363866696817893,0.006072711529413244
194,2194,650,V_p194_PDW,-3.0888671875,0.32421875,-3163,332,1.0,PD,W,-0.6099406355531624,0.0640215905797186,0.006077998162289322
195,2195,651,V_p195_HAS,2.0673828125,-2.3349609375,2117,-2391,1.0,HA,S,0.4075996516574595,-0.46035463727585524,0.0060758966441096796
196,2196,652,V_p196_SDN,0.052734375,3.130859375,54,3206,2.091796875,SD,N,0.010381051732816024,0.6163268862112624,0.0060764993866892405
197,2197,653,V_p197_SHW,-2.1630859375,-2.2822265625,-2215,-2337,1.0,SH,W,-0.4251368276850075,-0.44855294189610045,0.006080890877934397
198,2198,654,V_p198_SDE,3.1494140625,0.22265625,3225,228,2.18603515625,SD,E,0.6180267796371017,0.043693056048762544,0.006081960787728685
199,2199,655,V_p199_PDW,-2.482421875,1.970703125,-2542,2018,1.0,PD,W,-0.4864120530857765,0.38614458030176907,0.00607562388349181
200,2200,656,V_p200_HAS,0.5009765625,-3.1435546875,513,-3219,1.0,HA,S,0.09799941704058202,-0.6149320145295,0.0060803519255343
201,2201,657,V_p201_SDN,1.7607421875,2.6669921875,1803,2731,2.7138671875,SD,N,0.3439037457762903,0.5209102216944254,0.006084965712816248
202,2202,658,V_p202_SHW,-3.1123046875,-0.7802734375,-3187,-799,1.0,SH,W,-0.6069365804547109,-0.15216263814976907,0.0060814489405298655
203,2203,659,V_p203_HAE,2.833984375,-1.533203125,2902,-1570,1.150390625,HA,E,0.5517497156232547,-0.2985000184453859,0.006077648567763383
204,2204,660,V_p204_PDN,-1.05859375,3.0576171875,-1084,3131,1.49951171875,PD,N,-0.2057573124923227,0.594304562189541,0.006078015381648205
205,2205,661,V_p205_SHS,-1.2900390625,-2.9814453125,-1321,-3053,1.0,SH,S,-0.25034809393998836,-0.5785864729740987,0.006082513941483347
206,2206,662,V_p206_SDE,2.9765625,1.33203125,3048,1364,2.654296875,SD,E,0.5767597173968579,0.25810375804767527,0.0060825384482380285
207,2207,663,V_p207_PDW,-3.107421875,1.033203125,-3182,1058,1.0,PD,W,-0.6011085491877983,0.1998657589694188,0.006084426321434855
208,2208,664,V_p208_HAS,1.599609375,-2.8720703125,1638,-2941,1.0,HA,S,0.3089480620768813,-0.5547107756826056,0.006088487784863816
209,2209,665,V_p209_SDN,0.763671875,3.2119140625,782,3289,2.48779296875,SD,N,0.14724277472650085,0.619285787820283,0.006081422504665257
210,2210,666,V_p210_SHW,-2.7431640625,-1.8603515625,-2809,-1905,1.0,SH,W,-0.5280604909453449,-0.35811863127478893,0.006086005968778729
211,2211,667,V_p211_HAE,3.2919921875,-0.4833984375,3371,-495,1.904296875,HA,E,0.632714162917969,-0.09290819063909661,0.0060852209493781895
212,2212,668,V_p212_PDW,-2.109375,2.5908203125,-2160,2653,1.0,PD,W,-0.4047384077175597,0.4971162017012435,0.006087428997847422
213,2213,669,V_p213_SHS,-0.1953125,-3.3486328125,-200,-3429,1.0,SH,S,-0.03741406730272928,-0.6414641839052936,0.006082882109887375
214,2214,670,V_p214_SDN,2.416015625,2.3466796875,2474,2403,2.88134765625,SD,N,0.46202813410568677,0.4487686363201153,0.006091524740986842
215,2215,671,V_p215_SHW,-3.3798828125,-0.0986328125,-3461,-101,1.0,SH,W,-0.6453009868354529,-0.01883137811915075,0.006085413174580133
216,2216,672,V_p216_HAS,2.5693359375,-2.21875,2631,-2272,1.0,HA,S,0.4897364677823522,-0.42291191744640977,0.006089775974182365
217,2217,673,V_p217_PDN,-0.3974609375,3.384765625,-407,3466,1.99365234375,PD,N,-0.0756353755736324,0.6441086283494101,0.006083520697263367
218,2218,674,V_p218_SHW,-2.0009765625,-2.775390625,-2049,-2842,1.0,SH,W,-0.38014527608811466,-0.5272683624413967,0.006086250916678915
219,2219,675,V_p219_SDE,3.36328125,0.697265625,3444,714,2.5302734375,SD,E,0.6379074287934853,0.1322491010913323,0.006086549017541354
220,2220,676,V_p220_PDW,-2.962890625,1.7646484375,-3034,1807,1.0,PD,W,-0.5610096133039676,0.3341280063415522,0.0060865828576419645
221,2221,677,V_p221_HAS,0.99609375,-3.31640625,1020,-3396,1.0,HA,S,0.18827511555441062,-0.6268453847282142,0.006090432008130642
222,2222,678,V_p222_SDN,1.5107421875,3.130859375,1547,3206,2.82080078125,SD,N,0.28507298458833347,0.5907847372916594,0.006091750872883828
223,2223,679,V_p223_SHW,-3.2412109375,-1.29296875,-3319,-1324,1.0,SH,W,-0.610602040225645,-0.24357851800504793,0.006091772033318399
224,2224,680,V_p224_HAE,3.2763671875,-1.2412109375,3355,-1271,1.517578125,HA,E,0.6161547892068043,-0.2334225743910129,0.006088774255263829
225,2225,681,V_p225_PDN,-1.5830078125,3.140625,-1621,3216,1.27880859375,PD,N,-0.29720607571063995,0.5896451199786663,0.006085568620436299
226,2226,682,V_p226_SHS,-0.9580078125,-3.3984375,-981,-3480,1.0,SH,S,-0.1795547948091896,-0.6369527889255655,0.006086076909271487
227,2227,683,V_p227_SDE,3.013671875,1.8662109375,3086,1911,2.93994140625,SD,E,0.5638702011941911,0.34917561713613066,0.006086177685808991
228,2228,684,V_p228_PDW,-3.4970703125,0.662109375,-3581,678,1.0,PD,W,-0.6531403321223301,0.12366074984053052,0.006087538031267464
229,2229,685,V_p229_HAS,2.1396484375,-2.861328125,2191,-2930,1.0,HA,S,0.39894039356374295,-0.5334985637342614,0.006093506285634764
230,2230,686,V_p230_SDN,0.3564453125,3.5693359375,365,3655,2.462890625,SD,N,0.0663422940263809,0.6643317388121155,0.006092966391420901
231,2231,687,V_p231_SHW,-2.6845703125,-2.400390625,-2749,-2458,1.0,SH,W,-0.49878063478596196,-0.4459813751560184,0.00608817987431387
232,2232,688,V_p232_HAE,3.615234375,-0.0439453125,3702,-45,2.28564453125,HA,E,0.6705020614005752,-0.008150349206652049,0.006091855154903321
233,2233,689,V_p233_PDW,-2.646484375,2.4833984375,-2710,2543,1.0,PD,W,-0.4899960496600453,0.4598007211385591,0.0060940662136166335
234,2234,690,V_p234_HAS,0.2744140625,-3.6328125,281,-3720,1.0,HA,S,0.05071956189194314,-0.6714475809182509,0.00609159051293115
235,2235,691,V_p235_SDN,2.2607421875,2.8759765625,2315,2945,3.068359375,SD,N,0.4170699594984633,0.5305706396211552,0.006094969707993503
236,2236,692,V_p236_SHW,-3.623046875,-0.595703125,-3710,-610,1.0,SH,W,-0.6672681728677105,-0.1097125567248796,0.006096244547938473
237,2237,693,V_p237_HAE,3.0859375,-2.015625,3160,-2064,1.03515625,HA,E,0.5673431323906877,-0.3705684257134112,0.006093720139728087
238,2238,694,V_p238_PDN,-0.91796875,3.5849609375,-940,3671,1.83349609375,PD,N,-0.16845700409058437,0.657878363847378,0.006091512423555101
239,2239,695,V_p239_SHS,-1.751953125,-3.2763671875,-1794,-3355,1.0,SH,S,-0.32091186553911183,-0.6001445422986177,0.006093046854861672
240,2240,696,V_p240_SDE,3.5185546875,1.2373046875,3603,1267,2.8779296875,SD,E,0.6433506591547616,0.22623516101834112,0.00609413950494786
241,2241,697,V_p241_PDW,-3.443359375,1.470703125,-3526,1506,1.0,PD,W,-0.628462312511567,0.26842434561611456,0.0060930552045854736
242,2242,698,V_p242_HAS,1.5517578125,-3.423828125,1589,-3506,1.0,HA,S,0.28269648024000416,-0.6237469224175296,0.006093266087953242
243,2243,699,V_p243_SDN,1.1728515625,3.5869140625,1201,3673,2.8798828125,SD,N,0.2132755877467619,0.6522574802613292,0.006087139843650113
244,2244,700,V_p244_SHW,-3.2998046875,-1.859375,-3379,-1904,1.0,SH,W,-0.5990148733954005,-0.3375330923186868,0.006092897909931949
245,2245,701,V_p245_HAE,3.7041015625,-0.861328125,3793,-882,1.92138671875,HA,E,0.6711226014144255,-0.156058564315192,0.006096077120827825
246,2246,702,V_p246_PDW,-2.158203125,3.1494140625,-2210,3225,1.0,PD,W,-0.390298936935349,0.5695538785595025,0.006093253169407342
247,2247,703,V_p247_SHS,-0.5380859375,-3.7939453125,-551,-3885,1.0,SH,S,-0.09714015377767109,-0.684917418196465,0.006097539032811183
248,2248,704,V_p248_SDN,2.9716796875,2.443359375,3043,2502,3.20751953125,SD,N,0.5354518170588204,0.4402564726523722,0.006095000469764078
249,2249,705,V_p249_PDW,-3.8564453125,0.2060546875,-3949,211,1.0,PD,W,-0.693593728732652,0.03705957882061017,0.006093344850379365
250,2250,706,V_p250_HAS,2.71484375,-2.767578125,2780,-2834,1.0,HA,S,0.4873656252298058,-0.4968324395328308,0.006096637425177187
251,2251,707,V_p251_PDN,-0.1328125,3.8896484375,-136,3983,2.37841796875,PD,N,-0.023797471288626817,0.6969509422250045,0.0060978717338503186
252,2252,708,V_p252_SHW,-2.5390625,-2.9697265625,-2600,-3041,1.0,SH,W,-0.4540842474945817,-0.5311039217811627,0.006094822572381586
253,2253,709,V_p253_SDE,3.8935546875,0.4765625,3987,488,2.68505859375,SD,E,0.6949798389382426,0.08506399834508711,0.006098220724322895
254,2254,710,V_p254_PDW,-3.205078125,2.2880859375,-3282,2343,1.0,PD,W,-0.570990845688307,0.4076269200023471,0.0060950833349705524
255,2255,711,V_p255_HAS,0.8212890625,-3.8671875,841,-3960,1.0,HA,S,0.14603226204935232,-0.6876192125034901,0.0060941557774040755
256,2256,712,V_p256_SDN,2.0146484375,3.4189453125,2063,3501,3.216796875,SD,N,0.35755356878137634,0.6067838314607845,0.006100418809534158
257,2257,713,V_p257_SHW,-3.8095703125,-1.1650390625,-3901,-1193,1.0,SH,W,-0.6748138608539594,-0.20637091412426908,0.006100796745473258
258,2258,714,V_p258_HAE,3.609375,-1.720703125,3696,-1762,1.4443359375,HA,E,0.6381689920415675,-0.30423532575141826,0.006096257990786613
259,2259,715,V_p259_PDN,-1.5048828125,3.7216796875,-1541,3811,1.6083984375,PD,N,-0.26554911079168425,0.6567213895049375,0.0060936035063953176
260,2260,716,V_p260_SHS,-1.4091796875,-3.775390625,-1443,-3866,1.0,SH,S,-0.2481836438812888,-0.6649188962197246,0.0060951293309721155
261,2261,717,V_p261_SDE,3.603515625,1.8388671875,3690,1883,3.22119140625,SD,E,0.6333981830707951,0.32322189125265777,0.006094514914017357
262,2262,718,V_p262_PDW,-3.9140625,1.08203125,-4008,1108,1.0,PD,W,-0.6866704787471162,0.1898280664799912,0.006097670727665039
263,2263,719,V_p263_HAS,2.1630859375,-3.4560546875,2215,-3539,1.0,HA,S,0.37871292736331286,-0.6050858013267558,0.006101768205345248
264,2264,720,V_p264_SDN,0.7421875,4.025390625,760,4122,2.8837890625,SD,N,0.1296813151449754,0.7033505013520904,0.006096238284666378
265,2265,721,V_p265_SHW,-3.2783203125,-2.4765625,-3357,-2536,1.0,SH,W,-0.5717162734160339,-0.43189528429641405,0.006095318324311871
266,2266,722,V_p266_HAE,4.1064453125,-0.3896484375,4205,-399,2.3583984375,HA,E,0.7146810072840181,-0.06781396478152751,0.006095611621398156
267,2267,723,V_p267_PDW,-2.775390625,3.0732421875,-2842,3147,1.0,PD,W,-0.4820565656414202,0.5337902927774628,0.0061021653426936995
268,2268,724,V_p268_SHS,-0.0302734375,-4.1572265625,-31,-4257,1.0,SH,S,-0.005247441120003247,-0.7205921563823814,0.006093897954330121
269,2269,725,V_p269_SDN,2.8408203125,3.056640625,2909,3130,3.44873046875,SD,N,0.49145527611911904,0.5287916858895987,0.006097209917717117
270,2270,726,V_p270_SHW,-4.17578125,-0.3359375,-4276,-344,1.0,SH,W,-0.7209272771570743,-0.05799789133349709,0.006097316334319591
271,2271,727,V_p271_HAS,3.3193359375,-2.5830078125,3399,-2645,1.0,HA,S,0.57187513686311,-0.4450161038549355,0.006100091677609054
272,2272,728,V_p272_PDN,-0.705078125,4.162109375,-722,4262,2.228515625,PD,N,-0.12124074037906393,0.7156897998553607,0.006097042956380527
273,2273,729,V_p273_SHS,-2.30078125,-3.5595703125,-2356,-3645,1.0,SH,S,-0.39478900522159294,-0.6107834991649856,0.006099977692619385
274,2274,730,V_p274_SDE,4.1162109375,1.0751953125,4215,1101,3.095703125,SD,E,0.7048963938967465,0.18412596196448824,0.006101644720077126
275,2275,731,V_p275_PDW,-3.7763671875,1.99609375,-3867,2044,1.0,PD,W,-0.6453175526394611,0.3410988046534933,0.006097510860477273
276,2276,732,V_p276_HAS,1.4423828125,-4.0380859375,1477,-4135,1.0,HA,S,0.2459721181659919,-0.6886220098959895,0.00609875988332631
277,2277,733,V_p277_SDN,1.6708984375,3.966796875,1711,4062,3.31884765625,SD,N,0.2843598305037411,0.6750845303952052,0.0060968837076917914
278,2278,734,V_p278_SHW,-3.9267578125,-1.8037109375,-4021,-1847,1.0,SH,W,-0.6668676633144813,-0.3063179741710637,0.0061023838281072385
279,2279,735,V_p279_HAE,4.1298828125,-1.328125,4229,-1360,1.90087890625,HA,E,0.6998811433926758,-0.22507409671649067,0.006099312777607668
280,2280,736,V_p280_PDN,-2.15625,3.783203125,-2208,3874,1.3134765625,PD,N,-0.3646705819213977,0.6398251061428871,0.0061023482914677185
281,2281,737,V_p281_SHS,-0.9697265625,-4.263671875,-993,-4366,1.0,SH,S,-0.16363513818705258,-0.7194672843148757,0.006103911498598125
282,2282,738,V_p282_SDE,3.6083984375,2.498046875,3695,2558,3.55322265625,SD,E,0.6076710464560798,0.42068268926512914,0.006101118242494041
283,2283,739,V_p283_PDW,-4.365234375,0.59765625,-4470,612,1.0,PD,W,-0.7335496135064816,0.10043229607739748,0.006101589545924824
284,2284,740,V_p284_HAS,2.826171875,-3.4033203125,2894,-3485,1.0,HA,S,0.4738682759557143,-0.5706395790275274,0.006102496094533616
285,2285,741,V_p285_SDN,0.2158203125,4.435546875,221,4542,2.82568359375,SD,N,0.03611042611243514,0.7421427846275132,0.006100055336812571
286,2286,742,V_p286_SHW,-3.1669921875,-3.1376953125,-3243,-3213,1.0,SH,W,-0.5287510104626378,-0.5238596967673312,0.0061009604507472615
287,2287,743,V_p287_SDE,4.47265625,0.1748046875,4580,179,2.82373046875,SD,E,0.7450784270308686,0.02911987738832434,0.006100243765549865
288,2288,744,V_p288_PDW,-3.4296875,2.9033203125,-3512,2973,1.0,PD,W,-0.5700961496730509,0.482601324879835,0.006097385891249307
289,2289,745,V_p289_HAS,0.5693359375,-4.474609375,583,-4582,1.0,HA,S,0.09443623389663797,-0.7422072447931307,0.006104584006504543
290,2290,746,V_p290_SDN,2.61328125,3.69921875,2676,3788,3.65625,SD,N,0.43247366688396666,0.612186192136198,0.006100486675831407
291,2291,747,V_p291_SHW,-4.4423828125,-0.9658203125,-4549,-989,1.0,SH,W,-0.7336262999173638,-0.15949800189454227,0.006100765400004815
292,2292,748,V_p292_HAE,3.9443359375,-2.2978515625,4039,-2353,1.3232421875,HA,E,0.6498698941086559,-0.3785946672041761,0.006104747141014832
293,2293,749,V_p293_PDN,-1.361328125,4.3759765625,-1394,4481,2.00732421875,PD,N,-0.22379375202262466,0.7193829288474757,0.0060998565341994215
294,2294,750,V_p294_SHS,-1.9599609375,-4.162109375,-2007,-4262,1.0,SH,S,-0.3215012580350194,-0.6827296271775051,0.0061004098564356735
295,2295,751,V_p295_SDE,4.2734375,1.7529296875,4376,1795,3.51318359375,SD,E,0.6993894890770991,0.2868839426173201,0.006099759503235158
296,2296,752,V_p296_PDW,-4.3525390625,1.6005859375,-4457,1639,1.0,PD,W,-0.7107053295599226,0.2613520383999805,0.00610578537947859
297,2297,753,V_p297_HAS,2.13671875,-4.1376953125,2188,-4237,1.0,HA,S,0.3480621698887021,-0.6740125291674729,0.006095712248414098
298,2298,754,V_p298_SDN,1.2236328125,4.5107421875,1253,4619,3.3671875,SD,N,0.1989079687315995,0.7332449382053137,0.006093726121659482
299,2299,755,V_p299_SHW,-3.96484375,-2.509765625,-4060,-2570,1.0,SH,W,-0.6430226180211942,-0.4070364848065195,0.006101655392709571
300,2300,756,V_p300_HAE,4.6376953125,-0.8310546875,4749,-851,2.4033203125,HA,E,0.7503725817005739,-0.13446348010679898,0.006099396831271753
301,2301,757,V_p301_PDW,-2.869140625,3.7607421875,-2938,3851,1.0,PD,W,-0.46315546549307307,0.6070836275064072,0.006101202182756671
302,2302,758,V_p302_SHS,-0.42578125,-4.7294921875,-436,-4843,1.0,SH,S,-0.06857689223890868,-0.7617382777821898,0.006096237173893709
303,2303,759,V_p303_SDN,3.5234375,3.212890625,3608,3290,3.8681640625,SD,N,0.566111558528635,0.5162159167292708,0.006098513738446609
304,2304,760,V_p304_PDW,-4.787109375,0.0107421875,-4902,11,1.0,PD,W,-0.7673725978095527,0.0017219703337219665,0.006095472424071154
305,2305,761,V_p305_HAS,3.5361328125,-3.2548828125,3621,-3333,1.0,HA,S,0.5655207369359678,-0.5205414571133887,0.00609659434854759
306,2306,762,V_p306_PDN,-0.4111328125,4.8076171875,-421,4923,2.6982421875,PD,N,-0.06559702825132466,0.7670645370101455,0.006093714468880157
307,2307,763,V_p307_SHW,-2.95703125,-3.837890625,-3028,-3930,1.0,SH,W,-0.47065582273456685,-0.6108577884236617,0.006088831902486325
308,2308,764,V_p308_SDE,4.7919921875,0.8359375,4907,856,3.31396484375,SD,E,0.7609023095326577,0.13273535295699102,0.006096516688434361
309,2309,765,V_p309_PDW,-4.1142578125,2.630859375,-4213,2694,1.0,PD,W,-0.6517563995988606,0.4167651888249063,0.006092874442951257
310,2310,766,V_p310_HAS,1.26171875,-4.73828125,1292,-4852,1.0,HA,S,0.19938750250092693,-0.7487834072248432,0.0060902839774056305
311,2311,767,V_p311_SDN,2.279296875,4.3642578125,2334,4469,3.82177734375,SD,N,0.35930349177890253,0.6879722813881386,0.006094007540603186
312,2312,768,V_p312_SHW,-4.6474609375,-1.6845703125,-4759,-1725,1.0,SH,W,-0.7308496690299428,-0.2649118888583003,0.0060940058120515506
313,2313,769,V_p313_HAE,4.5830078125,-1.904296875,4693,-1950,1.83935546875,HA,E,0.7189944608759898,-0.29875116102880467,0.006093567375028086
314,2314,770,V_p314_PDN,-2.1015625,4.5185546875,-2152,4627,1.70849609375,PD,N,-0.32887576585547984,0.7071134612515358,0.006093512192013595
315,2315,771,V_p315_SHS,-1.5087890625,-4.7705078125,-1545,-4885,1.0,SH,S,-0.23553507984072666,-0.744717711988317,0.006089033733512883
316,2316,772,V_p316_SDE,4.3525390625,2.5087890625,4457,2569,3.9306640625,SD,E,0.6777829217734992,0.3906718254512272,0.006085145447803253
317,2317,773,V_p317_PDW,-4.9248046875,1.0947265625,-5043,1121,1.0,PD,W,-0.7649192650693056,0.17003261870765252,0.006087144134117262
318,2318,774,V_p318_HAS,2.9033203125,-4.150390625,2973,-4250,1.0,HA,S,0.4498433708981596,-0.6430657000730503,0.006083807089671378
319,2319,775,V_p319_SDN,0.6650390625,5.0419921875,681,5163,3.353515625,SD,N,0.10278434924952858,0.7792593174380558,0.0060844981690896804
320,2320,776,V_p320_SHW,-3.912109375,-3.2822265625,-4006,-3361,1.0,SH,W,-0.6030946158556293,-0.5059912640765777,0.00608540025195814
321,2321,777,V_p321_HAE,5.123046875,-0.2236328125,5246,-229,2.94970703125,HA,E,0.7877358797242328,-0.034386488077935436,0.006080677582957633
322,2322,778,V_p322_PDW,-3.6416015625,3.640625,-3729,3728,1.0,PD,W,-0.5584949223755533,0.5583451516803601,0.00608267206677926
323,2323,779,V_p323_HAS,0.2265625,-5.1650390625,232,-5289,1.0,HA,S,0.034659865389194085,-0.790155293290722,0.006082679214204523
324,2324,780,V_p324_SDN,3.3359375,3.978515625,3416,4074,4.1572265625,SD,N,0.5089798647213254,0.6070210681717446,0.006079259593228525
325,2325,781,V_p325_SHW,-5.16796875,-0.68359375,-5292,-700,1.0,SH,W,-0.7865071820004255,-0.10403534153444782,0.006078272243690064
326,2326,782,V_p326_HAE,4.2900390625,-3.0,4393,-3072,1.14501953125,HA,E,0.6511697123764083,-0.4553592889643356,0.006076287722325713
327,2327,783,V_p327_PDN,-1.1416015625,5.130859375,-1169,5254,2.49462890625,PD,N,-0.17283315750930903,0.7767882032112143,0.006077519020381006
328,2328,784,V_p328_SHS,-2.634765625,-4.57421875,-2698,-4684,1.0,SH,S,-0.3978145008709771,-0.6906460793475376,0.006075301826504509
329,2329,785,V_p329_SDE,5.0537109375,1.599609375,5175,1638,3.82666015625,SD,E,0.7610221290942725,0.2408800478176654,0.006072675281080575
330,2330,786,V_p330_PDW,-4.8271484375,2.244140625,-4943,2298,1.0,PD,W,-0.7249447518061164,0.3370267124520444,0.006075219406255661
331,2331,787,V_p331_HAS,2.052734375,-4.935546875,2102,-5054,1.0,HA,S,0.30746462753729414,-0.7392608123565578,0.0060697922176153885
332,2332,788,V_p332_SDN,1.828125,5.046875,1872,5168,3.9375,SD,N,0.2730888290027648,0.7539118954520772,0.006071721779240646
333,2333,789,V_p333_SHW,-4.77734375,-2.4970703125,-4892,-2557,1.0,SH,W,-0.7117029018967501,-0.3720000654435793,0.006067606370992129
334,2334,790,V_p334_HAE,5.2314453125,-1.3916015625,5357,-1425,2.419921875,HA,E,0.7772319760238124,-0.20674921893483902,0.0060682243785546985
335,2335,791,V_p335_PDN,-2.9296875,4.580078125,-3000,4690,1.3251953125,PD,N,-0.4340388070106567,0.6785473349599933,0.006066801345251949
336,2336,792,V_p336_SHS,-0.9375,-5.37890625,-960,-5508,1.0,SH,S,-0.13851086356582787,-0.7947060797089374,0.00606492376954898
337,2337,793,V_p337_SDN,4.3427734375,3.34765625,4447,3428,4.34521484375,SD,N,0.6398447959724217,0.4932286846398609,0.006067897740817396
338,2338,794,V_p338_PDW,-5.486328125,0.466796875,-5618,478,1.0,PD,W,-0.8061359813481885,0.06858899948103135,0.006065694134399835
339,2339,795,V_p339_HAS,3.74609375,-4.068359375,3836,-4166,1.0,HA,S,0.5488538069367199,-0.5960701146241854,0.006061220968987757
340,2340,796,V_p340_PDN,-0.0146484375,5.5537109375,-15,5687,3.26953125,PD,N,-0.002140250899501683,0.8114404576977381,0.00606455825627724
341,2341,797,V_p341_SHW,-3.7568359375,-4.123046875,-3847,-4222,1.0,SH,W,-0.5473313453248898,-0.6006844138189978,0.006055763714198026
342,2342,798,V_p342_SDE,5.5791015625,0.50390625,5713,516,3.54150390625,SD,E,0.8105230756658908,0.07320670524130923,0.006056107462144827
343,2343,799,V_p343_PDW,-4.4736328125,3.412109375,-4581,3494,1.0,PD,W,-0.6480404040865793,0.4942705024838481,0.006052346298534905
344,2344,800,V_p344_HAS,0.9990234375,-5.5615234375,1023,-5695,1.0,HA,S,0.1443039925556444,-0.8033345431128006,0.006057428884335525
345,2345,801,V_p345_SDN,3.0341796875,4.796875,3107,4912,4.41552734375,SD,N,0.4369628886549082,0.6908148403839424,0.006053200924984514
346,2346,802,V_p346_SHW,-5.5009765625,-1.494140625,-5633,-1530,1.0,SH,W,-0.7899495858391687,-0.2145611337358296,0.006052539380932975
347,2347,803,V_p347_HAE,5.087890625,-2.6259765625,5210,-2689,1.73095703125,HA,E,0.7284609179604682,-0.37597531831011494,0.0060537323958759215
348,2348,804,V_p348_PDN,-1.986328125,5.396484375,-2034,5526,2.205078125,PD,N,-0.2835657903373332,0.7703955542793035,0.006052133122221526
349,2349,805,V_p349_SHS,-2.1904296875,-5.3447265625,-2243,-5473,1.0,SH,S,-0.31176242761788137,-0.7607114428678845,0.006051203513134595
350,2350,806,V_p350_SDE,5.248046875,2.47265625,5374,2532,4.3603515625,SD,E,0.7447520892897549,0.3508954763828916,0.006048978828942286
351,2351,807,V_p351_PDW,-5.564453125,1.7294921875,-5698,1771,1.0,PD,W,-0.7872925258890586,0.24469902831686957,0.006042917389125713
352,2352,808,V_p352_HAS,2.9482421875,-5.056640625,3019,-5178,1.0,HA,S,0.41585733786139106,-0.7132524993197359,0.0060464270602921255
353,2353,809,V_p353_SDN,1.248046875,5.7451171875,1278,5883,3.99658203125,SD,N,0.175513375234433,0.8079383305979416,0.006050105350074664
354,2354,810,V_p354_SHW,-4.822265625,-3.4091796875,-4938,-3491,1.0,SH,W,-0.6760696504971533,-0.47795851557018265,0.00604944155180287
355,2355,811,V_p355_HAE,5.884765625,-0.7470703125,6026,-765,3.06884765625,HA,E,0.8225127285135012,-0.10441789533900239,0.006045212319644777
356,2356,812,V_p356_PDW,-3.8525390625,4.546875,-3945,4656,1.0,PD,W,-0.5367541832096788,0.6334923896132483,0.006045483074628377
357,2357,813,V_p357_SHS,-0.232421875,-5.9814453125,-238,-6125,1.0,SH,S,-0.03228339801421559,-0.8308227430129013,0.006046338347922758
358,2358,814,V_p358_SDN,4.23046875,4.2734375,4332,4376,4.751953125,SD,N,0.5857648475493424,0.5917144443388556,0.006043555842163872
359,2359,815,V_p359_SHW,-6.0341796875,-0.294921875,-6179,-302,1.0,SH,W,-0.8328093728610586,-0.040703743421919354,0.006049760743153498
360,2360,816,V_p360_HAS,4.6689453125,-3.8759765625,4781,-3969,1.0,HA,S,0.6424071424623923,-0.5333013905946946,0.00604583751903065
361,2361,817,V_p361_PDN,-0.828125,6.0400390625,-848,6185,3.10595703125,PD,N,-0.1135720051925576,0.8283524199480764,0.00604625290768962
362,2362,818,V_p362_SHS,-3.4853515625,-5.0361328125,-3569,-5157,1.0,SH,S,-0.47646155193943396,-0.6884595750494987,0.006047213500846471
363,2363,819,V_p363_SDE,5.9990234375,1.3662109375,6143,1399,4.1826171875,SD,E,0.8174633513324582,0.18616819607913218,0.006046853802407659
364,2364,820,V_p364_PDW,-5.37109375,3.0595703125,-5500,3133,1.0,PD,W,-0.729498758471626,0.41554902005301897,0.006047585445676296
365,2365,821,V_p365_HAS,1.90234375,-5.912109375,1948,-6054,1.0,HA,S,0.25751602713315525,-0.8003090494169004,0.0060492826791738175
366,2366,822,V_p366_SDN,2.6025390625,5.6708984375,2665,5807,4.63671875,SD,N,0.3511424786570246,0.7651348493663572,0.006047022294854654
367,2367,823,V_p367_SHW,-5.7763671875,-2.435546875,-5915,-2494,1.0,SH,W,-0.7767815054187913,-0.32752207515037457,0.006048072072449617
368,2368,824,V_p368_HAE,5.9326171875,-2.1162109375,6075,-2167,2.408203125,HA,E,0.7950948873002645,-0.2836165630913042,0.006046341239296038
369,2369,825,V_p369_PDN,-2.958984375,5.5947265625,-3030,5729,1.81787109375,PD,N,-0.39521140976142377,0.7472495599086458,0.006044585566157168
370,2370,826,V_p370_SHS,-1.6044921875,-6.15234375,-1643,-6300,1.0,SH,S,-0.21359890314803118,-0.8190341386686527,0.006046484760907411
371,2371,827,V_p371_SDE,5.365234375,3.46875,5494,3552,4.9169921875,SD,E,0.7117801222930775,0.4601825617737552,0.006048827209646723
372,2372,828,V_p372_PDW,-6.330078125,1.0712890625,-6482,1097,1.0,PD,W,-0.8368438786966527,0.14162569190531132,0.006049518820141819
373,2373,829,V_p373_HAS,3.962890625,-5.08984375,4058,-5212,1.0,HA,S,0.5221067835089955,-0.6705817042013023,0.006046781923126465
374,2374,830,V_p374_SDN,0.5185546875,6.4609375,531,6616,3.98974609375,SD,N,0.0680821642848537,0.8482704310896273,0.0060488285766746586
375,2375,831,V_p375_SHW,-4.76953125,-4.435546875,-4884,-4542,1.0,SH,W,-0.62400147112469,-0.5803060364144844,0.006049071675710671
376,2376,832,V_p376_SDE,6.544921875,0.048828125,6702,50,3.796875,SD,E,0.8532456627898559,0.0063656047656658905,0.006046886517465028
377,2377,833,V_p377_PDW,-4.8828125,4.40625,-5000,4512,1.0,PD,W,-0.6343085930711413,0.5724000743873979,0.006046112177277019
378,2378,834,V_p378_HAS,0.626953125,-6.580078125,642,-6738,1.0,HA,S,0.08114886857702919,-0.8516839197383531,0.006052636676915635
379,2379,835,V_p379_SDN,4.001953125,5.3017578125,4098,5429,5.15185546875,SD,N,0.5161157451454215,0.6837463104915795,0.0060481061192556584
380,2380,836,V_p380_SHW,-6.564453125,-1.2119140625,-6722,-1241,1.0,SH,W,-0.8435344415909598,-0.15573136596465056,0.006048099995183132
381,2381,837,V_p381_HAE,5.6875,-3.55859375,5824,-3644,1.564453125,HA,E,0.7281426389104633,-0.45558924728532424,0.006049857272877102
382,2382,838,V_p382_PDN,-1.798828125,6.498046875,-1842,6654,2.849609375,PD,N,-0.22945207674532198,0.8288675997086713,0.006050417528062235
383,2383,839,V_p383_SHS,-3.078125,-6.037109375,-3152,-6182,1.0,SH,S,-0.39116984398828114,-0.7671992308171174,0.006047729048401229
384,2384,840,V_p384_SDE,6.3798828125,2.3837890625,6533,2441,4.8818359375,SD,E,0.8077396022197818,0.3018050465358162,0.006050761748920386
385,2385,841,V_p385_PDW,-6.3466796875,2.5634765625,-6499,2625,1.0,PD,W,-0.8005489189064676,0.32334834776572974,0.0060519085353905044
386,2386,842,V_p386_HAS,2.962890625,-6.2099609375,3034,-6359,1.0,HA,S,0.3722790380127925,-0.7802644702450058,0.006052096536253715
387,2387,843,V_p387_SDN,2.0205078125,6.6142578125,2069,6773,4.8173828125,SD,N,0.25289788199150864,0.8278769235033776,0.006050414110468916
388,2388,844,V_p388_SHW,-5.98828125,-3.5302734375,-6132,-3615,1.0,SH,W,-0.7466572082971212,-0.4401770724060817,0.006053999493646489
389,2389,845,V_p389_HAE,6.8359375,-1.44921875,7000,-1484,3.193359375,HA,E,0.849002846788664,-0.17998860351919677,0.006054434702297773
390,2390,846,V_p390_PDN,-4.0830078125,5.7158203125,-4181,5853,1.31640625,PD,N,-0.5051094332174657,0.7071048822343523,0.006054226577471455
391,2391,847,V_p391_SHS,-0.85546875,-7.009765625,-876,-7178,1.0,SH,S,-0.10540587026122297,-0.8637024391952722,0.006052154752928418
392,2392,848,V_p392_SDN,5.3935546875,4.615234375,5523,4726,5.50439453125,SD,N,0.6619437235218012,0.5664215168140562,0.006053679301122772
393,2393,849,V_p393_PDW,-7.1328125,0.2421875,-7304,248,1.0,PD,W,-0.8718303908519415,0.029602127181172163,0.006053623347328868
394,2394,850,V_p394_HAS,5.123046875,-5.0224609375,5246,-5143,1.0,HA,S,0.6236926802511044,-0.6114470938870434,0.006055595730847241
395,2395,851,V_p395_PDN,-0.38671875,7.203125,-396,7376,3.908203125,PD,N,-0.04688462377656253,0.8732853155957708,0.006053313247838837
396,2396,852,V_p396_SHW,-4.6044921875,-5.6025390625,-4715,-5737,1.0,SH,W,-0.5559708179206572,-0.6764802931942333,0.00605227781613249
397,2397,853,V_p397_SDE,7.21875,1.0263671875,7392,1051,4.62255859375,SD,E,0.8680058208431878,0.12341370639964697,0.006057745190613917
398,2398,854,V_p398_PDW,-6.048828125,4.142578125,-6194,4242,1.0,PD,W,-0.7242714979331618,0.49602190736720575,0.006057888241918885
399,2399,855,V_p399_HAS,1.671875,-7.1806640625,1712,-7353,1.0,HA,S,0.1993195193299205,-0.8560726785238935,0.006054605011580505
400,2400,856,V_p400_SDN,3.6376953125,6.458984375,3725,6614,5.54833984375,SD,N,0.43186312441004054,0.7668034106974518,0.006055448156548904
401,2401,857,V_p401_SHW,-7.083984375,-2.318359375,-7254,-2374,1.0,SH,W,-0.8374321620877484,-0.2740645096217693,0.006059525889577477
402,2402,858,V_p402_HAE,6.828125,-3.0927734375,6992,-3167,2.36767578125,HA,E,0.8036507200445754,-0.3640105592650415,0.006058853299988787
403,2403,859,V_p403_PDN,-2.9619140625,6.931640625,-3033,7098,2.48486328125,PD,N,-0.3470926336800205,0.8122860250117988,0.006058686955039083
404,2404,860,V_p404_SHS,-2.5126953125,-7.15234375,-2573,-7324,1.0,SH,S,-0.29314724561317534,-0.8344385646602783,0.006061528088407986
405,2405,861,V_p405_SDE,6.7216796875,3.5966796875,6883,3683,5.6591796875,SD,E,0.7807619764634863,0.4177751502709604,0.006056751206938049
406,2406,862,V_p406_PDW,-7.4287109375,1.8994140625,-7607,1945,1.0,PD,W,-0.8589768772899323,0.21962797769540138,0.00605741513413427
407,2407,863,V_p407_HAS,4.2197265625,-6.4560546875,4321,-6611,1.0,HA,S,0.4856786254323122,-0.7430736849648267,0.006058044197310819
408,2408,864,V_p408_SDN,1.2568359375,7.654296875,1287,7838,4.95556640625,SD,N,0.14400998567705525,0.8770398350712969,0.0060605509963082005
409,2409,865,V_p409_SHW,-6.1328125,-4.8232421875,-6280,-4939,1.0,SH,W,-0.6994665801705194,-0.5501059616978019,0.006060447131407409
410,2410,866,V_p410_HAE,7.826171875,-0.58984375,8014,-604,4.1181640625,HA,E,0.8884382468290372,-0.06695990779694765,0.0060594795304004245
411,2411,867,V_p411_PDW,-5.404296875,5.755859375,-5534,5894,1.0,PD,W,-0.6106010610473498,0.6503221275412143,0.006060802249020059
412,2412,868,V_p412_HAS,0.09765625,-7.9423828125,100,-8133,1.0,HA,S,0.010980865216477818,-0.8930737680561409,0.006063361737070415
413,2413,869,V_p413_SDN,5.32421875,5.9580078125,5452,6101,6.14111328125,SD,N,0.595842649698571,0.6667710942426599,0.006061788127590839
414,2414,870,V_p414_SHW,-7.9990234375,-0.8017578125,-8191,-821,1.0,SH,W,-0.8908328080322384,-0.08928992008234254,0.00606068320025277
415,2415,871,V_p415_HAE,6.4794921875,-4.841796875,6635,-4958,1.31884765625,HA,E,0.7180542285380699,-0.5365656164418614,0.006061155068245672
416,2416,872,V_p416_PDN,-1.5166015625,7.99609375,-1553,8188,3.73974609375,PD,N,-0.16723851288315847,0.8817443293543474,0.006062330495117729
417,2417,873,V_p417_SHS,-4.3095703125,-6.962890625,-4413,-7130,1.0,SH,S,-0.47288230251477664,-0.764026924298744,0.006063383529142374
418,2418,874,V_p418_SDE,7.9306640625,2.2373046875,8121,2291,5.583984375,SD,E,0.8658169357569055,0.2442539834772898,0.006061146237476889
419,2419,875,V_p419_PDW,-7.4052734375,3.73046875,-7583,3820,1.0,PD,W,-0.8043772676350353,0.4052118109410306,0.006067154203265868
420,2420,876,V_p420_HAS,2.958984375,-7.802734375,3030,-7990,1.0,HA,S,0.31974869020241553,-0.8431656880255116,0.006064557852934582
421,2421,877,V_p421_SDN,3.1083984375,7.8017578125,3183,7989,5.955078125,SD,N,0.3341599672739714,0.8387068735632288,0.006064021867362435
422,2422,878,V_p422_SHW,-7.611328125,-3.6767578125,-7794,-3765,1.0,SH,W,-0.8139137641419503,-0.39317235334801676,0.00606181104689496
423,2423,879,V_p423_HAE,8.1484375,-2.4462890625,8344,-2505,3.35107421875,HA,E,0.8667502771616935,-0.2602120618756043,0.006362950159911285
424,2424,880,V_p424_PDN,-4.384765625,7.35546875,-4490,7532,1.9853515625,PD,N,-0.4639272996209296,0.7782406282282498,0.0063656606479342015
425,2425,881,V_p425_SHS,-1.7470703125,-8.44140625,-1789,-8644,1.0,SH,S,-0.18384145080172273,-0.8882758528396263,0.006367774111987856
426,2426,882,V_p426_SDE,7.037109375,5.078125,7206,5200,6.5576171875,SD,E,0.7364432116311319,0.5314327921845526,0.006377621856920035
427,2427,883,V_p427_PDW,-8.6767578125,1.015625,-8885,1040,1.0,PD,W,-0.9030570242514591,0.10570391730124,0.00637862387755378
428,2428,884,V_p428_HAS,5.7509765625,-6.6552734375,5889,-6815,1.0,HA,S,0.5951772196082388,-0.6887642641586258,0.006383037065995634
429,2429,885,V_p429_SDN,0.2568359375,8.8525390625,263,9065,5.0546875,SD,N,0.026429743588447262,0.9109719605675833,0.0063883072218055
430,2430,886,V_p430_SHW,-6.2119140625,-6.3984375,-6361,-6552,1.0,SH,W,-0.6355655837354884,-0.6546495369650873,0.006389590439705772
431,2431,887,V_p431_SDE,8.9638671875,0.525390625,9179,538,5.24462890625,SD,E,0.9118980288280985,0.05344821217011842,0.006397188162837075
432,2432,888,V_p432_PDW,-7.013671875,5.7080078125,-7182,5845,1.0,PD,W,-0.709310016541697,0.5772649744759425,0.006396272953038906
433,2433,889,V_p433_HAS,1.3251953125,-9.0107421875,1357,-9227,1.0,HA,S,0.13322104359402082,-0.9058441925143921,0.006404949517705261
434,2434,890,V_p434_SDN,5.1455078125,7.59375,5269,7776,6.86962890625,SD,N,0.5141876623360901,0.7588391084314742,0.0064067444207341895
435,2435,891,V_p435_SHW,-8.98828125,-2.138671875,-9204,-2190,1.0,SH,W,-0.8927640103302926,-0.21242429189736428,0.0064124844686214155
436,2436,892,V_p436_HAE,8.1318359375,-4.52734375,8327,-4636,2.30224609375,HA,E,0.8027216776082994,-0.4469097751161374,0.006418724985306268
437,2437,893,V_p437_PDN,-2.9599609375,8.8974609375,-3031,9111,3.46875,PD,N,-0.29035111479033543,0.8727776334063828,0.006422155841820487
438,2438,894,V_p438_SHS,-3.8564453125,-8.6240234375,-3949,-8831,1.0,SH,S,-0.3759105196233778,-0.8406345400845908,0.006425488927448986
439,2439,895,V_p439_SDE,8.734375,3.7822265625,8944,3873,6.75830078125,SD,E,0.8459882770831446,0.3663363816125916,0.006432128227669032
440,2440,896,V_p440_PDW,-9.064453125,3.134765625,-9282,3210,1.0,PD,W,-0.872263487247194,0.3016554399982216,0.006432373027089988
441,2441,897,V_p441_HAS,4.6015625,-8.4990234375,4712,-8703,1.0,HA,S,0.43992761933668006,-0.8125403376670473,0.006439574411352567
442,2442,898,V_p442_SDN,2.3662109375,9.44921875,2423,9676,6.40771484375,SD,N,0.2247055241192729,0.8973382795617352,0.006442722117968924
443,2443,899,V_p443_SHW,-8.19140625,-5.4111328125,-8388,-5541,1.0,SH,W,-0.7727071443789052,-0.510439948379055,0.006449620527025912
444,2444,900,V_p444_HAE,9.7734375,-1.5556640625,10008,-1593,4.60888671875,HA,E,0.9156065822442294,-0.14573953692196817,0.00645178172519123
445,2445,901,V_p445_PDN,-6.205078125,7.8115234375,-6354,7999,1.30322265625,PD,N,-0.5773155106985849,0.7267778989735568,0.006457528250810585
446,2446,902,V_p446_SHS,-0.70703125,-10.033203125,-724,-10274,1.0,SH,S,-0.06531900392374354,-0.9269163623101397,0.0064615249942289454
447,2447,903,V_p447_SDN,7.3583984375,6.9775390625,7535,7145,7.66796875,SD,N,0.675019707577053,0.6400817266938346,0.006465434480565024
448,2448,904,V_p448_SHW,-10.224609375,-0.17578125,-10470,-180,1.0,SH,W,-0.9311523131418852,-0.016008349223069658,0.006474470046163354
449,2449,905,V_p449_HAS,7.7236328125,-6.833984375,7909,-6998,1.0,HA,S,0.698241579397534,-0.6178144610726948,0.006431966168912506
450,2450,906,V_p450_PDN,-1.087890625,10.3447265625,-1114,10593,5.12841796875,PD,N,-0.09761799927028365,0.9282472767236218,0.006475062900223205
451,2451,907,V_p451_SHS,-6.2392578125,-8.435546875,-6389,-8638,1.0,SH,S,-0.5556459316130022,-0.7512395613199426,0.006453456051089379
452,2452,908,V_p452_SDE,10.3896484375,2.0224609375,10639,2071,6.7060546875,SD,E,0.9181978192942394,0.17873744560187704,0.006467135640029376
453,2453,909,V_p453_PDW,-9.1083984375,5.576171875,-9327,5710,1.0,PD,W,-0.7986854948110063,0.4889561676177598,0.006464293639737662
454,2454,910,V_p454_HAS,2.9765625,-10.357421875,3048,-10606,1.0,HA,S,0.2589430408375975,-0.9010334288463121,0.006444590426023189
455,2455,911,V_p455_SDN,4.845703125,9.736328125,4962,9970,7.791015625,SD,N,0.41817311808883334,0.8402228914441089,0.006455779723166355
456,2456,912,V_p456_SHW,-10.244140625,-3.9423828125,-10490,-4037,1.0,SH,W,-0.8768663186406347,-0.33745560804120517,0.006416734050213924
457,2457,913,V_p457_HAE,10.3134765625,-4.05078125,10561,-4148,3.63134765625,HA,E,0.8754813951178761,-0.34385918255363607,0.00850025909305896
458,2458,914,V_p458_PDN,-4.9150390625,10.048828125,-5033,10290,3.06689453125,PD,N,-0.4137206672592745,0.8458544935620772,0.008395583216356028
459,2459,915,V_p459_SHS,-3.1943359375,-10.8349609375,-3271,-11095,1.0,SH,S,-0.26656499923253113,-0.904169570921716,0.008331504242762522
460,2460,916,V_p460_SDE,9.76953125,5.888671875,10004,6030,8.3291015625,SD,E,0.8081995447054303,0.48714946567110606,0.00825142368487608
461,2461,917,V_p461_PDW,-11.2939453125,2.2802734375,-11565,2335,1.0,PD,W,-0.9260043700596332,0.18696240415817067,0.008150297842536292
462,2462,918,V_p462_HAS,6.857421875,-9.4052734375,7022,-9631,1.0,HA,S,0.5571579628680522,-0.7641680917661935,0.008094685446740968
463,2463,919,V_p463_SDN,1.310546875,11.6875,1342,11968,6.9990234375,SD,N,0.10549897037889883,0.9408432768216551,0.007963445607446495
464,2464,920,V_p464_SHW,-8.9541015625,-7.814453125,-9169,-8002,1.0,SH,W,-0.7140658634964853,-0.6231819216598184,0.007929074711182649
465,2465,921,V_p465_HAE,12.0087890625,-0.2900390625,12297,-297,6.359375,HA,E,0.9485037283446192,-0.02290848233864779,0.007791555291910383
466,2466,922,V_p466_PDW,-8.75390625,8.416015625,-8964,8618,1.0,PD,W,-0.6846929981805788,0.6582646428291197,0.007752883979797787
467,2467,923,V_p467_HAS,0.7783203125,-12.2529296875,797,-12547,1.0,HA,S,0.06027516071733933,-0.9488989228613005,0.007641393343595426
468,2468,924,V_p468_SDN,7.7900390625,9.6689453125,7977,9901,9.2294921875,SD,N,0.5971645758955397,0.7411967488957928,0.007569425482050196
469,2469,925,V_p469_SHW,-12.4169921875,-1.888671875,-12715,-1934,1.0,SH,W,-0.9420100375348501,-0.14328331990502557,0.007481864037307551
470,2470,926,V_p470_HAE,10.5546875,-7.0771484375,10808,-7247,2.23876953125,HA,E,0.7922487166941737,-0.5312200638307436,0.007373135119107088
471,2471,927,V_p471_PDN,-3.0380859375,12.4951171875,-3111,12795,5.228515625,PD,N,-0.22559620609118422,0.9278378196517847,0.00731507886718874
472,2472,928,V_p472_SHS,-6.2763671875,-11.4033203125,-6427,-11677,1.0,SH,S,-0.46091421420260353,-0.8374195237659564,0.00716770360256036
473,2473,929,V_p473_SDE,12.484375,4.220703125,12784,4322,8.8525390625,SD,E,0.9064898725579633,0.3064650523463327,0.0071352724020765645
474,2474,930,V_p474_PDW,-12.2109375,5.388671875,-12504,5518,1.0,PD,W,-0.8763672715540772,0.386739811615115,0.006991549915858153
475,2475,931,V_p475_HAS,5.43359375,-12.380859375,5564,-12678,1.0,HA,S,0.38536162724372747,-0.8780759723572928,0.006946925378751523
476,2476,932,V_p476_SDN,4.4140625,12.9697265625,4520,13281,9.19189453125,SD,N,0.3092753855958429,0.9087359283403517,0.006841377725131936
477,2477,933,V_p477_SHW,-12.1787109375,-6.6708984375,-12471,-6831,1.0,SH,W,-0.8427782433667099,-0.4616324416997831,0.006749954355784071
478,2478,934,V_p478_HAE,13.6748046875,-3.353515625,14003,-3434,5.66064453125,HA,E,0.9342528168799135,-0.22910977456013873,0.007804613665983284
479,2479,935,V_p479_PDN,-7.9287109375,11.876953125,-8119,12162,2.47412109375,PD,N,-0.534642932711283,0.8008778602826241,0.007621926257528333
480,2480,936,V_p480_SHS,-2.2080078125,-14.3203125,-2261,-14664,1.0,SH,S,-0.14689183418153207,-0.952685473877924,0.007527566657633877
481,2481,937,V_p481_SDE,11.470703125,9.2041015625,11746,9425,10.83740234375,SD,E,0.7526142398426439,0.603898281160984,0.007344331123388503
482,2482,938,V_p482_PDW,-14.9013671875,0.9765625,-15259,1000,1.0,PD,W,-0.9638804052166046,0.06316799300194013,0.0072478771730554725
483,2483,939,V_p483_HAS,10.4912109375,-10.9560546875,10743,-11219,1.0,HA,S,0.6687583944146162,-0.6983896888148169,0.0071205122022861556
484,2484,940,V_p484_PDN,-0.3408203125,15.412109375,-349,15782,8.03564453125,PD,N,-0.021399747971767396,0.9677100930957966,0.006967429564791856
485,2485,941,V_p485_SHS,-10.330078125,-11.7880859375,-10578,-12071,1.0,SH,S,-0.6385972837178948,-0.7287301769482614,0.006858308430461202
486,2486,942,V_p486_SDE,15.8486328125,1.744140625,16229,1786,9.29638671875,SD,E,0.9641222457066824,0.1061015669993305,0.006677613990084763
487,2487,943,V_p487_PDW,-13.0927734375,9.5869140625,-13407,9817,1.0,PD,W,-0.7833811980722283,0.5736147700063449,0.006589454907659276
488,2488,944,V_p488_HAS,3.2373046875,-16.205078125,3315,-16594,1.0,HA,S,0.1904017885412042,-0.9531002350083687,0.006409401170551554
489,2489,945,V_p489_SDN,8.7216796875,14.404296875,8931,14750,12.06298828125,SD,N,0.5039232644555722,0.8322548595588053,0.006320199847031027
490,2490,946,V_p490_SHW,-16.4794921875,-4.822265625,-16875,-4938,1.0,SH,W,-0.9347249211483929,-0.2735212835929342,0.006168863403966718
491,2491,947,V_p491_HAE,15.72265625,-7.7294921875,16100,-7915,4.49658203125,HA,E,0.8749038203927849,-0.43011576014962066,0.006054780793630421
492,2492,948,V_p492_PDN,-6.5068359375,16.6650390625,-6663,17065,5.5791015625,PD,N,-0.3549440234541563,0.9090679514100521,0.0059339300353755675
493,2493,949,V_p493_SHS,-6.6015625,-17.05078125,-6760,-17460,1.0,SH,S,-0.3527123083758223,-0.910999542047612,0.005790374260062903
494,2494,950,V_p494_SDE,16.759765625,8.298828125,17162,8498,13.029296875,SD,E,0.8763340029778389,0.43392881699718416,0.005677952111633022
495,2495,951,V_p495_PDW,-18.3935546875,5.326171875,-18835,5454,1.0,PD,W,-0.9402461541454322,0.2722645354239016,0.005534142314994384
496,2496,952,V_p496_HAS,10.2138671875,-16.7607421875,10459,-17163,1.0,HA,S,0.5099000864796408,-0.8367353651639807,0.005419322522163927
497,2497,953,V_p497_SDN,3.8896484375,19.7626953125,3983,20237,12.326171875,SD,N,0.18941392389078093,0.9623825201550926,0.0052393644715158505
498,2498,954,V_p498_SHW,-16.6640625,-12.2744140625,-17064,-12569,1.0,SH,W,-0.7905279124456596,-0.5822869978627224,0.0051635869865043205
499,2499,955,V_p499_HAE,21.17578125,-2.26953125,21684,-2324,9.953125,HA,E,0.9772188182142996,-0.10473420649004023,0.005038445038880124
500,2500,956,V_p500_PDN,-14.513671875,16.4677734375,-14862,16863,1.47705078125,PD,N,-0.6504814582736423,0.7380614204594557,0.004910377973041724
501,2501,957,V_p501_SHS,-0.4365234375,-22.6611328125,-447,-23205,1.0,SH,S,-0.018966421984944384,-0.9845991547217773,0.00479643485301838
502,2502,958,V_p502_SDN,16.1708984375,16.9833984375,16559,17391,17.0771484375,SD,N,0.6797533261333538,0.7139072464994961,0.0046604411647173105
503,2503,959,V_p503_SHW,-24.263671875,-1.66015625,-24846,-1700,1.0,SH,W,-0.9844413695514952,-0.06735693182957184,0.004546964854730023
504,2504,960,V_p504_HAE,19.7705078125,-15.771484375,20245,-16150,2.49951171875,HA,E,0.7721366127005234,-0.6159548676272389,0.0044472568807198964
505,2505,961,V_p505_PDN,-4.0947265625,26.0625,-4193,26688,11.48388671875,PD,N,-0.1534541360218418,0.9767192898046538,0.004304758962174693
506,2506,962,V_p506_SHS,-15.2724609375,-23.0185546875,-15639,-23571,1.0,SH,S,-0.5471569057213436,-0.8246713616444651,0.0041992710473715
507,2507,963,V_p507_SDE,28.197265625,7.0009765625,28874,7169,18.09912109375,SD,E,0.9614631808102755,0.2387175155236152,0.004073010626662432
508,2508,964,V_p508_PDW,-26.9873046875,14.681640625,-27635,15034,1.0,PD,W,-0.8710726786266546,0.4738811887270898,0.003969539124113242
509,2509,965,V_p509_HAS,10.626953125,-30.93359375,10882,-31676,1.0,HA,S,0.3225001905163599,-0.9387535411501762,0.0038491524713895053
510,2510,966,V_p510_SDN,14.0244140625,32.205078125,14361,32978,23.61474609375,SD,N,0.3966939359243309,0.9109513696060569,0.0037381338085733518
511,2511,967,V_p511_SHW,-34.8681640625,-15.505859375,-35705,-15878,1.0,SH,W,-0.9087462766628732,-0.40411912563655233,0.0036366028969165853
