# games_dw3_e4.csv -- memory-two Wright-Fisher run dw3_e4 (parameters: runs.csv), one row per sampled game, ipt order 0..511.
# Reduced by provenance/robustness/reduce.py from the packed files dw3_e4.{idx,bin} and atoms512.bin.
# Columns:
#   ipt      the game (data/games/games.csv; gid = 2000 + ipt)
#   isl      the task index of the game in the kit's slurm array (isl = 3*(ig - 1) + ie with ie = 3); it fixes the seeds
#   E        realised efficiency: mean per-round payoff of the population over the sampled second half of the
#            ten replicates, divided by Emax = max(1, (1 + u + v)/2)  (the 'ef' column of the .idx)
#   efsd     standard deviation over the ten replicates of each replicate's pay/Emax, as the simulator wrote it (the .idx)
#   pay      mean per-round payoff of the population, the numerator of E
#   ndist    number of distinct strategies with a non-zero count in the summed abundance
#   nrep     replicates found (10 at every game)
#   S_abc    pooled share of the population in the atom abc (efficient-stable-competitive, eps -> 0 atoms):
#            the abundance summed over the ten replicates and the sampled half, normalised, summed over the atom
#            (the atom 101 is empty at every game and has no column)
ipt,isl,E,efsd,pay,ndist,nrep,S_000,S_100,S_010,S_001,S_110,S_011,S_111
0,1368,0.99852666837,0.0008491145,0.99852666837,65536,10,0.0030183449003553394,0.003007174478496753,3.766022137121841e-05,0.00015819156082703115,0.9937764943390175,2.3919999825024727e-07,1.8952999337672458e-06
1,1371,0.99955240987,7.130477e-05,0.99955240987,65536,10,0.0007542336782370561,0.0,2.7777799908999644e-06,2.836171996541699e-05,0.9992143300818294,5.2999999823325995e-09,2.9144000035573316e-07
2,1374,0.99554744387,0.01107444,0.99554744387,65536,10,0.0019578457530719977,0.0019649088369041814,0.01145507476713651,8.815159926957391e-05,0.9845335875636076,6.582000041505578e-08,3.6565999914733837e-07
3,1377,0.99950344323,6.967522e-05,0.99950344323,65536,10,0.0007156136791341094,0.0,3.353999991765901e-06,2.154640001660414e-05,0.9992589376208901,2.70020000137789e-07,2.7828000103649805e-07
4,1380,0.99966871475,1.950992e-05,0.99966871475,65536,10,0.0009639476005498842,0.0,2.0761799979389393e-06,3.5143739939319234e-05,0.9989966887594373,1.188000011392677e-08,2.131840045710642e-06
5,1383,0.99883068852,0.001207036,0.99883068852,65536,10,0.002211371428503595,0.001981413715292062,5.196999953331559e-07,0.00017107478027144553,0.9955990985367729,2.6501839189777997e-05,1.0019999976580116e-05
6,1386,0.99950178756,3.854944e-05,0.99950178756,65536,10,0.0007376999393674932,0.0,7.991879976579228e-06,2.7630259954008147e-05,0.999224996940743,1.5075999875962577e-07,1.5302199929951126e-06
7,1389,0.9977149224,0.001905743,0.9977149224,65536,10,0.006207663641717211,0.003495008405324435,0.0015217884993375228,0.00013045888076984366,0.9869615051901252,0.0016829061027225484,6.692799958881066e-07
8,1392,0.99331605226,0.01613459,0.99331605226,65536,10,0.0012097894188930472,0.0014155785185751106,0.016315017274654488,7.133995928486162e-05,0.9809378659069391,4.798022162857769e-05,2.4287000359850684e-06
9,1395,0.99962744321,5.070425e-05,0.99962744321,65536,10,0.0008441750627187758,0.0,6.0181200044123655e-06,2.8618920094409756e-05,0.9991179601970673,0.0,3.2277000939446885e-06
10,1398,0.99627061536,0.004201252,0.99627061536,65536,10,0.005614981615231253,0.003730799044369867,0.008406690780114039,0.001009794079309996,0.9809987494021752,0.00023889451880945646,9.0559996601261e-08
11,1401,0.99938294291,7.360361e-05,0.99938294291,65536,10,0.0005439472622468069,0.0,4.208800003061022e-06,1.923260004991378e-05,0.9994315380776785,4.717200001918693e-07,6.015400012551187e-07
12,1404,0.99976563576,1.736103e-05,0.99976563576,65536,10,0.0009531784798139321,0.0,5.993599972334328e-07,3.109717990333718e-05,0.9990140309002854,1.4460000087280934e-08,1.079619975277733e-06
13,1407,0.99816339375,0.0008868804,0.99816339375,65536,10,0.003059049513964393,0.001935674085297071,2.5121999843739166e-07,0.0002442490390429477,0.9947295226422126,3.093059948498619e-05,3.229000035975924e-07
14,1410,0.99958299924,3.561453e-05,0.99958299924,65536,10,0.0008172236181982107,0.0,1.4310879926384378e-05,2.9516239946565248e-05,0.9991374834819786,1.134000005697801e-07,1.3523799788488223e-06
15,1413,0.99269161269,0.009588698,0.99269161269,65536,10,0.027173003286968103,0.00907939328680075,0.015880273184505283,0.0007031442360287831,0.947163852885731,1.725799995974362e-07,1.6054000393219305e-07
16,1416,0.96048741005,0.1040448,0.96048741005,65536,10,0.002366282805920222,0.0017429264375117945,0.10911599497226082,8.774675787318817e-05,0.8864618796507737,0.00022498321566211872,1.861599960899287e-07
17,1419,0.99969872806,2.69649e-05,0.99969872806,65536,10,0.0008490488984415935,0.0,8.915999932079753e-07,0.00011376489983286717,0.38721484072869566,0.0,0.6118214538730469
18,1422,0.99741055831,0.002504585,0.99741055831,65536,10,0.0045263893605862315,0.0022833972237237183,0.005529575058627777,0.00030510014243415647,0.9863346746017692,0.0010196899728509828,1.1736400057577318e-06
19,1425,0.99943026058,0.0001192777,0.99943026058,65536,10,0.0006115718009087787,0.0,1.3311879958007268e-05,2.113052000382689e-05,0.999352901899095,5.194600020686806e-07,5.644400060652679e-07
20,1428,0.99134071839,0.01486269,0.99134071839,65536,10,0.0585888308448741,0.02814745023261636,0.0009565487618542338,0.00035405938011017515,0.9119529543605448,7.928000000570182e-08,7.713999915361138e-08
21,1431,0.99839605154,0.00108983,0.99839605154,65536,10,0.0014653917653148372,0.0011024541864660072,0.00021980811491274202,0.00028458479506235634,0.9967288829392508,0.00019684405907775194,2.0341399162511077e-06
22,1434,0.99960317685,7.194658e-05,0.99960317685,65536,10,0.0007074664222814797,0.0,6.026860007178876e-06,0.00010032474027221813,0.43810620589742094,0.0,0.5610799760800058
23,1437,0.99875743945,0.00123327,1.093853973,65536,10,0.006885976806592528,0.0007610271561202663,0.002044191799385299,0.0005117518594266597,0.9223499671110376,0.0,0.06744708526743552
24,1440,0.99939453517,8.934271e-05,0.99939453517,65536,10,0.0005953275777097002,0.0,4.611839964428886e-06,2.0548579950314467e-05,0.999377916822408,8.364399907341377e-07,7.58739993807017e-07
25,1443,0.99976906605,5.172869e-05,0.99976906605,65536,10,0.0008481520755851686,0.0,0.0,0.0001057286193416909,0.3499800666346691,0.0,0.6490660526704023
26,1446,0.99690798889,0.002506843,0.99690798889,65536,10,0.004151422054879307,0.002049682068886556,0.0026335421536211817,0.0006877505385193705,0.9903328278434222,0.0001446378806726965,1.3745999955846294e-07
27,1449,0.99954766007,7.626708e-05,0.99954766007,65536,10,0.0007173018802458225,0.0,1.32038199902737e-05,2.3597780025082185e-05,0.9992445773997085,2.2384000155890045e-07,1.0952800010387527e-06
28,1452,0.97395217245,0.04531184,1.1223276987,65536,10,0.1817622823080986,0.05623001738008472,2.9892800081333245e-06,4.830070099677531e-05,0.7475260931456492,0.0,0.014430317185139938
29,1455,0.9870866635,0.03210652,0.9870866635,65536,10,0.002058533097878613,0.001137236920046362,0.033105570630955795,7.386195935322822e-05,0.9634430026106411,0.00018140072112195744,3.9405999072663085e-07
30,1458,0.99969590089,2.544313e-05,0.99969590089,65536,10,0.0007687239018431666,0.0,9.879800072419926e-07,0.00011916064026405681,0.2968489935517428,0.0,0.7022621339261312
31,1461,0.9990680334,0.0009707888,1.0873645735,65536,10,0.014303970782913247,0.0003987631225777016,6.716199981000389e-07,0.001565941827426941,0.7850394609098792,0.0,0.19869119173720245
32,1464,0.99937508541,8.795527e-05,0.99937508541,65536,10,0.0005344279231929574,0.0,1.2622620027985477e-05,1.7229580114632794e-05,0.9994348710766394,6.564600078202566e-07,1.92340003292732e-07
33,1467,0.99990522452,2.481841e-05,0.99990522452,65536,10,0.0017372212851148724,0.02295614593939227,0.0,0.0002663911789915274,0.15013025670605973,0.0,0.8249099848904407
34,1470,0.99764084006,0.001644876,0.99764084006,65536,10,0.002115618341264192,0.001566638839123658,0.0,0.0003253213772939953,0.9895534889516147,0.000777587481078745,0.005661345009629155
35,1473,0.99959310912,2.83527e-05,0.99959310912,65536,10,0.0006732954217807246,0.0,6.150980041089029e-06,0.00011252932014526625,0.28797524116187223,0.0,0.7112327831161499
36,1476,0.99925609822,0.0008994987,1.2773693677,65536,10,0.00111761791962001,0.00047471776006117143,0.0012508529283534514,4.9135359488009533e-05,0.9872083270847926,0.0,0.00989934894769034
37,1479,0.99939973549,0.0001351787,0.99939973549,65536,10,0.0005179010798613587,0.0,3.862279991887352e-06,1.7551060024831858e-05,0.9994567058000664,1.4778999933554503e-06,2.501880036801921e-06
38,1482,0.99976822149,1.716036e-05,0.99976822149,65536,10,0.000805133598490958,0.0,0.0,0.00011502609982410304,0.2673849091904985,0.0,0.7316949311111987
39,1485,0.99330923372,0.005329574,0.99330923372,65536,10,0.016854006285864063,0.003906735025742257,0.009552626129920012,0.003793995886703931,0.9329618915855713,0.0007193317873079495,0.03221141329889144
40,1488,0.99950802559,7.637551e-05,0.99950802559,65536,10,0.0006788438081362895,0.0,1.4160260153438683e-05,2.1511100245774712e-05,0.9992846115514308,5.372400103571094e-07,3.360400084895615e-07
41,1491,0.9891156882,0.01420388,1.2127292446,65536,10,0.11902888784550669,0.1097288024994418,0.0,6.71070400849165e-05,0.7554004478719429,0.0,0.015774754743002346
42,1494,0.99250679043,0.01277046,0.99250679043,65536,10,0.0017794611121912094,0.0013237835262301795,0.01639148653884388,0.00036431594314492743,0.9797107082353445,0.0004179978641858158,1.224678005508805e-05
43,1497,0.99966948297,1.27582e-05,0.99966948297,65536,10,0.0007278027601364834,0.0,2.648420020202019e-06,0.00011408345995105756,0.2727035068006835,0.0,0.7264519585592183
44,1500,0.99749614237,0.003077275,1.2965501616,65536,10,0.005904878249269388,0.0009410313684271764,0.0003038902319133508,0.0015432303500730418,0.7855579790416232,0.0,0.20574899075869765
45,1503,0.99928683965,0.0001294278,0.99928683965,65536,10,0.0005437897624955652,0.0,1.2810699990951117e-05,1.5250560082013069e-05,0.9994233377974885,1.1558000080290376e-06,3.65537991966001e-06
46,1506,0.99988879544,2.510913e-05,0.99988879544,65536,10,0.0010571734379633204,0.006305287570975264,0.0,0.0001468533597731932,0.10171647981214413,0.0,0.8907742058191442
47,1509,0.99135097676,0.007238645,0.99135097676,65536,10,0.009522806715257256,0.0036636601508493604,0.0022830321019812892,0.002242788425746908,0.960581207868556,0.0026074347236079627,0.019099070014001757
48,1512,0.99951697261,7.353278e-05,0.99951697261,65536,10,0.0006868459233113664,0.0,1.2070880089998488e-05,2.2972540099605206e-05,0.999276838676467,2.3586000275246257e-07,1.036120009702022e-06
49,1515,0.9934152856,0.01070483,1.3979603775,65536,10,0.0371007847391338,0.008954823463315591,0.0,0.000958205491179819,0.9326497756878477,0.0,0.020336410618527635
50,1518,0.99596777178,0.007449473,0.99596777178,65536,10,0.0017213647230442512,0.001243418589572495,0.0046045984349023005,6.317195941065553e-05,0.9919121878369412,0.00045499327613006467,2.6518000156175643e-07
51,1521,0.99974616635,2.851289e-05,0.99974616635,65536,10,0.0007352370420805543,0.0,0.0,0.00011925564011255725,0.19506920590354423,0.0,0.8040763014142527
52,1524,0.99885920934,0.001181094,1.1949243471,65536,10,0.002286150784729176,0.000551685646659602,0.0011465280316773202,0.00040698857734791004,0.9125256922923489,0.0,0.0830829546672358
53,1527,0.99941801385,8.273198e-05,0.99941801385,65536,10,0.0005838500836403698,0.0,1.4692580054944194e-05,1.967744013709576e-05,0.9993804965161516,6.615600090110546e-07,6.21819994889366e-07
54,1530,0.98693229918,0.02392467,1.2047513418,65536,10,0.1382529868067358,0.0013167869728800436,0.0,0.07272273279034383,0.7866646934238887,0.0,0.001042800006151105
55,1533,0.99859126817,0.0009039017,0.99859126817,65536,10,0.0016626721846443387,0.0008215850069119174,0.0,0.00020356506171053518,0.9972150115661791,9.49178805709633e-05,2.248299979236467e-06
56,1536,0.99960693689,2.585848e-05,0.99960693689,65536,10,0.0006539362232825441,0.0,5.336340068271e-06,0.0001055331005370017,0.4745777093815866,0.0,0.5246574849545116
57,1539,0.98412983804,0.03116844,1.4603371962,65536,10,0.05971661764883991,0.0013962846310979651,0.00026593708154008057,0.0007576862406118011,0.8706951985422475,0.0,0.06716827585566286
58,1542,0.99930924863,0.0001197934,0.99930924863,65536,10,0.000544771279636409,0.0,4.8160999730294185e-06,1.8855400002843136e-05,0.9994299434604373,1.3651799924813e-06,2.4858000088343553e-07
59,1545,0.99984124061,1.893623e-05,0.99984124061,65536,10,0.0008669305788865447,0.0007272837613922311,0.0,0.00013311005997836383,0.23008939219343041,0.0,0.7681832834063036
60,1548,0.99178547357,0.007558292,0.99178547357,65536,10,0.018621792261322014,0.004329529602504073,0.00720838686554421,0.0061469887914252265,0.5087915793602424,0.002469205512662804,0.4524325176062983
61,1551,0.99946084906,9.783748e-05,0.99946084906,65536,10,0.0006431035861260544,0.0,1.4918640200675999e-05,2.454078030111168e-05,0.99931584609333,5.504200089677002e-07,1.0404800097583904e-06
62,1554,0.98086143003,0.0225189,1.4439927791,65536,10,0.23312633371011912,0.1123039621075826,0.0,2.3704899909109134e-05,0.6340770330678397,0.0,0.020468966214662335
63,1557,0.99874779739,0.001290576,0.99874779739,65536,10,0.000549508962170024,0.000533149202444323,8.39352208414965e-05,3.709374033230089e-05,0.9984950322262658,0.0003007390679355133,5.415800001225977e-07
64,1560,0.99968191387,2.591742e-05,0.99968191387,65536,10,0.0007144710192981486,0.0,0.0,0.00011512841971951683,0.3432287560436432,0.0,0.6559416445173477
65,1563,0.99754877863,0.003738241,1.424234682,65536,10,0.03616198283380298,0.0006511461005197764,2.9348899763464585e-05,0.0033036396130167187,0.9270024609350176,0.0,0.03285142161788729
66,1566,0.99929543284,5.508394e-05,0.99929543284,65536,10,0.0005150211210462658,0.0,1.4822880004059567e-05,1.621822001096431e-05,0.9994525761389013,1.1474000100814279e-06,2.1423999853246136e-07
67,1569,0.99730651848,0.003064734,1.1336570191,65536,10,0.02187690423484187,0.008647953575183179,0.0013147110940215985,0.008758600758217857,0.2265128211852545,0.0019156894943834896,0.7309733196580981
68,1572,0.99509657456,0.002567351,0.99509657456,65536,10,0.006021841606046504,0.0019647654425878442,0.0,0.0015431990302275699,0.9544984519522838,0.0006329319640664382,0.03533881000478836
69,1575,0.99955542412,2.097499e-05,0.99955542412,65536,10,0.0006227927631138175,0.0,1.0521500119134589e-05,0.00010605914064799287,0.27841769097368124,0.0,0.7208429356224237
70,1578,0.99876265302,0.002334964,1.6210386029,65536,10,0.004515539749798962,0.001008318039759855,0.0,3.3119100263812856e-05,0.862861435870794,0.0,0.13158158723937985
71,1581,0.99916854754,6.86007e-05,0.99916854754,65536,10,0.0004490553564600848,0.0,4.105079961002195e-06,1.266123989577045e-05,0.9995316730437296,2.181479974845897e-06,3.2379999465882117e-07
72,1584,0.99980251904,2.012647e-05,0.99980251904,65536,10,0.0007236527378834532,0.0003884917595265045,0.0,0.000122170159553214,0.16597994187798337,0.0,0.8327857434650539
73,1587,0.99510688601,0.004299649,1.2249338182,65536,10,0.014232555468726468,0.0023757475202716306,0.0029028229090328054,0.003079725931182783,0.6044819941156212,0.00012796976020412463,0.37279918429496095
74,1590,0.99939367456,8.724217e-05,0.99939367456,65536,10,0.0005783940786129647,0.0,1.544220000166706e-05,2.1365219905188283e-05,0.999383780461497,6.846800028578456e-07,3.333599984412968e-07
75,1593,0.9973050462,0.005360901,1.4608960638,65536,10,0.020702857342635248,0.004105523920941655,0.0,0.001941697345531525,0.9336152581361623,0.0,0.03963466325473173
76,1596,0.99774885476,0.001915153,0.99774885476,65536,10,0.0017623026025428636,0.001014126081692043,0.0,0.0007806306152043907,0.9961115073347496,0.0003298294458198444,1.6039199947402235e-06
77,1599,0.99960488096,3.094911e-05,0.99960488096,65536,10,0.0006433978078989144,0.0,2.5885800502346878e-06,0.00011041962143446155,0.24495363776283924,0.0,0.754289956227784
78,1602,0.98910399431,0.02646668,1.6193680141,65536,10,0.023953121121877516,0.0010489501160173722,1.1649999907643104e-07,0.0030033836812244368,0.8802581992560098,0.0,0.0917362293248723
79,1605,0.9659262112,0.1052948,0.9659262112,65536,10,0.00045469549748418413,0.0,0.09998519438025016,1.3026319946497732e-05,0.8995455266223348,1.455939991349768e-06,1.0124000004948848e-07
80,1608,0.99993539326,2.390308e-05,0.99993539326,65536,10,0.0012015268586636036,0.0028024724102082388,0.0,0.00020949175920395726,0.07002494189270508,0.0,0.9257615670792197
81,1611,0.98401763292,0.01350667,0.98401763292,65536,10,0.023408046448234975,0.00564829506889193,0.007173520918469483,0.007351446287719341,0.8573342350310378,0.008954194092036488,0.09013026215361038
82,1614,0.99947603642,2.766967e-05,0.99947603642,65536,10,0.0005650847791991527,0.0,1.4324680055884968e-05,0.0001009751000502839,0.1520316518192759,0.0,0.8472879636214209
83,1617,0.99201093733,0.01114336,1.6885498669,65536,10,0.07904273697615552,0.03982403898766434,0.0,0.0004636366008803119,0.7096506611410276,0.0,0.17101892629427462
84,1620,0.98533383371,0.04065705,0.98533383371,65536,10,0.0008932614379021421,0.0005963305819265935,0.03882170474829784,1.841814020512335e-05,0.9574639716942028,0.0006550908708538759,0.0015512225266072497
85,1623,0.9997122426,3.75981e-05,0.9997122426,65536,10,0.0007177275397965003,0.0005966482826106286,0.0,0.00013435907889652998,0.1556024742710516,0.0,0.8429487908276446
86,1626,0.99674465972,0.004851681,1.4917101475,65536,10,0.01322185443125159,0.0007372658228298874,1.5924000143210652e-07,0.0008462528958147699,0.771941734355337,0.0,0.2132527332547642
87,1629,0.99934978387,6.426403e-05,0.99934978387,65536,10,0.0005742244800743555,0.0,1.7963520035796273e-05,2.0492460031971124e-05,0.9993854561798817,1.1291200069250284e-06,7.342399946625023e-07
88,1632,0.99905378621,0.001650575,1.3780893291,65536,10,0.00321973633508347,0.0005438830427655084,1.793096018597454e-05,0.0008896893731562065,0.5769977227651655,0.0005661576253068322,0.41776487989833644
89,1635,0.99320174766,0.008038414,0.99320174766,65536,10,0.0051100059347956766,0.0026391455939833467,0.0,0.0017635351680262618,0.9882607563389919,0.0022226742240964853,3.882740106522975e-06
90,1638,0.99954409324,2.33059e-05,0.99954409324,65536,10,0.0005878721613038456,0.0,5.73590005554515e-06,0.0001015297803346681,0.33913656229919203,0.0,0.6601682998591056
91,1641,0.99722742641,0.004602349,1.8001707986,65536,10,0.016406304439719546,0.0005878244205661573,0.0,0.0005043716703928435,0.8031032366679388,0.0,0.17939826280138527
92,1644,0.99910902702,0.0001053463,0.99910902702,65536,10,0.0004023877030290147,0.0,4.492260019784516e-06,1.209600010881504e-05,0.9995789419568148,1.7459800045184672e-06,3.3610000315814784e-07
93,1647,0.99981725046,3.775773e-05,0.99981725046,65536,10,0.0009094495024230024,0.006830339514990132,0.0,0.0001625833001976263,0.09473596066631734,0.0,0.8973616670160713
94,1650,0.9971052299,0.003225646,1.2001290975,65536,10,0.007193223566966178,0.0016483234303395836,0.0016649980120064744,0.0024486826797673663,0.665767681911257,0.00014359087828181132,0.32113349952138115
95,1653,0.99938574776,7.390708e-05,0.99938574776,65536,10,0.0005714668195019957,0.0,1.4675780071653805e-05,2.205990002925556e-05,0.9993906598604099,6.853000044396249e-07,4.52340005258355e-07
96,1656,0.99114718598,0.01239719,1.6943390127,65536,10,0.10772045247067775,0.06957543391896881,0.0,0.00015245928156826265,0.8169352631014559,0.0,0.005616391227334046
97,1659,0.99813993307,0.00210739,0.99813993307,65536,10,0.0008599836530058236,0.0006131268475430329,1.0900000154043615e-08,0.00022647458108720705,0.9977856848801528,0.0005137799182167754,9.392199885527772e-07
98,1662,0.99965667988,1.169154e-05,0.99965667988,65536,10,0.0006400437814448564,0.0,0.0,0.00011026342007778772,0.13687699340662857,0.0,0.8623726993918425
99,1665,0.99612002018,0.009647299,1.7364006211,65536,10,0.014053959949325725,0.0005620493403476344,0.0003416957142572947,0.0011338337056899983,0.9386187214250394,0.0,0.045289739865338616
100,1668,0.99925275577,0.000119252,0.99925275577,65536,10,0.00047175762169032585,0.0,1.5327280015707382e-05,1.5094820081395461e-05,0.9994962728181853,1.3540200108336488e-06,1.934399988045613e-07
101,1671,0.99577205102,0.003844344,1.2101936694,65536,10,0.02066868456834973,0.008117401345793057,0.0018988604967652483,0.012892342660803434,0.22479099321735233,0.004316978243375135,0.7273147394675613
102,1674,0.99110304595,0.00788658,0.99110304595,65536,10,0.009274145279362668,0.002341313164964734,0.0,0.003243865119520208,0.9233630765360371,0.003259938944821857,0.05851766095529206
103,1677,0.99945198003,8.352638e-05,0.99945198003,65536,10,0.0005177118828086209,0.0,1.1436740136503349e-05,9.151522034336838e-05,0.3382035091181074,0.0,0.6611758270385952
104,1680,0.98900459163,0.02032451,1.8925336888,65536,10,0.0632552022369486,0.04012186675605087,0.0,0.001169470637299069,0.6992259131674456,0.0,0.19622754720226304
105,1683,0.96541416939,0.1051849,0.96541416939,65536,10,0.0004684996227375205,0.000681886740927967,0.09997611203937434,2.8270100202431153e-05,0.8984613285522014,0.0003754693247804012,8.433619772685344e-06
106,1686,0.99976209786,3.14242e-05,0.99976209786,65536,10,0.0007077976444391763,0.0007335028431905824,0.0,0.00012867172045247151,0.22694282934982157,0.0,0.771487198442095
107,1689,0.99710962121,0.003372885,1.5049149605,65536,10,0.015679713153357356,0.0034678839631133457,0.0,0.004407741087563174,0.6334418697221983,9.387619845553564e-06,0.3429934044539226
108,1692,0.99937090103,1.60628e-05,0.99937090103,65536,10,0.0005469970214159838,0.0,1.707626012448966e-05,2.1892620076772118e-05,0.9994122907583628,1.1116600099108837e-06,6.31679989565364e-07
109,1695,0.98326350409,0.03491912,1.6098059225,65536,10,0.11040079297575982,0.0014946968747859505,0.0,0.019561626339372137,0.6777020530346523,0.0,0.19084083077542333
110,1698,0.99402904039,0.006260065,0.99402904039,65536,10,0.0038470421469850415,0.0018159302508961239,0.0,0.0010963964795749539,0.9909078799294775,0.0023216397730151275,1.1111420051022329e-05
111,1701,0.99956906646,1.983443e-05,0.99956906646,65536,10,0.0006246513397992471,0.0,2.5587400172679525e-06,0.00010785756007262177,0.13669013383556158,0.0,0.8625747985245553
112,1704,0.99409551491,0.007554074,1.9391658116,65536,10,0.016743191397045665,0.0011832034874782996,0.0,0.0016025288865955968,0.9455041157597434,0.0,0.03496696046912946
113,1707,0.99913753456,5.528673e-05,0.99913753456,65536,10,0.0003858157408047083,0.0,1.2771259987387667e-05,1.1357900003996449e-05,0.9995882578991638,1.6562200055530881e-06,1.4098000390460267e-07
114,1710,0.99993110864,1.009253e-05,0.99993110864,65536,10,0.0010276906398914137,0.001931590599869677,0.0,0.00019798477978944908,0.09027516280428882,0.0,0.9065675711761678
115,1713,0.99745144221,0.002962283,1.1162884305,65536,10,0.007691368146179225,0.0009174930460151367,0.0,0.002426937349711793,0.47451990056019344,0.0006364578352423412,0.5138078430626579
116,1716,0.99938567046,3.06541e-05,0.99938567046,65536,10,0.0005109056797796779,0.0,1.516564008661627e-05,8.523231975741847e-05,0.34213618717768834,0.0,0.6572525091826984
117,1719,0.99951460106,7.789907e-05,1.9487606455,65536,10,0.0011065866479110765,0.43380003424919183,0.0,4.055944024239293e-05,0.5145131320090494,0.0,0.05053968765360568
118,1722,0.99819024449,0.001847967,0.99819024449,65536,10,0.0007405814017137486,0.0008324103953903634,3.531199994126855e-07,0.00027566298105655975,0.9976925561383831,0.00045753094348363447,9.050199700027972e-07
119,1725,0.99967590044,3.066156e-05,0.99967590044,65536,10,0.000643936883981674,0.00042392532070759825,0.0,0.00012033326074668199,0.15587920139836398,0.0,0.8429326031361991
120,1728,0.9963907725,0.006919871,1.7942818208,65536,10,0.007822778853659746,0.0008758445444873536,0.0,0.0013566242044884603,0.8281359568786194,0.0,0.16180879551874316
121,1731,0.99921510015,0.000104093,0.99921510015,65536,10,0.000440052825392395,0.0,1.7707080285597176e-05,1.5547020197041727e-05,0.9995243682140941,1.3024600260057247e-06,1.0223999896050926e-06
122,1734,0.99857388485,0.00295987,1.4778698462,65536,10,0.0028656333214846126,0.0021163824569290068,7.024000018099373e-08,0.0015084341880280757,0.6260548290323091,0.0009192716592702872,0.36653537910197864
123,1737,0.98684368823,0.007995397,0.98684368823,65536,10,0.00993580521087382,0.002898898273885213,0.0,0.003962607498575989,0.8390300266884076,0.005133714311146696,0.13903894801711078
124,1740,0.99945426473,2.128819e-05,0.99945426473,65536,10,0.0005391362402638768,0.0,1.0480920073824123e-05,9.986835997985455e-05,0.20661417380139246,0.0,0.7927363406782967
125,1743,0.97386611564,0.04600697,2.0456894675,65536,10,0.12651416099846285,0.06131133632112645,0.0,8.764201627737676e-05,0.8119406851087849,0.0,0.00014617555534860897
126,1746,0.99906297333,6.5708e-05,0.99906297333,65536,10,0.0003653066213939989,0.0,4.1865800069306905e-06,1.1332000039398363e-05,0.999616787678533,1.944979997183272e-06,4.4214000534079167e-07
127,1749,0.99982147638,2.335957e-05,0.99982147638,65536,10,0.0007719144788814117,0.002403024452288867,0.0,0.00014063192009873912,0.08599229211062602,0.0,0.9106921370381046
128,1752,0.99748733604,0.002561398,1.4635983617,65536,10,0.0067974994929999154,0.001590450978086725,0.0,0.0014234209125021274,0.7944698878081605,0.00020485680154836949,0.19551388400670242
129,1755,0.9993030338,7.242805e-05,0.9993030338,65536,10,0.0005068847025726535,0.0,1.6891200188507496e-05,1.93267801024855e-05,0.9994554559171045,1.110940013888647e-06,3.304599984705795e-07
130,1758,0.9821840205,0.05493408,1.8674924687,65536,10,0.10068357830111233,0.0005650547593808473,0.0,2.7614160071279013e-05,0.8161147812347583,0.0,0.08260897154465019
131,1761,0.98952172985,0.01286727,0.98952172985,65536,10,0.005386565632489299,0.0023996715154649094,0.0,0.0028805023695327157,0.9842391041660001,0.004101755154719255,0.0009924011617933517
132,1764,0.99958227355,2.503577e-05,0.99958227355,65536,10,0.0005812998811347211,0.0,0.0,0.00010297097996135791,0.21751024054157658,0.0,0.781805488597321
133,1767,0.99581453053,0.008943721,2.048518856,65536,10,0.010649424114566578,0.0007022163877875738,0.0,0.00036517148412606326,0.7924043674925941,0.0,0.1958788205209289
134,1770,0.91590921135,0.1798748,0.91590921135,65536,10,0.00040304380208171345,0.0,0.19995057918595255,1.2329280043247894e-05,0.7996323668118775,1.6008000166690066e-06,8.012000056288633e-08
135,1773,0.99895524927,0.002049911,1.2389386392,65536,10,0.003400190988889004,0.0013480403778482796,1.6395999906534083e-07,0.0013112113386043603,0.09197351676625047,0.0014858516257938413,0.9004810249426153
136,1776,0.93967153374,0.06505032,0.93967153374,65536,10,0.07864524301679193,0.008795186850420942,0.0,0.05135539945941056,0.0,0.07077074606910674,0.7904334246042695
137,1779,0.99937358452,2.710086e-05,0.99937358452,65536,10,0.0004644098441232449,0.0,1.4044840210464126e-05,8.433362063609123e-05,0.4874437951024772,0.0,0.5119934165925427
138,1782,0.97072184555,0.03460977,2.1130263611,65536,10,0.25669337954980426,0.1664465692668692,0.0,0.00023837548203849281,0.5429604612634801,0.0,0.033661214437900745
139,1785,0.99803379877,0.003290399,0.99803379877,65536,10,0.0005358343586950349,0.000495160499467814,9.962199977171552e-07,2.4048020379991027e-05,0.99807370542496,0.0008698838965064273,3.715800066130386e-07
140,1788,0.9997392563,2.652844e-05,0.9997392563,65536,10,0.0006721699397061298,0.00042176178037846475,0.0,0.00011503879983415598,0.04145580632065413,0.0,0.9573352231594275
141,1791,0.99612334992,0.004299558,1.8010960765,65536,10,0.009087405313140005,0.0008404393448670574,0.0,0.002455029445828203,0.9390649019584786,0.0,0.048552223937686746
142,1794,0.99919461974,8.415981e-05,0.99919461974,65536,10,0.0004644153020058235,0.0,1.77255401873392e-05,1.876050010531672e-05,0.9994968296176486,1.2838200145437906e-06,9.852200156844214e-07
143,1797,0.99802290306,0.003102806,1.7601849248,65536,10,0.004240222352705485,0.0005395304435717592,0.0,0.0028202024360417977,0.6474726194496155,0.0,0.3449274253180613
144,1800,0.98722379658,0.01707713,0.98722379658,65536,10,0.007553899339394558,0.002735825285584132,0.0,0.002237815793525951,0.9762452706904887,0.006388411944251136,0.0048387769467544755
145,1803,0.99948066176,2.660211e-05,0.99948066176,65536,10,0.0005332296217236316,0.0,4.1893200400865275e-06,9.5163420290285e-05,0.31006741033089963,0.0,0.6893000073070391
146,1806,0.99518442597,0.01378569,2.2474257667,65536,10,0.02419076558928467,0.00015610173889487165,0.0,0.0007539313888072496,0.9363202587369958,0.0,0.038578942546010804
147,1809,0.99903643985,7.947001e-05,0.99903643985,65536,10,0.0004051918816352839,0.0,7.880459993913383e-06,1.1676180057819028e-05,0.9995730819382893,1.7638000049997875e-06,4.057399994015524e-07
148,1812,0.99989532618,4.774869e-05,0.99989532618,65536,10,0.0009535649812067914,0.007011102508029633,0.0,0.00025752895838090044,0.013188803771391042,0.0,0.9785889997809909
149,1815,0.99721143154,0.001747072,1.3662965219,65536,10,0.008097346378614473,0.0015087352352399798,0.0,0.0014047245675746429,0.582584397159738,0.0007212788122118777,0.4056835178466209
150,1818,0.99930425602,4.488363e-05,0.99930425602,65536,10,0.0004483026019146797,0.0,1.80367401924984e-05,7.601270036078028e-05,0.36193833217261645,0.0,0.6375193157849098
151,1821,0.98064175254,0.02802948,2.1240853585,65536,10,0.18381565125404276,0.13299960782479375,0.0,0.000371739454202454,0.5783283509175944,0.0,0.10448465054929239
152,1824,0.99629916066,0.006694042,0.99629916066,65536,10,0.0008163243802566132,0.0005347533999488859,6.667999975035705e-08,0.00014169852017811624,0.9960613636661273,0.002445397393496894,3.959599941709142e-07
153,1827,0.99962025961,1.820772e-05,0.99962025961,65536,10,0.0006167739577829858,0.0003559016389802261,0.0,0.00010838651932854648,0.10718602902571875,0.0,0.8917329088581898
154,1830,0.98631739349,0.02550836,2.0901452577,65536,10,0.03193207444672661,0.0016944530838009185,0.0,0.0040696066414276305,0.9346149822176113,0.0,0.02768888361043565
155,1833,0.99914433555,8.958855e-05,0.99914433555,65536,10,0.00043270019886638186,0.0,1.955634002462313e-05,1.62376799895698e-05,0.9995286833611374,1.5379200070812243e-06,1.284499994676834e-06
156,1836,0.99734168625,0.002309236,1.5301013565,65536,10,0.011927676667267557,0.0008458934752374876,5.726000008302397e-08,0.005598553414763062,0.4425400797610163,0.0005719360794179633,0.5385158033422949
157,1839,0.86954004785,0.07750731,0.86954004785,65536,10,0.10618857627858302,0.013659103657810858,0.0,0.0612134143701238,0.0,0.07806553018157171,0.740873375511907
158,1842,0.99938398687,2.217577e-05,0.99938398687,65536,10,0.0004778365381602862,0.0,1.1378360026751698e-05,8.710381936425758e-05,0.24482939689770356,0.0,0.7545942843847526
159,1845,0.98594504027,0.01744737,2.3512478402,65536,10,0.09123953621822727,0.041962790026240884,0.0,0.0006583183642635915,0.7975597584821712,0.0,0.06857959690912181
160,1848,0.98166164038,0.04809005,0.98166164038,65536,10,0.001180763357557383,0.0008752018803249245,0.03046755362300974,0.00012758795725878916,0.9651258824297686,0.0022229700320661465,4.072000031076452e-08
161,1851,0.99979581856,4.571488e-05,0.99979581856,65536,10,0.0007056421805631569,0.005004652195751361,0.0,0.0001194978600760954,0.07619887675803758,0.0,0.9179713310055689
162,1854,0.99703948261,0.003425353,1.7569899867,65536,10,0.01238880261782586,0.0017823935795541197,0.0,0.0016575951621941051,0.6717478873462293,0.00019951040203987328,0.3122238108921569
163,1857,0.99925603395,2.134209e-05,0.99925603395,65536,10,0.0004959896170221142,0.0,1.7939000005024937e-05,1.9188039898589576e-05,0.999464924563094,1.2852600003108236e-06,6.735199990319515e-07
164,1860,0.99623168666,0.009366698,2.0508363237,65536,10,0.009934034158197208,0.0004981193838217463,0.0,0.0025439970402322035,0.7568215408986299,0.0,0.230202308519116
165,1863,0.98148658745,0.0169398,0.98148658745,65536,10,0.010242991144270472,0.0030485845844762565,0.0,0.00317304831529599,0.9748824823752434,0.008636374501394008,1.6519079319511434e-05
166,1866,0.99951518783,1.84732e-05,0.99951518783,65536,10,0.0005413206823194182,0.0,9.216800108117202e-07,9.919924031225407e-05,0.2448977867744402,0.0,0.7544607716229111
167,1869,0.97859052898,0.06425371,2.3279751256,65536,10,0.05830364429012916,0.0008067892774506283,0.0,0.00026686209390508914,0.8903676469043117,0.0,0.05025505743422477
168,1872,0.99905547742,0.0001103663,0.99905547742,65536,10,0.00035280468183142435,0.0,1.4614040081296053e-05,9.901840042242179e-06,0.9996210432380096,1.568920017856339e-06,6.727999896706633e-08
169,1875,0.9983068964,0.003330109,1.2157116209,65536,10,0.006670896166378144,0.003196097669243349,1.0992039593606013e-05,0.005371351135274398,5.852799903103967e-06,0.003105304484335313,0.981639505705272
170,1878,0.99612919992,0.003637709,1.2116005064,65536,10,0.010010466377954233,0.001694267165720564,0.0,0.0028355396583645068,0.6029724682463854,0.0009818658659979122,0.3815053926855774
171,1881,0.99928499054,1.805608e-05,0.99928499054,65536,10,0.00043158412207825744,0.0,1.5051740164743127e-05,6.99084803071238e-05,0.44053349606544784,0.0,0.5589499595919956
172,1884,0.98100887667,0.02382378,2.3758808732,65536,10,0.20977144245137905,0.1850305394748165,0.0,0.00036924159888752526,0.5300173519929047,0.0,0.07481142448198264
173,1887,0.99868252353,0.001080915,0.99868252353,65536,10,0.00057110354690465,0.00040268256507368274,2.1144000280682286e-07,5.1098442053775364e-05,0.9987520948688478,0.00022247423711737569,3.3489999644332307e-07
174,1890,0.99965747394,4.102492e-05,0.99965747394,65536,10,0.0006618294186511919,0.0004305382602031362,0.0,0.00011101575955751352,0.16610682901329876,0.0,0.8326897875482898
175,1893,0.99805894854,0.00290471,2.1286726012,65536,10,0.005249244099748389,0.0006778099752213799,0.0,0.000841394825881589,0.86685412782898,0.0,0.12637742327017085
176,1896,0.99914173233,8.887209e-05,0.99914173233,65536,10,0.0004561388215336024,0.0,1.908514017655511e-05,1.8156000050030188e-05,0.9995046908582079,1.510180015116231e-06,4.190000030099155e-07
177,1899,0.9983495427,0.001637926,1.8485065751,65536,10,0.005319302752130723,0.0009713339039930674,3.224720095780982e-06,0.0016537558104670234,0.7322340989308559,0.0006020815573163926,0.2592162023251401
178,1902,0.82133810147,0.08507343,0.82133810147,65536,10,0.10608268711992207,0.018281755159961704,0.0,0.043713098366509884,0.0,0.09961970301006255,0.7323027563435324
179,1905,0.99939426161,1.992121e-05,0.99939426161,65536,10,0.00047541478206330443,0.0,5.770920060915071e-06,8.572744016916471e-05,0.42665818852463655,0.0,0.5727748983330565
180,1908,0.98260540093,0.04498049,2.5212848544,65536,10,0.09544571574499917,0.0051899169745969,0.0,0.0036603346360209094,0.8360121814037976,0.0,0.05969185124056573
181,1911,0.99897920785,0.0001126494,0.99897920785,65536,10,0.00029477203580914526,0.0,4.916919917030805e-06,1.0561719838665472e-05,0.9996876920244934,1.870099962960304e-06,1.8719999656423387e-07
182,1914,0.99986672993,5.168257e-05,0.99986672993,65536,10,0.0008614136219111015,0.003913420537591617,0.0,0.00017224091997693967,0.016682334103206787,0.0,0.9783705908173141
183,1917,0.99682960886,0.002653776,1.6548929053,65536,10,0.009101345317697462,0.001932867725943613,0.0,0.002372198448739423,0.6153929680739597,0.0001800074207354435,0.371020613012924
184,1920,0.9992231096,1.536125e-05,0.9992231096,65536,10,0.00042948583929911286,0.0,1.9063560093594663e-05,6.891377980061703e-05,0.3358517804508868,0.0,0.6636307563699276
185,1923,0.97313980672,0.04694139,2.2945762337,65536,10,0.16754292412712,0.010721651401895634,0.0,0.005590276161941879,0.5426109364698323,0.0,0.27353421183921056
186,1926,0.98312892223,0.02298247,0.98312892223,65536,10,0.005760243453682671,0.0017023922705018903,1.224000007556001e-08,0.0021745354232952942,0.9800711913600137,0.010289959432532322,1.6658199719660573e-06
187,1929,0.99954319573,3.796091e-05,0.99954319573,65536,10,0.0005401492409196643,0.00027341828013522187,0.0,9.906734016872845e-05,0.23382860005166542,0.0,0.7652587650871058
188,1932,0.99810680046,0.00225525,2.4528669564,65536,10,0.006877049829662852,0.0009814955515547092,0.0,0.000625132798880797,0.9029356340524589,0.0,0.08858068776743959
189,1935,0.9991617822,7.199816e-05,0.9991617822,65536,10,0.00045875928283350194,0.0,2.0166140187334173e-05,1.6588800115501507e-05,0.99950250135682,1.54186001855291e-06,4.4256000687461354e-07
190,1938,0.99762857151,0.003400503,1.5432066965,65536,10,0.006308418838466219,0.003988536007155078,8.119973701333302e-05,0.003342700640928125,0.058324390126099995,0.0010607075114623596,0.9268940471388751
191,1941,0.99201764498,0.005609586,0.99879901558,65536,10,0.010929389056765975,0.0025033092276491114,0.0,0.008661258491077049,0.0,0.00216514925396952,0.9757408939705382
192,1944,0.99928149674,1.306436e-05,0.99928149674,65536,10,0.00042370184020382553,0.0,1.400790009005567e-05,7.221119989671882e-05,0.3842937731453255,0.0,0.6151963059144947
193,1947,0.98711537728,0.02178097,2.6287730799,65536,10,0.12396999478696388,0.10947653187724612,0.0,0.0010450409971188366,0.7431571884540924,0.0,0.02235124388463787
194,1950,0.981572023,0.05462473,0.981572023,65536,10,0.0004654055412566655,0.00047945012045033197,0.03443265979181609,3.0484780317192004e-05,0.9645887166061424,2.322959996175245e-06,9.602000121362092e-07
195,1953,0.99969684429,6.50163e-05,0.99969684429,65536,10,0.0007793191248031288,0.001428042150766253,0.0,0.00015388206017583826,0.21174602795124955,0.0,0.785892728713005
196,1956,0.9973364328,0.002596428,2.0862252335,65536,10,0.012196046363402097,0.0005616677804388657,0.0,0.0014576967293926572,0.8967863475113471,0.0,0.08899824161542104
197,1959,0.99911418216,9.813597e-05,0.99911418216,65536,10,0.0004367640234724501,0.0,2.056458029137817e-05,1.6708740117147395e-05,0.9995239343560776,1.5198200214132982e-06,5.084800026416282e-07
198,1962,0.99914632298,0.0009174203,2.1841689882,65536,10,0.00278968032162258,0.0009525060691820476,0.0,0.0009109317013803548,0.7373448321594351,0.0,0.2580020497483782
199,1965,0.95644597673,0.02366736,0.95644597673,65536,10,0.022298507278799645,0.0048950182376075475,0.0,0.008028157897958457,0.9124749748515966,0.02194492750287873,0.030358414231163876
200,1968,0.9994226909,1.742377e-05,0.9994226909,65536,10,0.0005060847010798135,0.0,9.132600076194925e-07,9.072502013491259e-05,0.20662278262936137,0.0,0.7927794943894099
201,1971,0.99949207716,6.805769e-05,2.7124887524,65536,10,0.0006451046605155834,0.00020527255883486708,0.0,3.20016400789984e-05,0.9667086999425101,0.0,0.03240892119805522
202,1974,0.9989387974,9.098644e-05,0.9989387974,65536,10,0.00029616026175917495,0.0,1.4082860116150012e-05,9.537120047003546e-06,0.9996785010780339,1.5592600181759879e-06,1.594200036366177e-07
203,1977,0.99941232225,0.001066553,1.149714566,65536,10,0.0020708712680053993,0.0006779351396416135,1.9351999866856307e-07,0.0015400069650968972,0.0,0.0013466104305927668,0.9943643826766652
204,1980,0.99807336566,0.002229248,1.496622708,65536,10,0.00787891286216462,0.0015175934768010782,0.0,0.001360955161558332,0.40630206025161536,0.0003282776643545465,0.5826122005835058
205,1983,0.99918556287,1.757486e-05,0.99918556287,65536,10,0.00041344894091817255,0.0,1.8052180160045678e-05,7.036894015474008e-05,0.2705069652077623,0.0,0.7289911647309975
206,1986,0.99021166928,0.02501063,2.6283157394,65536,10,0.0683381953438839,0.046636986719584626,0.0,0.0036059141257398933,0.7548802279686021,0.0,0.1265386758422116
207,1989,0.91673543669,0.1280704,0.91673543669,65536,10,0.003845794588088041,0.0022067107483648447,0.14413542016397482,0.0010827858233965627,0.8265836917796401,0.0221389073767897,6.6895197463234915e-06
208,1992,0.99961860212,3.048918e-05,0.99961860212,65536,10,0.0005895174791277092,0.0003891718816303029,0.0,0.00010230835959330175,0.2262346428626209,0.0,0.7726843594170274
209,1995,0.99365195817,0.01659797,2.4720003549,65536,10,0.01596888092899542,0.0008063680197246876,0.0,0.0007573754139962471,0.7517347265373233,0.0,0.23073264909996075
210,1998,0.99909578101,9.072069e-05,0.99909578101,65536,10,0.0004343161197534521,0.0,1.9042460095038245e-05,1.748019994616615e-05,0.9995274056802183,1.520260008943322e-06,2.3528000112054177e-07
211,2001,0.99766910043,0.002363699,1.8998581502,65536,10,0.00992170708617864,0.0009647956905748843,0.0,0.003708650626235152,0.4553714046572412,0.0006954266628971165,0.5293380152768729
212,2004,0.93757689957,0.05480459,0.93757689957,65536,10,0.04108024460741644,0.0063692725693166525,0.0,0.01942136174563651,0.0,0.037700586530076546,0.895428534547557
213,2007,0.99929118558,1.687912e-05,0.99929118558,65536,10,0.0004319094962823218,0.0,1.0588279974288383e-05,7.290123922574704e-05,0.3713230108256251,0.0,0.6281615901589115
214,2010,0.98565511802,0.02992323,2.8400150642,65536,10,0.08877941054833444,0.06571308424898713,0.0,0.0007350325062574284,0.7342652587995765,0.0,0.11050721389683003
215,2013,0.96556710066,0.1053385,0.96556710066,65536,10,0.0003288952996951257,0.0,0.09993662473830967,8.362659992548234e-06,0.8997237869420533,2.04923998681104e-06,2.811200005984485e-07
216,2016,0.99981160867,6.412757e-05,0.99981160867,65536,10,0.000766099336194466,0.0025054234001569923,0.0,0.00014993733980956292,0.038002145372048456,0.0,0.9585763945517898
217,2019,0.99673696984,0.002540659,1.987146996,65536,10,0.01042450938387636,0.0013960622140122725,0.0,0.004532464918127074,0.6947000190945791,0.00015453440148281838,0.2887924099879227
218,2022,0.99911733119,2.990812e-05,0.99911733119,65536,10,0.00045033386168459724,0.0,2.0494260200083516e-05,1.8051320058481644e-05,0.9995089170980216,1.5046400146371194e-06,6.988200056044967e-07
219,2025,0.99705881121,0.005666271,2.5228314257,65536,10,0.01284238672293141,0.000386705277967518,0.0,0.0039863938663117745,0.9499418281018008,0.0,0.0328426860309854
220,2028,0.98030615066,0.02493755,0.98030615066,65536,10,0.005156523574053174,0.0020983955050584034,0.0,0.0018836786807311966,0.9732773599720222,0.013679265160111326,0.0039047771080231697
221,2031,0.99947393527,2.411866e-05,0.99947393527,65536,10,0.0005077175245438732,0.0,0.0,9.403328072335956e-05,0.1109215896979722,0.0,0.8884766594967599
222,2034,0.97164859501,0.08784311,2.7408271159,65536,10,0.0813072849601324,0.000188665299769545,0.0,0.0004000353637150231,0.8577124634337312,0.0,0.06039155094266542
223,2037,0.99891214555,0.000150193,0.99891214555,65536,10,0.0003659519007649124,0.0,1.8496760125801207e-05,1.2581120040538574e-05,0.9996009543190021,1.540320012095823e-06,4.7558001174952666e-07
224,2040,0.99711850873,0.006765353,1.5132052369,65536,10,0.01011501670443266,0.0019696265849849168,0.0,0.0048745990165716575,0.019667517118591188,0.0023555955940417835,0.9610176449813781
225,2043,0.99236958443,0.007318917,1.2690507527,65536,10,0.012974000905173928,0.0059434042515405525,0.0,0.011265144485381273,0.0,0.0014774171453317477,0.9683400332125724
226,2046,0.99917380414,1.991336e-05,0.99917380414,65536,10,0.0004112038816225867,0.0,1.5020760155254814e-05,6.949926011768301e-05,0.29957184871053544,0.0,0.699932427387558
227,2049,0.9834593155,0.01962983,2.891312763,65536,10,0.15193364542115534,0.116007337042026,0.0,0.0009957140975429017,0.6240754802998106,0.0,0.1069878231394624
228,2052,0.99301910873,0.009827566,0.99301910873,65536,10,0.0007848241086643509,0.0005219440742952161,0.0019364042503154269,0.00018620647742191438,0.9927103307535348,0.003859631695788031,6.586399846501269e-07
229,2055,0.99969705557,2.062649e-05,0.99969705557,65536,10,0.0006072712222613586,0.0006029974805239414,0.0,0.00010878820012751401,0.0855159652950658,0.0,0.9131649778020214
230,2058,0.99695867065,0.002737829,2.4554001635,65536,10,0.007118829818943041,0.0011223448589993338,0.0,0.0022982301301809616,0.8111941058189617,0.0,0.17826648937291628
231,2061,0.99903832249,9.618414e-05,0.99903832249,65536,10,0.00039483500054237144,0.0,2.063198016332963e-05,1.5066399986226011e-05,0.9995677717793272,1.5077600120378467e-06,1.870799962550671e-07
232,2064,0.99890147815,0.001274785,2.2831337008,65536,10,0.0023735621254923045,0.0006776140609238559,0.0,0.0005285750253929105,0.8167971034185709,0.00011908418342836455,0.17950406118619164
233,2067,0.77476019889,0.2204324,0.77476019889,65536,10,0.10546425552389302,0.01633601026261839,0.0,0.04167553201329027,0.0,0.13234524436950865,0.7041789578306817
234,2070,0.99931998851,2.362308e-05,0.99931998851,65536,10,0.00045150611968346107,0.0,4.173460023555575e-06,7.700255994387216e-05,0.13002066196846407,0.0,0.8694466558918887
235,2073,0.95721208024,0.05486309,2.9370706603,65536,10,0.19209175511746604,0.07235304354638634,0.0,0.0003874694342260603,0.6070943693957928,0.0,0.12807336250639004
236,2076,0.99883409761,0.0001089334,0.99883409761,65536,10,0.00027174334241621026,0.0,1.1586220110477176e-05,8.564820070438095e-06,0.9997063183373638,1.5977400207034802e-06,1.8954000125755283e-07
237,2079,0.99959150504,0.000367855,1.0347333939,65536,10,0.001259258173634428,0.000489852197660405,2.061999982617769e-08,0.0012747716411452658,0.0,0.0034059394665779683,0.9935701579009821
238,2082,0.99578519049,0.003949666,1.825768257,65536,10,0.015956609139652835,0.0018324630562396478,0.0,0.0027838838441077963,0.605628305412172,0.000492305587870437,0.37330643295995747
239,2085,0.99908256352,2.461083e-05,0.99908256352,65536,10,0.000393376943683544,0.0,1.9138700291377217e-05,5.814584048412432e-05,0.427313612408725,0.0,0.5722157261068042
240,2088,0.98658536089,0.02777016,2.8393232994,65536,10,0.05640171625584812,0.0010025360424193107,0.0,0.011088758498289225,0.7552036317926344,0.0,0.176303357410816
241,2091,0.94316927637,0.04956296,0.94316927637,65536,10,0.006494461198331669,0.0025336596433568827,0.03824734820551726,0.0032194940322134774,0.912587153763882,0.03496376640504986,0.001954116751653461
242,2094,0.9995278474,2.355063e-05,0.9995278474,65536,10,0.0005384306048353177,0.0002839279617671369,0.0,0.00010042232063444816,0.11051857586112743,0.0,0.8885586432516358
243,2097,0.98801042001,0.02795742,2.8453542272,65536,10,0.02942628126663621,0.000288880260923227,0.0,0.00013233211803602465,0.8317574175446412,0.0,0.1383950888097581
244,2100,0.96560864234,0.1053486,0.96560864234,65536,10,0.0003579033794971389,0.0,0.10000261447076499,1.358575999205341e-05,0.899624025249762,1.5194600088129068e-06,3.516800033037766e-07
245,2103,0.99707300959,0.002621652,1.9157628383,65536,10,0.0077909468351476194,0.0013432096333698277,0.0,0.003554616487084992,0.5991609054140344,0.0011195816324589118,0.387030739997904
246,2106,0.96162595828,0.04019509,0.96162595828,65536,10,0.0351956872974216,0.004454623201200821,0.0,0.11855249263353618,0.0,0.04892368380516762,0.7928735130626742
247,2109,0.99918388103,1.920002e-05,0.99918388103,65536,10,0.00039413299836879465,0.0,1.4031860030771392e-05,6.465505956801472e-05,0.5070124712893466,0.0,0.4925147087926968
248,2112,0.98096943728,0.03020523,3.1464786296,65536,10,0.15624641032690753,0.14442858022041094,0.0,3.403254004606762e-05,0.6718522858913063,0.0,0.027438691021378938
249,2115,0.94905753812,0.1117042,0.94905753812,65536,10,0.00033907287808671087,0.0002874768783223816,0.1483430717057126,1.3770240145314287e-05,0.8507264316983161,0.0002900864994266087,9.01000000280199e-08
250,2118,0.99978005402,4.552997e-05,0.99978005402,65536,10,0.0006765640261993847,0.0019833197450342043,0.0,0.0001276766408923728,0.04816391968886049,0.0,0.9490485198990134
251,2121,0.99702646901,0.003854201,2.3713456692,65536,10,0.008463386505759635,0.001512151730147797,0.0,0.001991670060290119,0.6307911570743913,0.00014700233754637066,0.35709463229186444
252,2124,0.99901091562,7.536281e-05,0.99901091562,65536,10,0.0004314808795731521,0.0,2.0533460107357994e-05,1.7073319957767015e-05,0.999528697860368,1.512920007820124e-06,7.015600072885598e-07
253,2127,0.99620776862,0.00730855,2.6748762303,65536,10,0.00649754705475961,0.0009411950288902187,0.0,0.004636544621728115,0.8141381546364033,0.0,0.1737865586582172
254,2130,0.85838842226,0.09935416,0.85838842226,65536,10,0.04968974749585582,0.008392661122678457,0.0,0.028545007764719896,0.7088840573610565,0.08176606611819699,0.12272246013749258
255,2133,0.99936362399,1.572679e-05,0.99936362399,65536,10,0.00044582008209003836,0.0,0.0,7.777522032942383e-05,0.20600271945042345,0.0,0.7934736852471501
256,2136,0.96299779477,0.08916249,3.0977682968,65536,10,0.10722649903072118,0.004595170570050939,0.0,0.0011375998071696321,0.8520221598502792,0.0,0.03501857074178204
257,2139,0.99894710454,0.0001803909,0.99894710454,65536,10,0.00038960543908075966,0.0,1.956015998989054e-05,1.2311539982721824e-05,0.9995768145209636,1.569100003399822e-06,1.3924000328850033e-07
258,2142,0.99910441328,0.001192151,1.4430424094,65536,10,0.0016007294258456835,0.0006870082148266738,2.2779999933653666e-08,0.0013147241278246176,0.0,0.0007657211327631833,0.9956317943187397
259,2145,0.99521217618,0.004646328,1.6006977091,65536,10,0.015607404218403962,0.002159842899708905,0.0,0.005223837734362252,0.4855844206141557,0.0007701464160957554,0.49065434811728104
260,2148,0.99906419163,1.694366e-05,0.99906419163,65536,10,0.0003895458243092927,0.0,1.802134030651721e-05,5.992076058585353e-05,0.3271544689974841,0.0,0.6723780430773137
261,2151,0.9825510381,0.02190877,3.1649849601,65536,10,0.1411440616211581,0.09886438814953774,0.0,0.0007440624703169402,0.6662481758694708,0.0,0.09299931188950575
262,2154,0.92312476267,0.07349822,0.92312476267,65536,10,0.003580417686205528,0.0019386555056639665,0.08743518281482991,0.0014331945677155669,0.870945259161437,0.03410731763975336,0.0005599726243943103
263,2157,0.99958792274,3.343259e-05,0.99958792274,65536,10,0.0005841302065744111,0.0010115322428533966,0.0,0.00010495126119955444,0.21261660221716902,0.0,0.7856827840722029
264,2160,0.99837801909,0.001531428,2.8791116117,65536,10,0.007162915245369587,0.0011835139910000864,0.0,0.0008520984416476832,0.8267810651408473,0.0,0.16402040718113353
265,2163,0.99897943993,1.994341e-05,0.99897943993,65536,10,0.0004489832596796378,0.0,2.0568560128089554e-05,1.9111359970611526e-05,0.99950929092023,1.5068200093868156e-06,5.390800020318626e-07
266,2166,0.99899157643,0.00121624,2.3560201729,65536,10,0.004555475164735126,0.00038384605744657633,0.0,0.0004400045169628628,0.7608043085541399,9.059357886706549e-05,0.23372577212784884
267,2169,0.90920967646,0.100503,0.90920967646,65536,10,0.04187963652250773,0.006295897778307948,0.0,0.02155690554948471,0.0,0.06735755772460525,0.8629100024250936
268,2172,0.99920007822,2.283308e-05,0.99920007822,65536,10,0.0004083835006992806,0.0,1.0412420080136742e-05,7.123682002933585e-05,0.170247608877965,0.0,0.8292623583812342
269,2175,0.99941890177,0.0002882651,3.4467264175,65536,10,0.0016063640176059632,0.0008412331576855967,0.0,3.7805400149688695e-05,0.8986462974096338,0.0,0.09886830001491909
270,2178,0.99876144167,0.0001366544,0.99876144167,65536,10,0.0002742311798344555,0.0,7.722479986573416e-06,9.366019953631707e-06,0.9997059490802427,1.8050199946822238e-06,9.262200210383111e-07
271,2181,0.99987725629,4.08028e-05,0.99987725629,65536,10,0.0008547887532366459,0.003499942597913856,0.0,0.00017304609819988436,7.202779958035037e-06,0.0,0.9954650197706918
272,2184,0.99772294083,0.001832377,2.223441163,65536,10,0.005328340154813941,0.0013834590153168087,0.0,0.000963582564125113,0.7285305130149691,0.0003992270326545414,0.2633948782181205
273,2187,0.99895676297,6.295508e-05,0.99895676297,65536,10,0.00039118364277914515,0.0,2.2023700294479702e-05,5.682608037155572e-05,0.333153282328724,0.0,0.6663766842478219
274,2190,0.99953441797,3.080559e-05,3.0942618212,65536,10,0.0006468416221870136,0.00016719559972853533,0.0,3.602196017118134e-05,0.6006532376112549,0.0,0.39849670320665487
275,2193,0.89433350761,0.07141967,0.89433350761,65536,10,0.016724708952699136,0.004714281802304638,0.0,0.007714865880563999,0.8205145059000851,0.08529461516396206,0.06503702230038469
276,2196,0.99942528122,4.08372e-05,0.99942528122,65536,10,0.0004947619190381449,0.0003627348786827882,0.0,8.710149969858717e-05,0.25812049381204455,0.0,0.7409349078905351
277,2199,0.99180464828,0.02405248,3.2916485324,65536,10,0.020012595011761825,0.0018561780172646682,0.0,7.8224938131e-05,0.9777800106742329,0.0,0.0002729913586146359
278,2202,0.99874685378,0.0002043929,0.99874685378,65536,10,0.000336365120033591,0.0,1.88896601258123e-05,1.292742002099793e-05,0.9996293871998597,1.5118600097613324e-06,9.187399950145131e-07
279,2205,0.99263632769,0.010494,1.8868814569,65536,10,0.019427362141123714,0.007600994479279486,0.0,0.010488347723819614,0.003919781741810339,0.0028084932090875537,0.9557550207048786
280,2208,0.99436403161,0.007370681,1.3060738501,65536,10,0.005713212140030062,0.0018648426907821914,0.0,0.003077467967835004,0.0,0.0024079156655984132,0.9869365615357542
281,2211,0.99904341683,2.389839e-05,0.99904341683,65536,10,0.000382783782354694,0.0,1.4987320184963403e-05,6.1031780312885046e-05,0.27792867967517493,0.0,0.7216125174419595
282,2214,0.96801838093,0.02199403,3.4395848427,65536,10,0.3421625463744808,0.3197072017195177,0.0,3.5577179922935154e-05,0.2840852944896422,0.0,0.05400938023628552
283,2217,0.93215241482,0.1404116,0.93215241482,65536,10,0.00028718285863217423,0.0002994996988454647,0.1999558534383981,8.072719950049869e-06,0.7994345551643883,3.4818799652787235e-06,1.1354239824922449e-05
284,2220,0.99971421067,2.886556e-05,0.99971421067,65536,10,0.0006272136942329983,0.001516712767038576,0.0,0.00011563733865853096,0.06689315833972082,0.0,0.930847277860348
285,2223,0.99834663008,0.001237473,2.8210116935,65536,10,0.004176031861035901,0.0012272294744492783,0.0,0.0005067471836406005,0.8284875199003454,0.0,0.1656024715805302
286,2226,0.99890480562,2.422913e-05,0.99890480562,65536,10,0.0004346932193397573,0.0,2.0634020118469444e-05,1.8131999968019246e-05,0.9995243153805882,1.5189600085954286e-06,7.064199961223339e-07
287,2229,0.99858141827,0.001787157,2.8197247763,65536,10,0.003991259004121713,0.00043009562324352924,0.0,0.00044379199486876476,0.5572712019124466,0.0,0.4378636514653198
288,2232,0.7491007885,0.1268136,0.7491007885,65536,10,0.09385077493728823,0.014396090077743147,0.0,0.04412047461456312,0.0,0.15423865876574305,0.6933940016046503
289,2235,0.99925053716,1.466217e-05,0.99925053716,65536,10,0.00040859680320427973,0.0,9.144400121799944e-07,7.105890043480577e-05,0.25929407743848487,0.0,0.7402253524178548
290,2238,0.99504734167,0.01061487,3.6381418429,65536,10,0.019441219794592585,0.0053245236905405165,0.0,9.652656144828194e-05,0.9473490445530205,0.0,0.027788685400392147
291,2241,0.9986835101,0.0001557741,0.9986835101,65536,10,0.00028239644037032964,0.0,1.4096740044984415e-05,8.82626001646229e-06,0.9996928294395354,1.560100011231949e-06,2.910199992409632e-07
292,2244,0.99861984716,0.001875189,1.321415911,65536,10,0.003317089537666028,0.0010039861792562523,1.7899999858383825e-08,0.003217518756481781,0.0,0.001855151388271731,0.9906062362383246
293,2247,0.9950770962,0.005159362,1.9974423547,65536,10,0.012754178402747209,0.0025799346851050156,0.0,0.0063233906635001644,0.5009481884233212,0.0005935683669720637,0.4768007394583545
294,2250,0.99892232186,1.991467e-05,0.99892232186,65536,10,0.000365684622405043,0.0,1.914098023180716e-05,5.8244680282509144e-05,0.3149904378832693,0.0,0.6845664918338038
295,2253,0.97083437525,0.04567383,3.4107193994,65536,10,0.17347046176556735,0.075488578269019,0.0,0.0003780279549238416,0.7408812026890582,0.0,0.009781729321463423
296,2256,0.83428118962,0.1733809,0.83428118962,65536,10,0.006259231885745543,0.0018390604467790276,0.1961141153982637,0.003345189009738376,0.7202759894476883,0.07215796803192524,8.445779860072378e-06
297,2259,0.99949698102,6.973889e-05,0.99949698102,65536,10,0.0005849028368460271,0.0004932180172805969,0.0,9.175245940860005e-05,0.19242927065504378,0.0,0.8064008560314209
298,2262,0.99720151673,0.00488651,3.3577644821,65536,10,0.005400185331049527,0.0004364622555399415,0.0,0.002403891329335235,0.925888013244901,0.0,0.06587144783917859
299,2265,0.96535918232,0.1055084,0.96535918232,65536,10,0.0003419494593299318,0.0,0.10000459490477091,1.3421219951172853e-05,0.8996375355560425,1.5049400063520324e-06,9.939199706313529e-07
300,2268,0.99754853992,0.003133144,2.3974286687,65536,10,0.009939165442069678,0.0017296664369364514,0.0,0.004104658030634199,0.35162378503162256,0.000348949222344005,0.6322537758363928
301,2271,0.99064995917,0.01729159,0.99064995917,65536,10,0.006937598060451012,0.0018727840378027474,0.0,0.007150287532695538,0.0,0.005011120974412046,0.9790282093946386
302,2274,0.99905082553,2.192156e-05,0.99905082553,65536,10,0.00036991019736413045,0.0,1.2288599989542809e-05,6.23249395357364e-05,0.36318531119135256,0.0,0.6363701650717659
303,2277,0.98315438888,0.03525005,3.8030024749,65536,10,0.13512427105228786,0.06434975738426396,0.0,3.0198500002629203e-05,0.8002315166885459,0.0,0.0002642563748345895
304,2280,0.92011385885,0.1243935,0.92011385885,65536,10,0.0016852328992316866,0.0005737593552175345,0.20271103298242707,0.00021155621978822343,0.7904511782412912,0.004366322702069302,9.175999883210732e-07
305,2283,0.99978783989,5.032798e-05,0.99978783989,65536,10,0.0008033252160632287,0.003250090375373522,0.0,0.0001853851187097593,7.95911196248526e-05,0.0,0.9956816081702297
306,2286,0.99720596026,0.002644672,2.6907031916,65536,10,0.008954837440720592,0.001241942761258178,0.0,0.0024201908782748036,0.7037042045619939,9.75104023931981e-06,0.28366907331751334
307,2289,0.99882328161,2.894634e-05,0.99882328161,65536,10,0.0004028813004092446,0.0,2.0496520155748075e-05,1.6814679995372044e-05,0.999558036339464,1.5034400115878672e-06,2.677200002707201e-07
308,2292,0.99930140528,0.0005523532,3.3116497254,65536,10,0.001113194663378567,0.0003715242349794721,0.0,0.0002285889380762761,0.8181822427302369,0.0,0.18010444943333057
309,2295,0.67579559515,0.2534534,0.67579559515,65536,10,0.05432719133441506,0.008070455484803741,0.0,0.031674774297229945,0.5230960018256013,0.25466786777206757,0.12816370928591322
310,2298,0.99930106088,1.608362e-05,0.99930106088,65536,10,0.0004141864416133329,0.0001598059392783195,0.0,7.381910020754779e-05,0.1250456253768327,0.0,0.8743065631420682
311,2301,0.99949669383,1.083486e-05,3.8198538196,65536,10,0.0005962262208802128,0.00017562068085361064,0.0,3.571409998852627e-05,0.9504034176706286,0.0,0.048789021327643525
312,2304,0.99863710948,0.0001792596,0.99863710948,65536,10,0.0002887527194957595,0.0,1.8867200091666852e-05,1.0418499979181413e-05,0.9996802771404577,1.5159000074664901e-06,1.685399996538661e-07
313,2307,0.9950849774,0.007343933,1.830314995,65536,10,0.010253321625990283,0.0022161673248064354,0.0,0.0056689379406726454,0.0,0.0034344485397237545,0.978427124568802
314,2310,0.98853155307,0.009234933,1.688902297,65536,10,0.020521736618917586,0.004264456223620749,0.0,0.009662080726789016,0.0,0.002816560364215245,0.9627351660664507
315,2313,0.99890801804,2.686858e-05,0.99890801804,65536,10,0.00035589870107666607,0.0,1.9103520174843378e-05,5.512228014727378e-05,0.4420032461655138,0.0,0.5575666293330775
316,2316,0.98131231498,0.02294462,3.8572090506,65536,10,0.1615411893716992,0.1636661279100859,0.0,3.403788023977903e-05,0.615700986123655,0.0,0.05905765871436607
317,2319,0.89068337089,0.1059705,0.89068337089,65536,10,0.0059134728603547106,0.0020231282255097995,0.051997144652960306,0.00315880531531362,0.8657009432155327,0.0712047731103236,1.732620004957008e-06
318,2322,0.99962251834,1.552877e-05,0.99962251834,65536,10,0.0005132192251210301,0.0006443181043994016,0.0,9.88799608802167e-05,0.05294284222202879,0.0,0.9458007404875708
319,2325,0.99600861079,0.004050017,3.3401304389,65536,10,0.02600464796836884,0.0010118965298620609,0.0,0.001568281426524669,0.7872705019784693,0.0,0.184144672096773
320,2328,0.99875017519,6.888512e-05,0.99875017519,65536,10,0.00038876160353303,0.0,2.059710031019274e-05,1.5609480151885454e-05,0.9995727718559346,1.5038000224433305e-06,7.561600186543845e-07
321,2331,0.9981035877,0.002337462,2.9441131706,65536,10,0.009887338101642012,0.0018469318339073074,0.0,0.0008913258559406923,0.6005188078009718,8.504345935755019e-05,0.3867705529481808
322,2334,0.91961980916,0.0863515,0.91961980916,65536,10,0.02974300111640482,0.005079790175290959,0.0,0.018976373806451143,0.0,0.052309616392739434,0.8938912185091119
323,2337,0.99908583677,2.304201e-05,0.99908583677,65536,10,0.0003763441401505431,0.0,5.242560031615021e-06,6.397407995674303e-05,0.12810572722620372,0.0,0.8714487119936632
324,2340,0.98674003572,0.04032235,4.1021018868,65536,10,0.07017832299999524,0.03068868671041284,0.0,3.4094759942676864e-05,0.7754071533499808,0.0,0.12369174217966612
325,2343,0.96529057225,0.1053008,0.96529057225,65536,10,0.0002380219572116724,0.0,0.0999929554619095,1.0527159874677419e-05,0.8997488411213994,1.589819990480997e-06,8.064479633750002e-06
326,2346,0.99973101702,6.096923e-05,1.1447115405,65536,10,0.0007350271590081606,0.00048548562027435224,1.930000003449835e-08,3.1878079929749345e-05,0.0,3.6949599895385226e-06,0.9987438948807981
327,2349,0.99623948774,0.004304454,2.4852478237,65536,10,0.010131612463441743,0.0018492610420797197,0.0,0.003317106940681038,0.6292793271034836,0.0007094707037205056,0.3547132217465936
328,2352,0.99877258817,1.93518e-05,0.99877258817,65536,10,0.0003493587000908998,0.0,2.2049460138512774e-05,5.734619994794584e-05,0.25405302401522445,0.0,0.7455182216246077
329,2355,0.99937549193,0.0004585715,3.8242703761,65536,10,0.0016825751088155344,0.0003655656637745867,0.0,5.312159964766057e-05,0.7908692742859349,0.0,0.2070294633418306
330,2358,0.78535433015,0.1139655,0.78535433015,65536,10,0.013706097866387205,0.0037979621863178433,0.0018314760857374276,0.007480659137664781,0.7761833111663825,0.194870950393245,0.0021295431642654483
331,2361,0.99937412008,5.306629e-05,0.99937412008,65536,10,0.0005078236201768537,0.0008525885580546569,0.0,7.983417971786577e-05,0.22434122313357954,0.0,0.7742185305084698
332,2364,0.99387809154,0.01599367,3.9133949855,65536,10,0.018131343009523217,0.0006896159386555929,0.0,0.005149103161892025,0.7425540019438722,0.0,0.23347593594606117
333,2367,0.99873699067,0.0001028202,0.99873699067,65536,10,0.00036442614160519626,0.0,2.0576120218946544e-05,1.439600007109573e-05,0.9995984937180536,1.5032000162016007e-06,6.048200071599464e-07
334,2370,0.99831719901,0.001451966,2.4158496281,65536,10,0.002438752701638344,0.0012363559689422803,0.0,0.0009435015842307492,0.7072804804678788,0.0006975330908632602,0.28740337618644624
335,2373,0.99187775624,0.009502633,1.3144317532,65536,10,0.0065544328050118296,0.0015994245860452279,0.0,0.0035360632541971675,0.0,0.004146799228792852,0.9841632801259532
336,2376,0.99890249274,1.489657e-05,0.99890249274,65536,10,0.00036016867924661063,0.0,1.5012520058420122e-05,5.9271459792560426e-05,0.2357508850923118,0.0,0.7638146622486002
337,2379,0.99941650195,0.0001069527,4.3426794193,65536,10,0.0010485887446018262,0.4526089808614027,0.0,4.419206020337678e-05,0.4610726929266048,0.0,0.08522554540717936
338,2382,0.95659458131,0.1058812,0.95659458131,65536,10,0.0007404219668441034,0.00028747300201585255,0.10479722441252877,6.093777992543594e-05,0.8882850767358222,0.005828592862852723,2.7324000666531923e-07
339,2385,0.99971455237,6.792049e-05,0.99971455237,65536,10,0.0006503086044605632,0.002216598424337797,0.0,0.00014348182185450252,0.03152302319241056,0.0,0.9654665879569361
340,2388,0.99736471989,0.001701155,3.2609151193,65536,10,0.008316292476977832,0.002793687964491948,0.0,0.0015914003750525686,0.7414643809881076,6.3461119684633e-05,0.24577077707568584
341,2391,0.99867130619,2.626753e-05,0.99867130619,65536,10,0.00037439669948644043,0.0,2.0597120101707215e-05,1.502364001875676e-05,0.9995882718804099,1.5079200076584494e-06,2.027399983871215e-07
342,2394,0.99635197713,0.01007954,3.5285844189,65536,10,0.006950406121787738,0.0003776078192166914,0.0,0.000498403251396503,0.8274275077043403,0.0,0.16474607510326084
343,2397,0.49680294547,0.2751114,0.49680294547,65536,10,0.09549092506866047,0.012223057995899478,0.0,0.05531897360325255,0.0,0.3841426950669495,0.4528243482652747
344,2400,0.99911475587,6.661303e-05,0.99911475587,65536,10,0.0004246012620724188,0.0,0.0,6.587296035805101e-05,0.28584155384587034,0.0,0.713667971931689
345,2403,0.976519622,0.05941771,4.3118490926,65536,10,0.11600002236141659,0.00510744587727956,0.0,0.0028478573660623853,0.7984423260684674,0.0,0.07760234832681434
346,2406,0.99851888408,0.0001825843,0.99851888408,65536,10,0.00029142084002627247,0.0,1.873418011170242e-05,1.0169780025749899e-05,0.9996778961998656,1.5170000098764186e-06,2.619999973405309e-07
347,2409,0.99684964383,0.005755834,1.7255039001,65536,10,0.005730517916015902,0.0012598638734612434,6.260000098171184e-09,0.005764562928486316,0.0,0.0018561407301922826,0.9853889082918443
348,2412,0.99770151912,0.002241203,2.2000097951,65536,10,0.005297049197750915,0.0011386849318509226,0.0,0.0018493075044402705,0.4704842288749598,0.0001637879179647759,0.5210669415730335
349,2415,0.99872309344,3.018349e-05,0.99872309344,65536,10,0.0003309647216983215,0.0,2.2028720242276152e-05,5.346814031138235e-05,0.3987537782968288,0.0,0.6008397601209079
350,2418,0.98846933226,0.03347861,4.3100737974,65536,10,0.06934152826838418,0.035394870036376314,0.0,3.0131079946860597e-05,0.8154745140589695,0.0,0.07975895655632369
351,2421,0.81319644809,0.1594521,0.81319644809,65536,10,0.005990261697495183,0.0021691168864807053,0.10434066788483012,0.0025718325621258364,0.7541609239519705,0.12828528455574006,0.0024819124613566614
352,2424,0.99948474075,4.289044e-05,0.99948474075,65536,10,0.0004787474640862626,0.00047990672200296625,0.0,8.628504065330501e-05,0.1335804469309902,0.0,0.8653746138422678
353,2427,0.98427016213,0.02642921,3.9337164438,65536,10,0.026594379228436632,0.001054532095791043,0.0,0.00888149705228457,0.7061356302832285,0.0,0.25733396134024633
354,2430,0.99861715937,7.40835e-05,0.99861715937,65536,10,0.0003768405394394323,0.0,2.0599300103405448e-05,1.4033059975108226e-05,0.9995866521604831,1.5031800068362534e-06,3.717600047185959e-07
355,2433,0.99555634618,0.005045337,3.0552107596,65536,10,0.016085593729509594,0.00220719821633114,0.0,0.00440961637602191,0.5053102927665565,0.0008229723987002787,0.4711643265128808
356,2436,0.98446714564,0.02409895,0.98446714564,65536,10,0.007208178737054613,0.001857331512088543,0.0,0.0038572553743253424,0.0,0.010721387701346377,0.9763558466751855
357,2439,0.99890058836,2.878929e-05,0.99890058836,65536,10,0.00034334954085687953,0.0,1.053966008481535e-05,5.734154011053018e-05,0.25810944775773453,0.0,0.7414793215011987
358,2442,0.97911592116,0.0301909,4.6527129613,65536,10,0.18652926560073357,0.1282737326127923,0.0,6.701806073792916e-05,0.6813697091531074,0.0,0.0037602745726139637
359,2445,0.99848711485,8.952554e-05,0.99848711485,65536,10,0.00024074532181016166,0.0,4.775940036540638e-06,7.2606800593573695e-06,0.999745376878049,1.6843400155180806e-06,1.5684000492253022e-07
360,2448,0.99989765505,3.353485e-05,0.99989765505,65536,10,0.0007641694191419305,0.002791552756150892,0.0,0.00015482627972825193,2.821422056457329e-05,0.0,0.9962612373244127
361,2451,0.99462482056,0.005405248,3.0892619549,65536,10,0.01825987358149879,0.002732939698720659,0.0,0.004527662281936049,0.7617162062382583,0.000830936563014115,0.2119323816365726
362,2454,0.99858164463,2.284284e-05,0.99858164463,65536,10,0.00034250291998213784,0.0,2.209204012740124e-05,5.741375986970059e-05,0.22449784743155043,0.0,0.7750801438484771
363,2457,0.96865383126,0.09717388,4.0515081634,65536,10,0.10097171952361747,0.0002744879193528464,0.0,4.161344008460612e-05,0.8860439423924439,0.0,0.012668236724451337
364,2460,0.70933826189,0.2385898,0.70933826189,65536,10,0.02402365563197633,0.00338713363696005,0.0010821732275416533,0.0444142786636063,0.6900439300515245,0.22587102130603015,0.011177807482340664
365,2463,0.99922352313,1.094982e-05,0.99922352313,65536,10,0.0003861172825214958,0.00017458998170973985,0.0,6.948118042173913e-05,0.0945463511055495,0.0,0.9048234604497988
366,2466,0.95583997164,0.1118173,4.4319611185,65536,10,0.12130022520550826,0.0028972690193130603,0.0,0.00024693362535152936,0.8246555585045799,0.0,0.050900013645248314
367,2469,0.99847975283,0.0002064474,0.99847975283,65536,10,0.0003232420014740088,0.0,2.0547300223670514e-05,1.2346300066046688e-05,0.9996421004181965,1.5053200156654304e-06,2.5865999903865065e-07
368,2472,0.9939118574,0.006495907,2.393541641,65536,10,0.012543298109223578,0.004273334799692932,0.0,0.006253729727456558,0.006979485372411734,0.002879045753834538,0.9670711062373801
369,2475,0.98517662477,0.01849199,1.7909241084,65536,10,0.014999686464351337,0.0031371581025409364,0.0,0.010088465451660627,0.0,0.005848612064455878,0.9659260779169918
370,2478,0.99868318263,1.833126e-05,0.99868318263,65536,10,0.0003291340816923612,0.0,1.9108220214620042e-05,5.127054026540884e-05,0.34438731014087554,0.0,0.6552131770169428
371,2481,0.9837191268,0.02360917,4.8369392612,65536,10,0.13954459067862793,0.17404501286873028,0.0,4.0562619785352234e-05,0.6863153086143321,0.0,5.4525218523049174e-05
372,2484,0.63916265024,0.2596546,0.63916265024,65536,10,0.012740537395211868,0.003232430467193856,0.176947643403746,0.0048610257545999855,0.5669829370792654,0.2352352174199876,2.0847999658220692e-07
373,2487,0.99960799642,5.234331e-05,0.99960799642,65536,10,0.0005530092420416652,0.001330386923802176,0.0,0.0001115539205082751,0.020766940678920938,0.0,0.9772381092347269
374,2490,0.99524590457,0.008731305,3.9707784601,65536,10,0.019426535766985623,0.0013309661177540576,0.0,0.0017637086315821034,0.7494450813750227,0.0,0.22803370810865806
375,2493,0.99848815115,2.790751e-05,0.99848815115,65536,10,0.00036844738476068907,0.0,2.0545680396640156e-05,1.5236280198307147e-05,0.9995939966945834,1.5043600284397393e-06,2.6960000024053203e-07
376,2496,0.99767906423,0.003295486,3.788062697,65536,10,0.005699978253114574,0.00045480156041580833,0.0,0.001957813182984458,0.7621953251041812,0.0,0.22969208189930682
377,2499,0.87135440601,0.1694,0.87135440601,65536,10,0.03167948870961133,0.004790722357778066,0.0,0.015303030056285678,0.0,0.09499975268160551,0.8532270061947205
378,2502,0.99893953634,3.133846e-05,0.99893953634,65536,10,0.00033490209957625126,0.0,9.187000041715434e-07,5.55227798976648e-05,0.3027405860568574,0.0,0.6968680703636758
379,2505,0.93657354465,0.05463994,4.8250915379,65536,10,0.3188658043761726,0.15548794232966318,0.0,0.007828024988236267,0.4515873122490991,0.0,0.06623091605661607
380,2508,0.99835474197,0.0001544724,0.99835474197,65536,10,0.00023199987955441597,0.0,1.784322006334231e-05,8.377239976230837e-06,0.9997399598404264,1.5205200064022998e-06,2.992999985692254e-07
381,2511,0.99836107596,0.002217381,1.5618891052,65536,10,0.002860893463837342,0.0006479164664984419,5.9600001198916474e-09,0.0025261704085964894,0.0,0.0017194172217027738,0.9922455964793648
382,2514,0.99404352692,0.004958072,2.8326357535,65536,10,0.010443578948002586,0.0035754933982813995,0.0,0.003519177654572076,0.4479931537431187,0.0015172754861326916,0.5329513207698933
383,2517,0.9984815305,4.472297e-05,0.9984815305,65536,10,0.00030289785932455335,0.0,2.210186007914534e-05,4.935311985228137e-05,0.33423514841964014,0.0,0.665390498741113
384,2520,0.99921282816,0.0009231694,4.8779930937,65536,10,0.0015114844460010698,0.0002411480441836327,0.0,2.6183380193833254e-05,0.7998645437495686,0.0,0.19835664038005016
385,2523,0.54528181313,0.1313453,0.54528181313,65536,10,0.013306692743756775,0.0031150723779300353,0.1545304839270423,0.00872596692516327,0.448997878785173,0.3656885179894046,0.005635387251529005
386,2526,0.99934484361,2.227504e-05,0.99934484361,65536,10,0.0004108006378909668,0.0006082979971315392,0.0,7.412183948365332e-05,0.07037030678463141,0.0,0.9285364727408627
387,2529,0.99564672439,0.007586056,4.7964114174,65536,10,0.015546480245934037,0.0007722000548121403,0.0,0.0008406647674502038,0.925989126489754,0.0,0.056851528442045766
388,2532,0.99833934007,0.0001262363,0.99833934007,65536,10,0.0003173478781455729,0.0,2.0518320003930566e-05,1.2704399936806499e-05,0.9996476107019406,1.5076600006942015e-06,3.110399882625498e-07
389,2535,0.99751105614,0.00339993,3.1854112828,65536,10,0.0057706453267812275,0.0022001417266472724,0.0,0.0014046625012478816,0.4755449081095332,0.0004643487130116207,0.5146152936227788
390,2538,0.98930957728,0.01299115,1.3023333107,65536,10,0.01086239229311523,0.0013311832923588779,0.0,0.00687255502309522,0.0,0.006556142017507451,0.9743777273739235
391,2541,0.99866909056,1.446704e-05,0.99866909056,65536,10,0.00031115802095519815,0.0,1.5000880131153998e-05,5.332128005664623e-05,0.24341922503957494,0.0,0.7562012947792738
392,2544,0.96593168261,0.03661734,5.3168690713,65536,10,0.30236847865742356,0.1978759702688466,0.0,0.00030298210841742443,0.45245205501299657,0.0,0.04700051395246523
393,2547,0.99524046727,0.006891213,0.99524046727,65536,10,0.0003928769170309909,0.00018600393979163873,0.002238445043796257,1.8539599915210248e-05,0.9950239149040324,0.0021400896954388467,1.2990000021881555e-07
394,2550,0.999809706,5.423737e-05,0.999809706,65536,10,0.0005851638854728833,0.001467284035197069,0.0,0.00012685084146608504,0.006166503131118636,0.0,0.9916541981067457
395,2553,0.9969478439,0.003949703,3.896274679,65536,10,0.01049332492120969,0.0021177318167102358,0.0,0.0019373432294518633,0.6624528003283416,0.00018468044238769657,0.32281411926189907
396,2556,0.99835386906,3.485638e-05,0.99835386906,65536,10,0.0003543481425702198,0.0,2.0606460273797895e-05,1.3928240119591312e-05,0.9996093715569988,1.5067400211681455e-06,2.388599975071178e-07
397,2559,0.99838281875,0.002752747,4.6150830787,65536,10,0.004482342440942513,0.0006859845340324351,0.0,0.001297560764066065,0.8009271596029631,0.0,0.19260695265799818
398,2562,0.18438724074,0.183642,0.18438724074,65536,10,0.05213195070561462,0.0060431248336459496,0.0,0.04498743782099182,0.0,0.7324010959059737,0.16443639073375535
399,2565,0.99900598444,1.594192e-05,0.99900598444,65536,10,0.0003463434790549154,0.00014561467938380122,0.0,5.599275977842022e-05,0.2962437343485317,0.0,0.7032083147332517
400,2568,0.99638493928,0.005891271,5.5282822582,65536,10,0.010830417398066899,0.001566228917693483,0.0,0.0005123915551331888,0.8475888115577679,0.0,0.13950215057133308
401,2571,0.99829839368,0.0001919393,0.99829839368,65536,10,0.0003110887198588726,0.0,2.0605920131726624e-05,1.1494600000579301e-05,0.9996549243000383,1.5181800097354094e-06,3.6827999832863116e-07
402,2574,0.99627038077,0.007808033,2.3588452521,65536,10,0.0075510578981025775,0.0019402259236436722,0.0,0.0030893914768438764,0.0,0.0023413700977218945,0.9850779546036886
403,2577,0.98879498815,0.01318143,2.4570203587,65536,10,0.01987601950888194,0.0047654180612006995,0.0,0.009744400941312814,0.0,0.003441074160977581,0.9621730873276401
404,2580,0.99842842221,3.445958e-05,0.99842842221,65536,10,0.00030072340108053464,0.0,2.2004780208369836e-05,4.7732940154057574e-05,0.5160611132518864,0.0,0.483568425626661
405,2583,0.99949981686,1.719284e-05,5.6563490612,65536,10,0.0005512110400397007,0.00026962835997513325,0.0,2.8983999968899172e-05,0.9891757081750967,0.0,0.009974468424916142
406,2586,0.782898632,0.2337294,0.782898632,65536,10,0.004872699380666927,0.0017661539569769715,0.09634679857304151,0.002823825615360431,0.7463752273784399,0.1478151133155138,1.817799998790049e-07
407,2589,0.99944186517,6.594552e-05,0.99944186517,65536,10,0.000468162459253508,0.0007901925002929334,0.0,9.933227943378209e-05,0.01314991733368536,0.0,0.9854923954273331
408,2592,0.94557502189,0.1669599,4.6858598131,65536,10,0.10278933136314775,0.0010879534746904215,0.0,0.0004982211994226781,0.8049745211628311,0.0,0.09064997279995947
409,2595,0.9982185438,9.828286e-05,0.9982185438,65536,10,0.0003567401590895299,0.0,2.0545720070008693e-05,1.4236499963778137e-05,0.9996063787209092,1.5001400057638134e-06,5.987599855951198e-07
410,2598,0.99777820542,0.002231994,4.1090143479,65536,10,0.007968155133933896,0.002728505167721923,0.0,0.001454596579407883,0.5943142045871239,0.00025740071487496036,0.3932771378169376
411,2601,0.9650642038,0.1053858,0.9650642038,65536,10,0.0083550995092449,0.0016294069620182835,0.0,0.004705116267538225,0.0,0.029367680345296673,0.9559426969159018
412,2604,0.99866629117,2.883082e-05,0.99866629117,65536,10,0.0003069787609390967,0.0,5.720500048274501e-06,4.90891600817794e-05,0.3615381254040946,0.0,0.6381000861748234
413,2607,0.98991613176,0.02504099,6.0791871041,65536,10,0.07190046409012363,0.04906757639903436,0.0,3.672187989457658e-05,0.848350729999716,0.0,0.030644507631235107
414,2610,0.96484661181,0.1053282,0.96484661181,65536,10,0.00022040574073283468,0.0,0.09999663076971635,8.218960014336818e-06,0.8997727538494782,1.5494600152142289e-06,4.4121999495815494e-07
415,2613,0.99863684589,0.003268021,1.3170498637,65536,10,0.0027312683708658556,0.00048054450012814903,0.0,0.0029932118029875024,0.0,0.0018282759424802985,0.9919666993835381
416,2616,0.99322595053,0.005613092,3.7144128687,65536,10,0.01444740927420396,0.004178908330292432,0.0,0.003911538572441048,0.5075818644215749,0.0014853412109760078,0.46839493819051203
417,2619,0.99817769446,3.904786e-05,0.99817769446,65536,10,0.00029425202154464844,0.0,2.2072400241088635e-05,4.767046018664806e-05,0.40812610918992337,0.0,0.591509895928097
418,2622,0.93974402569,0.1257115,5.2475159559,65536,10,0.19262037549243136,0.0007895198288235672,0.0,0.00801853356107144,0.7056037631936196,0.0,0.09296780792402674
419,2625,0.47937019488,0.1999982,0.47937019488,65536,10,0.017347912216249598,0.0026053065364930995,0.012732968065684662,0.01562685801507592,0.4463367367619952,0.47714822577304206,0.028201992631457385
420,2628,0.99908189909,8.499685e-05,0.99908189909,65536,10,0.0003798869025522165,0.00046263958160296245,0.0,5.9371620291811206e-05,0.2631193139554008,0.0,0.7359787879401533
421,2631,0.97315321661,0.0609087,5.7952034325,65536,10,0.07800469938342414,0.001051322790232708,0.0,0.001740538222692365,0.7655530460887681,0.0,0.15365039351481458
422,2634,0.99812712668,0.0001045808,0.99812712668,65536,10,0.0003221434631625223,0.0,2.0606740321257425e-05,1.334240011530237e-05,0.9996419888763526,1.506200024010823e-06,4.1232000488091727e-07
423,2637,0.98585563053,0.02292939,3.3036753868,65536,10,0.031941264460772285,0.012199705263314549,0.0,0.014305588270346899,0.015796663218537392,0.004477952882919004,0.9212788259041141
424,2640,0.98975303614,0.008469584,1.9650077368,65536,10,0.012912819570289,0.0025735963291721254,0.0,0.008724103545934414,0.0,0.005074113338523452,0.970715367216081
425,2643,0.99833460463,2.938194e-05,0.99833460463,65536,10,0.0002867388209902965,0.0,1.909130016400177e-05,4.8896460150951184e-05,0.2963586618106975,0.0,0.7032866116079826
426,2646,0.95996192554,0.02811928,6.2950628223,65536,10,0.3620701575238952,0.33829653601366294,0.0,3.6366099783382244e-05,0.29364274712346344,0.0,0.005954193239049875
427,2649,0.70626169729,0.2804077,0.70626169729,65536,10,0.0042506593769638034,0.001978226161735474,0.11325426651609913,0.0018473323527902034,0.6575656771359482,0.22110370491646386,1.3354000008534542e-07
428,2652,0.99963052027,0.0001191204,0.99963052027,65536,10,0.0005805829776261418,0.0014765052379728868,0.0,0.00011683201930883325,0.012912835724674481,0.0,0.9849132440404178
429,2655,0.99244066934,0.008140585,5.0164774458,65536,10,0.018104962620567454,0.0017458334206523125,0.0,0.004732157735708889,0.8101266124115198,0.0,0.16529043381155226
430,2658,0.99798988637,4.422324e-05,0.99798988637,65536,10,0.0003266651008409541,0.0,2.0610680170095723e-05,1.3261160052828676e-05,0.9996374894589046,1.5124400120216838e-06,4.6115999889264146e-07
431,2661,0.99767587843,0.005851798,5.2324397511,65536,10,0.0036834989687885415,0.00046285352019607106,0.0,0.0016844894453325935,0.699681293206002,0.0,0.29448786485967865
432,2664,0.3992873683,0.2462105,0.3992873683,65536,10,0.05310169836001801,0.0051633714202240335,0.0,0.037840097758585864,0.0,0.5252033003758887,0.3786915320853117
433,2667,0.99868950979,3.908721e-05,0.99868950979,65536,10,0.00032356271958591695,0.0002230821205458499,0.0,4.9241439877237925e-05,0.35290505997747207,0.0,0.6464990537425181
434,2670,0.97396028131,0.05004968,6.690745702,65536,10,0.12286531128576435,0.06903660332791889,0.0,5.622580029545254e-05,0.7470089588360105,0.0,0.06103290075017342
435,2673,0.99789009563,0.0002153395,0.99789009563,65536,10,0.0002190090410117478,0.0,2.0695560232880294e-05,7.892200022445713e-06,0.999750821798681,1.5153800168137973e-06,6.601999945371341e-08
436,2676,0.99692962128,0.007786185,2.2951773263,65536,10,0.002558127243485855,0.0010051795280076302,0.0,0.0019342131840071927,0.0,0.002990236140500978,0.9915122439039984
437,2679,0.9915676345,0.004617126,3.4395002322,65536,10,0.01696300401863374,0.0026594382185927837,0.0,0.004941891946873643,0.43688946955767616,0.0027676163194853775,0.5357785799387385
438,2682,0.99800637288,4.588326e-05,0.99800637288,65536,10,0.00027251486136041714,0.0,2.20469402315736e-05,4.382024016408818e-05,0.35596618545296965,0.0,0.6436954325052628
439,2685,0.93946928068,0.1049883,6.3492159736,65536,10,0.26249583143780103,0.0013322931526149862,0.0,0.0038170031920057804,0.559384239284672,0.0,0.17297063293284998
440,2688,0.3900356248,0.1410494,0.3900356248,65536,10,0.012607543467482775,0.0029147086664752762,0.15337414180548076,0.0071801115964869,0.3120552423037152,0.49537537014316496,0.01649288201719322
441,2691,0.9992415359,2.889771e-05,0.9992415359,65536,10,0.0003533772219206193,0.0004423530804039758,0.0,6.24590202076037e-05,0.06106752466183106,0.0,0.9380742860156368
442,2694,0.99847854472,0.001858411,6.3979657922,65536,10,0.003331464525258257,0.0006882449685749319,0.0,0.0007283939464872935,0.8851861654265495,0.0,0.11006573113312716
443,2697,0.99779531161,0.0001882194,0.99779531161,65536,10,0.00031270210079391666,0.0,2.059488017736784e-05,1.219164002394002e-05,0.9996524015989369,1.508940012328435e-06,6.008400106094689e-07
444,2700,0.9961025703,0.005618098,4.5909239069,65536,10,0.011965548899839003,0.004164086427328281,0.0,0.0027837843471522606,0.3332187470180232,0.0008433550172159911,0.6470244782904407
445,2703,0.98957862504,0.01468812,1.2896412843,65536,10,0.002667370187358123,0.000783502522459451,0.0,0.0013230224906359352,0.0,0.008379702795216375,0.98684640200433
446,2706,0.99825843209,2.841915e-05,0.99825843209,65536,10,0.00028120530316897774,0.0,1.4887700254815906e-05,4.654006050922561e-05,0.23963257250671044,0.0,0.7600247944293563
447,2709,0.99019759997,0.02007602,7.5928042529,65536,10,0.08582618252754654,0.05861633467248871,0.0,3.130946000777765e-05,0.7630909278140531,0.0,0.09243524552586889
448,2712,0.99784245416,7.069804e-05,0.99784245416,65536,10,0.00021472732113851406,0.0,4.75612002348351e-06,8.022220017708791e-06,0.9997704460987787,1.8618400038724624e-06,1.864000047248689e-07
449,2715,0.99993469354,2.427696e-05,0.99993469354,65536,10,0.0005092916024763403,0.0016049172860539097,0.0,0.00012218550088613384,0.0,0.0,0.9977636056105845
450,2718,0.99571765139,0.004339931,5.1064562953,65536,10,0.01650373448918398,0.00991222357114353,0.0,0.0035686532719808968,0.6507496307022218,0.0004269585129476781,0.31883879945252147
451,2721,0.99767937962,8.2995e-05,0.99767937962,65536,10,0.000258569280666404,0.0,2.206222019600639e-05,4.072496003429079e-05,0.46503236665857717,0.0,0.5346462768805139
452,2724,0.99552921409,0.008629788,6.6760733527,65536,10,0.012335749582156332,0.000652781855313511,0.0,0.002714308883615793,0.7745521469573183,0.0,0.20974501272159843
453,2727,0.03491821573,0.05633323,0.03491821573,65536,10,0.022842582313865243,0.0033807877969451406,0.008832589999727922,0.025621809133769637,0.0,0.9119790681483644,0.02734316260731485
454,2730,0.99871352608,3.835249e-05,0.99871352608,65536,10,0.00029968302125773344,0.0006855922494065608,0.0,4.925302015339647e-05,0.1203739261106374,0.0,0.8785915455985445
455,2733,0.98415138835,0.04798434,7.6675388439,65536,10,0.06125959173345356,0.0014476843852780992,0.0,0.0013391597825409879,0.9077998506153961,0.0,0.02815371348332987
456,2736,0.99758922636,0.0001747458,0.99758922636,65536,10,0.00024149682116651633,0.0,2.0611220239559344e-05,1.0076660028961774e-05,0.9997261848185259,1.5027200168647023e-06,1.2775999992636028e-07
457,2739,0.98408575233,0.01554332,3.5735574903,65536,10,0.028426777025410053,0.012648033351917505,0.0,0.017867439149501032,0.0,0.005404530915260581,0.9356532195579271
458,2742,0.96501476123,0.03051552,2.9595984938,65536,10,0.03219334331532495,0.008650677916594969,0.0,0.015513303495102914,0.0,0.019404661438572415,0.9242380138344078
459,2745,0.99777315293,4.36233e-05,0.99777315293,65536,10,0.00025459751957512014,0.0,2.2016880079307964e-05,4.2586419863024375e-05,0.26997333016663017,0.0,0.7297074690138594
460,2748,0.95653879966,0.04703258,7.9671088108,65536,10,0.2666324561598079,0.1462768004087835,0.0,0.0013753831342534204,0.49136693055178016,0.0,0.09434842974539247
461,2751,0.48851534039,0.2689199,0.48851534039,65536,10,0.008041569010058458,0.001828633774439853,0.1918753446075872,0.004186210938731956,0.4264876843878527,0.3675790956813359,1.4615999929355433e-06
462,2754,0.99941823464,4.742779e-05,0.99941823464,65536,10,0.0003970991234534858,0.000908609584315225,0.0,7.392132052043254e-05,0.0005514184965543353,0.0,0.998068951475156
463,2757,0.99643261497,0.003641569,6.9740552261,65536,10,0.015655228842066705,0.0013069483233644685,0.0,0.0022146805083449023,0.9009487558999274,0.0,0.07987438642630063
464,2760,0.99735933371,9.369929e-05,0.99735933371,65536,10,0.00028939252415782107,0.0,2.0528320412544764e-05,1.2340480177480713e-05,0.9996758901751762,1.5111000307452415e-06,3.374000162606773e-07
465,2763,0.99831439277,0.00130599,6.3486555915,65536,10,0.003902125208125995,0.001341888421053992,0.0,0.0005152321672167575,0.5593017819343413,0.000108361076273881,0.43483061119298805
466,2766,0.82621344636,0.2293156,0.82621344636,65536,10,0.02156267230024942,0.0026268303520101083,0.0,0.011821178256708975,0.0,0.15061065370287166,0.8133786653881743
467,2769,0.99814204645,2.45881e-05,0.99814204645,65536,10,0.00027475306053636436,0.0,0.0,4.3320680046705165e-05,0.2030763910624338,0.0,0.7966055351969893
468,2772,0.98966722312,0.02870536,9.134125904,65536,10,0.07172577547181748,0.040717117596497876,0.0,4.0572560373300514e-05,0.8057630706200358,0.0,0.08175346375127579
469,2775,0.99746851982,0.0001750222,0.99746851982,65536,10,0.00021661309793637819,0.0,1.876575995518668e-05,7.270539933902749e-06,0.9997555975621918,1.5089399971883232e-06,2.440999944631234e-07
470,2778,0.99864875367,0.002946203,2.2357444021,65536,10,0.0014615555898946672,0.0006669739615085977,0.0,0.0010836636669523116,0.0,0.000792587680311273,0.9959952191013332
471,2781,0.986222417,0.009594556,5.1564793171,65536,10,0.02473009067781092,0.00892165257141818,0.0,0.008343132121848281,0.4375506059043845,0.004985494373235271,0.5154690243513035
472,2784,0.99724105818,5.974705e-05,0.99724105818,65536,10,0.00023973979779747106,0.0,2.20327399211825e-05,4.1175879599232004e-05,0.3253304069878323,0.0,0.6743666445948474
473,2787,0.99106643858,0.02675997,8.7734543611,65536,10,0.03385607267558881,6.181151940101771e-05,0.0,0.009819946131192091,0.8082382392604803,0.0,0.14802393041333972
474,2790,0.26738879262,0.1722186,0.26738879262,65536,10,0.013623235967120012,0.0018533111313885,0.08001713332252805,0.00901989899260723,0.2275267208735072,0.6679595300128477,1.6970000235407764e-07
475,2793,0.99876425708,5.574354e-05,0.99876425708,65536,10,0.0003043755214199339,0.0006993545547161722,0.0,5.4833300002860175e-05,0.07275577637780889,0.0,0.9261856602460533
476,2796,0.99919238694,0.001009628,9.184471037,65536,10,0.0009301140747668882,0.00023742485280021263,0.0,0.0002943990197157524,0.8109311809682299,0.0,0.18760688108448945
477,2799,0.91374794746,0.1800207,0.91374794746,65536,10,0.00025373677841444874,0.0,0.19998992868145124,9.701259951063856e-06,0.7997449948402345,1.5108800008213374e-06,1.27560000068181e-07
478,2802,0.98982066666,0.008983743,5.6030229436,65536,10,0.026223001336619093,0.020590571604723676,0.0,0.010348936138639384,0.46809874001682755,0.00220958702713654,0.472529163876038
479,2805,0.98060143981,0.02618291,2.4261267068,65536,10,0.01162976178056775,0.0025891712011197046,0.0,0.009040281621731533,0.0,0.013068660765463643,0.9636721246311174
480,2808,0.99740002085,3.124071e-05,0.99740002085,65536,10,0.0002216975829221497,0.0,2.1987740408621954e-05,3.640296049569713e-05,0.40408903477421654,0.0,0.5956308769419502
481,2811,0.97095565555,0.03163629,10.522637097,65536,10,0.24393511982965888,0.2103997305832532,0.0,0.00011176876366126429,0.45738586710930296,0.0,0.08816751371401885
482,2814,0.86171888534,0.1930242,0.86171888534,65536,10,0.002270782320464742,0.0003283929433234775,0.09249438662915341,0.0007190960578779305,0.8328631523131013,0.07132411383607716,7.589999914487487e-08
483,2817,0.99970488822,5.989088e-05,0.99970488822,65536,10,0.00043893213981038566,0.0010625405581125855,0.0,8.751621999153742e-05,0.0,0.0,0.9984110110820861
484,2820,0.99544099634,0.004240252,7.9990099983,65536,10,0.01213446265795987,0.0025742212553051405,0.0,0.004058325591894011,0.6310876802639017,0.0006473659839025909,0.34949794424703584
485,2823,0.99659357374,8.349456e-05,0.99659357374,65536,10,0.0002427788603703298,0.0,2.205232017063976e-05,3.9735540133596796e-05,0.3239168713697947,0.0,0.6757785619095471
486,2826,0.99920650681,0.000968293,9.2890100991,65536,10,0.0011354181599031623,0.0016008420395829481,0.0,0.000293767635497352,0.8156008925529252,0.0,0.18136907961208887
487,2829,0.06638822226,0.09343859,0.06638822226,65536,10,0.012696623570876003,0.0016473624393724237,0.0,0.014148684042545292,0.0,0.9085514506040825,0.06295587934313251
488,2832,0.99785303162,0.0001480697,0.99785303162,65536,10,0.0002748020220135453,0.0006139505848835432,0.0,3.89128602994714e-05,0.2654168792169318,0.0,0.733655455315873
489,2835,0.96880680976,0.06482013,11.686705193,65536,10,0.14247250568048686,0.05786312947082407,0.0,2.244871992324227e-05,0.6911405057289909,0.0,0.10850141040004635
490,2838,0.99650912816,0.0002312273,0.99650912816,65536,10,0.00022832504044515586,0.0,2.057128018923012e-05,8.949420029511911e-06,0.9997405442392713,1.5137600140696727e-06,9.626000096565993e-08
491,2841,0.98533204162,0.0155497,4.4306263531,65536,10,0.027044657752039222,0.011221972252139346,0.0,0.018981181988116574,0.0,0.0062936414101687965,0.9364585465975356
492,2844,0.92586951107,0.0337803,5.1655200359,65536,10,0.08722510983890817,0.0353582971330559,0.0,0.04369875717930617,0.0,0.036118198359686784,0.7975996374891022
493,2847,0.99636855922,5.916331e-05,0.99636855922,65536,10,0.0002070461985141196,0.0,2.203911997090813e-05,3.5197679746984884e-05,0.34885137404010874,0.0,0.6508843429616616
494,2850,0.97192238622,0.05825711,12.663465309,65536,10,0.13841883976564884,0.061867691805070756,0.0,1.7208439799225025e-05,0.7350167888612268,0.0,0.06467947112825613
495,2853,0.37075007662,0.3062844,0.37075007662,65536,10,0.010881136286182227,0.0022651250748475455,0.1482621195484963,0.006892317765087215,0.33658291782507954,0.49511595670030084,4.268000058841523e-07
496,2856,0.99880491359,0.0001066041,0.99880491359,65536,10,0.0003157066201508785,0.0009749307187945382,0.0,5.642011986864828e-05,1.8555619726162577e-05,0.0,0.9986343869214596
497,2859,0.99791593635,0.002638232,12.300483348,65536,10,0.004890490390741183,0.003982318049242546,0.0,0.00020484000318343255,0.9131169950820835,0.0,0.07780535647474364
498,2862,0.99567281404,5.752394e-05,0.99567281404,65536,10,0.00025821197989731574,0.0,2.0577460114612212e-05,1.072319998111742e-05,0.9997087586200242,1.503040008358212e-06,2.25700002344675e-07
499,2865,0.99738186856,0.005395074,9.9270664106,65536,10,0.005254927759229292,0.0013640682254286555,0.0,0.002281245256137901,0.5695219229943456,0.0003383067687107463,0.4212395289961477
500,2868,0.99319258375,0.01404996,1.4669958817,65536,10,0.001739966686903091,0.000565558119258247,0.0,0.0012215778610868075,0.0,0.005712731066873086,0.9907601662658788
501,2871,0.99640986943,6.976877e-05,0.99640986943,65536,10,0.00018323316083749093,0.0,1.2343760127615721e-05,2.7939980133109753e-05,0.6058780355147505,0.0,0.3938984475841339
502,2874,0.97984234182,0.02732796,16.732913117,65536,10,0.16731056675449266,0.1822005773388171,0.0,2.4333940080303454e-05,0.6006244387252191,0.0,0.0498400832412725
503,2877,0.94570480062,0.1579579,0.94570480062,65536,10,0.0001641693015159291,0.0,0.09999870673369088,6.717220067776437e-06,0.8998287661246734,1.5198600260400019e-06,1.2076000042616878e-07
504,2880,0.99481590095,0.01054107,2.4865540025,65536,10,0.0019252136333490436,0.0007545721551442325,0.0,0.001745056460695825,0.0,0.006439522576861285,0.9891356351739496
505,2883,0.99180022814,0.01247189,11.389721468,65536,10,0.022987460159670733,0.03822913722488875,0.0,0.006580974783987161,0.5358065940631155,0.001955071186693156,0.39444076258164495
506,2886,0.99433063372,0.0001555363,0.99433063372,65536,10,0.00018131082128439283,0.0,2.210392029398981e-05,2.9841400261017365e-05,0.440635209543775,0.0,0.5591315343143669
507,2889,0.99955342454,1.190213e-05,18.091038471,65536,10,0.0003205427789191087,3.8151399676283234e-05,0.0,2.639831984725142e-05,0.8151125595663338,0.0,0.18450234793522693
508,2892,-0.00311312583,0.02206624,-0.00311312583,65536,10,0.02600136791050232,0.0017729848497063862,0.002182075216352513,0.06216824617601384,0.0,0.9018014723401282,0.006073853507314718
509,2895,0.9967893231,0.0001541286,0.9967893231,65536,10,0.00021339525976358544,0.0004328575191396917,0.0,2.9385740070108936e-05,0.19085067111746476,0.0,0.8084736903635709
510,2898,0.97640282292,0.0732356,23.057504749,65536,10,0.09182139988102694,3.1667399369557966e-05,0.0,0.008464217806249948,0.8088395216988155,0.0,0.09084319321450346
511,2901,0.9425325976,0.1580922,0.9425325976,65536,10,0.00020288415912533223,0.0,0.10000657887025943,8.528599961614923e-06,0.8997804542306392,1.503880003931292e-06,5.0259999885785893e-08
