# games_c3_e4.csv -- memory-two Wright-Fisher run c3_e4 (parameters: runs.csv), one row per sampled game, ipt order 0..511.
# Reduced by provenance/robustness/reduce.py from the packed files c3_e4.{idx,bin} and atoms512.bin.
# Columns:
#   ipt      the game (data/games/games.csv; gid = 2000 + ipt)
#   isl      the task index of the game in the kit's slurm array (isl = 3*(ig - 1) + ie with ie = 3); it fixes the seeds
#   E        realised efficiency: mean per-round payoff of the population over the sampled second half of the
#            ten replicates, divided by Emax = max(1, (1 + u + v)/2)  (the 'ef' column of the .idx)
#   efsd     standard deviation over the ten replicates of each replicate's pay/Emax, as the simulator wrote it (the .idx)
#   pay      mean per-round payoff of the population, the numerator of E
#   ndist    number of distinct strategies with a non-zero count in the summed abundance
#   nrep     replicates found (10 at every game)
#   S_abc    pooled share of the population in the atom abc (efficient-stable-competitive, eps -> 0 atoms):
#            the abundance summed over the ten replicates and the sampled half, normalised, summed over the atom
#            (the atom 101 is empty at every game and has no column)
ipt,isl,E,efsd,pay,ndist,nrep,S_000,S_100,S_010,S_001,S_110,S_011,S_111
0,1368,0.97078459185,0.01257571,0.97078459185,65536,10,0.02703003187184646,0.01069933763280277,0.04624525065382048,0.0013483348562534302,0.9128213504797237,0.0005040535227783986,0.0013516409827766978
1,1371,0.99932560056,0.0001109233,0.99932560056,65536,10,0.0005153674010952864,0.0,2.9783599980578275e-06,1.5216019956488576e-05,0.9986984347357595,5.60000002486317e-09,0.0007679978831537699
2,1374,0.97718840554,0.008458253,0.97718840554,65536,10,0.03941772744862264,0.011992188360930214,0.024291705607105387,0.002426017991894651,0.9206199098055597,0.00021465743385654058,0.0010377933520362402
3,1377,0.98999333613,0.006012113,0.98999333613,65536,10,0.0034608990730022977,0.0,0.020945279106157726,0.00011303983983543064,0.975399214080405,3.2377560720754704e-05,4.919033990675561e-05
4,1380,0.99945024254,2.419605e-05,0.99945024254,65536,10,0.0004120002194534812,0.0,2.0435399928257803e-06,1.4242699985592937e-05,0.9984466103382615,1.4080000058902644e-08,0.0011250891222723389
5,1383,0.98129806452,0.005486037,0.98129806452,65536,10,0.03230834681274186,0.007584242222911007,0.008836134542493483,0.0027705244543469493,0.9466765860150195,0.0014264431257299207,0.00039772282676228703
6,1386,0.99930074139,1.707917e-05,0.99930074139,65536,10,0.00033865716014771445,0.0,7.872599988356758e-06,1.257133998109484e-05,0.9987319043114449,1.5117999931393463e-07,0.0009088434084046618
7,1389,0.97972091349,0.007063203,0.97972091349,65536,10,0.04231538284869628,0.017643773350887196,0.041384741794383985,0.0018074230987962883,0.8918769557472526,0.000533166990425358,0.004438556169568764
8,1392,0.96413838183,0.01728077,0.96413838183,65536,10,0.028663809317734816,0.006593177268030913,0.05197647927298909,0.0028058371867069566,0.9076030500011424,0.001033784262953224,0.001323862690441816
9,1395,0.99940439201,2.645809e-05,0.99940439201,65536,10,0.0003581074595377902,0.0,5.744979979731772e-06,1.2423719964450578e-05,0.9995445216220282,0.0,7.920221852316307e-05
10,1398,0.96468725494,0.005751924,0.96468725494,65536,10,0.07387390783974723,0.02203701228500138,0.05968918910560995,0.006903241519455659,0.8318259014251462,0.003037388719526581,0.0026333591055486094
11,1401,0.99626606025,0.008336012,0.99626606025,65536,10,0.0007198584464982379,0.0,0.008273640724303125,1.2235319985211737e-05,0.9902843437062767,6.228399965402017e-07,0.0007092989629558579
12,1404,0.99955758337,1.147866e-05,0.99955758337,65536,10,0.0004355897999953583,0.0,5.943399980803191e-07,1.5600879994304473e-05,0.9968259655010033,1.5559999977762068e-08,0.002722233918975741
13,1407,0.97104169146,0.00694765,0.97104169146,65536,10,0.0378020778296568,0.010345232326126122,0.02004704890667835,0.0050961665437969355,0.9237125590472416,0.0020177973760772865,0.0009791179704231813
14,1410,0.99930958071,1.943457e-05,0.99930958071,65536,10,0.0003147376398455361,0.0,1.272643993102208e-05,1.1128019989653434e-05,0.9990491013972918,1.1790000099791288e-07,0.0006121886029157157
15,1413,0.98326053287,0.003640725,0.98326053287,65536,10,0.1562779213343589,0.0244148369402914,0.14768180571718711,0.008331889181703822,0.6583648254529132,0.0028226493317572614,0.0021060720417334484
16,1416,0.92519312132,0.02839384,0.92519312132,65536,10,0.030879757448553542,0.010011599788153584,0.15068348558192285,0.0025212039423676,0.8045216349748989,0.001382263504104167,5.476000014858525e-08
17,1419,0.99946568443,3.829868e-05,0.99946568443,65536,10,0.0003568652199853777,0.0,9.607399966944402e-07,2.711318004594385e-05,0.7462476271301546,0.0,0.2533674337297936
18,1422,0.96712389416,0.004936867,0.96712389416,65536,10,0.07847746504719243,0.01652416022717409,0.00823559791580819,0.011657947475928118,0.875933482465727,0.006048759698145086,0.003122587170033747
19,1425,0.999201837,2.787177e-05,0.999201837,65536,10,0.0002950528797739241,0.0,1.3632619932567751e-05,1.009343999135798e-05,0.9995884343785728,5.379800010712706e-07,9.22487016951631e-05
20,1428,0.98463363665,0.001667219,0.98463363665,65536,10,0.1061499860209148,0.0947311283576454,0.03770471509496137,0.0017454729614181236,0.7589034431341085,0.00047397068355088006,0.0002912837473668783
21,1431,0.96343380653,0.009785783,0.96343380653,65536,10,0.03265281025219331,0.006093849939104292,0.0391863238446091,0.004497065448585805,0.9121906902450261,0.0026038436706410017,0.002775416599864864
22,1434,0.99933564825,4.057706e-05,0.99933564825,65536,10,0.00029950219966451034,0.0,6.021399976900855e-06,2.529292006070844e-05,0.7567110203364811,0.0,0.24295816314383928
23,1437,0.99399459791,0.001673458,1.0886376382,65536,10,0.02646124936418477,0.003254854499151013,0.004514530589170878,0.0017357445671662007,0.8921213718813309,0.0,0.07191224909899852
24,1440,0.98605163083,0.0167109,0.98605163083,65536,10,0.00206025778126659,0.0,0.03340789349792281,0.00018799086027751513,0.9643236750013614,1.974755912757809e-05,4.353000108821449e-07
25,1443,0.99957110531,2.677903e-05,0.99957110531,65536,10,0.00039937607935815796,0.0,0.0,2.7101180089268002e-05,0.7503595228762006,0.0,0.24921399986435444
26,1446,0.96414095387,0.007718946,0.96414095387,65536,10,0.060567066446829534,0.012338601828950316,0.002806213340188908,0.013664428633593123,0.8956744325865138,0.004092150876171551,0.010857106287776898
27,1449,0.99922018958,2.557307e-05,0.99922018958,65536,10,0.0002845200396840812,0.0,1.2456539953905417e-05,9.779239992351257e-06,0.9990937048479536,2.2454000194707916e-07,0.000599314792446954
28,1452,0.99573948675,0.002940092,1.1474341742,65536,10,0.02501086559925923,0.013012164036865675,0.0021929118193818207,0.0005338951181428512,0.9337207069698087,0.0,0.02552945645654598
29,1455,0.93286749708,0.02880827,0.93286749708,65536,10,0.021722222887631138,0.005325031971421295,0.14064586239398363,0.0029998964781616246,0.8272176101479891,0.001900897695842416,0.0001884784249608786
30,1458,0.99943201552,3.150664e-05,0.99943201552,65536,10,0.00033418451951682275,0.0,1.1602799916046675e-06,2.9205960020915244e-05,0.7002553496705097,0.0,0.2993800995699812
31,1461,0.99425677866,0.002958442,1.0821281053,65536,10,0.019630881157123442,0.0023125942430663343,0.006314332854810088,0.002302796146962023,0.8852911472534478,0.0,0.08414824834459433
32,1464,0.99913159193,3.134916e-05,0.99913159193,65536,10,0.00027533213994442333,0.0,1.3277799936610723e-05,9.293659983882057e-06,0.9992618890977002,7.109600016916079e-07,0.0004394963424024572
33,1467,0.99943292728,7.239112e-05,0.99943292728,65536,10,0.009513341030791208,0.14683253731481638,0.0,0.0016300432675768522,0.2670699381146799,0.0,0.5749541402721353
34,1470,0.97156336616,0.006342864,0.97156336616,65536,10,0.037330803368141686,0.00656586882808103,0.0,0.006898527246067428,0.9366614705401513,0.00509776817970489,0.007445561837831369
35,1473,0.99926573416,2.947909e-05,0.99926573416,65536,10,0.0002810190002524664,0.0,6.257840027448311e-06,2.6529660094959968e-05,0.696256569778595,0.0,0.30342962372101173
36,1476,0.99857707342,0.001352239,1.2765013566,65536,10,0.004127121083234508,0.0016811493954108534,0.0006835695069272157,0.0003335352989499331,0.9807013673632025,0.0,0.012473257352280583
37,1479,0.98770947786,0.007452433,0.98770947786,65536,10,0.003362627132265233,0.0,0.022576200969478176,0.0002826390191750424,0.9734172140410232,0.00036114907809084044,1.6975999979195127e-07
38,1482,0.99953361898,2.262863e-05,0.99953361898,65536,10,0.0003692237199926459,0.0,0.0,2.971820012263975e-05,0.7147251803839084,0.0,0.2848758776959558
39,1485,0.91684736606,0.00944234,0.91684736606,65536,10,0.19163394727542768,0.03407013085868849,0.029777463289946994,0.04849708104986016,0.6661835095149349,0.014088164675254616,0.015749703335919508
40,1488,0.99913415687,3.174351e-05,0.99913415687,65536,10,0.00026953178011255403,0.0,1.329015999606432e-05,9.661059999668067e-06,0.9994431109348387,5.459800047567349e-07,0.0002638600850153896
41,1491,0.99160595984,0.005567003,1.2157825025,65536,10,0.08484079870938904,0.08619811768368905,0.0,0.0008923765947994703,0.7845125885336731,0.0,0.04355611847842841
42,1494,0.94561292195,0.01645879,0.94561292195,65536,10,0.03164929835847235,0.008535659313221736,0.08209308998302403,0.005432640712640227,0.8565469808177493,0.004532536333196911,0.011209794481695191
43,1497,0.99933007757,3.518269e-05,0.99933007757,65536,10,0.00029241230022346857,0.0,2.8019600130562465e-06,2.6232740079363822e-05,0.7286684662275398,0.0,0.27101008677212296
44,1500,0.9882758356,0.009766945,1.2845655637,65536,10,0.03826920688862583,0.004095798956887367,0.001672243013716604,0.001949160841772718,0.8885820325590421,0.0,0.06543155773996509
45,1503,0.99908800334,2.979719e-05,0.99908800334,65536,10,0.0002787965799033669,0.0,1.4433739939359493e-05,9.070339977360525e-06,0.999695652520138,1.2623399971822397e-06,7.844800089513043e-07
46,1506,0.99903042985,8.686975e-05,0.99903042985,65536,10,0.007759120065588889,0.1137244625760893,0.0,0.001294003764402382,0.2944883042002183,0.0,0.5827341093937
47,1509,0.90002771166,0.0144277,0.90002771166,65536,10,0.14105039573158495,0.0322350273808544,0.006931913838935594,0.03369476098982434,0.7479308308464481,0.020789805328838742,0.017367265883542843
48,1512,0.99917315672,3.20654e-05,0.99917315672,65536,10,0.00026956740008193857,0.0,1.18371000488449e-05,9.223020008324617e-06,0.9996691433411525,2.376600016310956e-07,3.999147873747847e-05
49,1515,0.99830815813,0.002314965,1.4048457577,65536,10,0.006729572225654817,0.0020919048511211717,0.0,0.0001983887815982709,0.9711981415527038,0.0,0.01978199258891116
50,1518,0.92350605953,0.03080977,0.92350605953,65536,10,0.026901076918212245,0.005985232722481614,0.13421218285769815,0.0032660242225799,0.8215974661773661,0.006482184462371384,0.0015558326393118993
51,1521,0.99946779292,1.768968e-05,0.99946779292,65536,10,0.00032839859988326907,0.0,0.0,2.8585020114164374e-05,0.7217210985913387,0.0,0.27792191778864417
52,1524,0.98730373708,0.003385039,1.181100662,65536,10,0.034727901926119784,0.0042625884784471026,0.003974200058325129,0.005488379387589991,0.8412404684813742,0.0,0.11030646166812705
53,1527,0.99906421556,3.296228e-05,0.99906421556,65536,10,0.0002569596602836042,0.0,1.423055999699473e-05,8.823579999948744e-06,0.9985182024523984,6.74580005572529e-07,0.0012011091672839728
54,1530,0.98788172307,0.003774586,1.2059103065,65536,10,0.11016267448995491,0.03796763189307896,0.0,0.011204361220093119,0.7937116950842699,0.0,0.04695363731260654
55,1533,0.97136157501,0.004278893,0.97136157501,65536,10,0.032798851721886485,0.005987720206958099,0.0,0.006315310563399144,0.945496680210867,0.005226416713965636,0.00417502058294576
56,1536,0.99925719441,2.406855e-05,0.99925719441,65536,10,0.00027491382022720566,0.0,5.5679200353368985e-06,2.6061900066973084e-05,0.7080943450865986,0.0,0.29159911127305116
57,1539,0.99408593843,0.004706238,1.4751109213,65536,10,0.018072152685647137,0.006944699489353801,0.002137549247906832,0.0008822731372123093,0.9028337117229449,0.0,0.06912961371692786
58,1542,0.98921214247,0.009440637,0.98921214247,65536,10,0.004106154707443436,0.0,0.016053509218297585,9.782990013695343e-05,0.9750438771605855,0.00042565181980015553,0.004272977193701573
59,1545,0.99898396226,0.0001797672,0.99898396226,65536,10,0.004409309850592047,0.00808534263994446,0.0,0.0005844423792192027,0.5100755745760729,0.0,0.4768453305541747
60,1548,0.87471050766,0.01392824,0.87471050766,65536,10,0.24677578939460923,0.04115058558410264,0.04079784527679389,0.0726475765429629,0.547556886114887,0.03159772788309355,0.019473589203587285
61,1551,0.99909583985,3.196974e-05,0.99909583985,65536,10,0.00025418312015558974,0.0,1.4559280065093527e-05,8.657800010053724e-06,0.9997216677397511,5.499400048928265e-07,3.821199850817227e-07
62,1554,0.98920766959,0.005849455,1.4562798456,65536,10,0.07432097423374606,0.14180717789634947,0.0,0.0014246955169784738,0.7176518393365279,0.0,0.06479531301642794
63,1557,0.94519435123,0.02974691,0.94519435123,65536,10,0.029738905555913634,0.004631568973449971,0.07914600537491093,0.004661918115354607,0.8749255641509033,0.00562260272293078,0.001273435106524449
64,1560,0.99935805058,5.125692e-05,0.99935805058,65536,10,0.0003463073002207322,0.0,0.0,2.732168013388394e-05,0.7296353679530567,0.0,0.26999100306657264
65,1563,0.99112095169,0.00504221,1.4150574525,65536,10,0.023828098494138222,0.003906634973983995,0.0013185173118609394,0.0026458996812284453,0.8960463143022273,0.0,0.0722545352365786
66,1566,0.99901484527,3.822002e-05,0.99901484527,65536,10,0.00024157371995087954,0.0,1.520803996464706e-05,7.50125999010799e-06,0.9982226693773593,1.1819600073371445e-06,0.0015118656426962793
67,1569,0.98309885735,0.003811626,1.1175069043,65536,10,0.10035164077393119,0.10340047318272533,0.004813585639256585,0.06419848946166666,0.3568632692863395,0.02282403446192972,0.3475485071941506
68,1572,0.88318306047,0.01442003,0.88318306047,65536,10,0.140112127684642,0.031036750173256838,0.0,0.04006110999180338,0.7478005943298177,0.02003039288853437,0.02095902493198151
69,1575,0.9991659189,2.888739e-05,0.9991659189,65536,10,0.0002453680003167434,0.0,1.0683320080742746e-05,2.4823480039546754e-05,0.709320870119634,0.0,0.2903982550799183
70,1578,0.99623017673,0.00541705,1.6169282751,65536,10,0.014887619119678678,0.004604453525039378,0.0,0.0001460000998039172,0.944100652768238,0.0,0.03626127448723331
71,1581,0.92452686979,0.03218241,0.92452686979,65536,10,0.01906726394788935,0.0,0.13090341039836212,0.002104103742161134,0.8412046563631478,0.006353581397151358,0.00036698415125631763
72,1584,0.9988305196,0.0001972078,0.9988305196,65536,10,0.0034899982598855963,0.008234096875942698,0.0,0.0005302369031198354,0.4773867383277752,0.0,0.5103589296332842
73,1587,0.9798509271,0.004491471,1.2061543883,65536,10,0.04588195868555845,0.007285836725289307,0.005855250318207937,0.010010081395601975,0.6630374412929926,0.0007917279031895233,0.2671377036791689
74,1590,0.99900927579,4.675442e-05,0.99900927579,65536,10,0.0002422030401169354,0.0,1.5064100064539574e-05,8.154620002272318e-06,0.9992558943694332,6.89620005789067e-07,0.00047799425034835704
75,1593,0.99776781719,0.002903461,1.461573951,65536,10,0.014423468173281075,0.007059860924193425,0.0,0.001246201622787325,0.9530674462080504,0.0,0.02420302307167867
76,1596,0.96584725148,0.00428149,0.96584725148,65536,10,0.03507277510084869,0.006413709001235251,0.0,0.006976875381719665,0.9424113853777336,0.006681220305282833,0.0024440348331707085
77,1599,0.99923841531,4.063735e-05,0.99923841531,65536,10,0.00026327713988965256,0.0,2.696340015796833e-06,2.3605200011322437e-05,0.7371646582344262,0.0,0.26254576308567745
78,1602,0.98879056215,0.00497554,1.6188548608,65536,10,0.03279235075330665,0.010990837978316157,0.0007839893452575811,0.0020636523905727,0.8795379436768107,0.0,0.0738312258557042
79,1605,0.99896534143,3.308906e-05,0.99896534143,65536,10,0.0002535464794229379,0.0,1.3912299922427077e-05,7.699119970930405e-06,0.9989739132102542,1.516859996841151e-06,0.0007494120304596786
80,1608,0.99875165325,0.0001831704,0.99875165325,65536,10,0.011483317252735192,0.03082523783582844,0.0,0.0028313504862408816,0.25438185541758074,0.0,0.7004782390076139
81,1611,0.84773705384,0.01547917,0.84773705384,65536,10,0.2406074314342891,0.03991364498486064,0.028437377222564224,0.0701062994765398,0.560488084440505,0.035460065223148346,0.024987097218129545
82,1614,0.99905387008,3.263948e-05,0.99905387008,65536,10,0.00022070136046298684,0.0,1.4359080122981706e-05,2.12186000503003e-05,0.7395318522727958,0.0,0.2602118686865484
83,1617,0.99024974294,0.01057519,1.6855520527,65536,10,0.05967042136353858,0.09589259724782558,0.0,0.0011612136227254278,0.8231268386737745,0.0,0.02014892909212923
84,1620,0.9273919006,0.018776,0.9273919006,65536,10,0.02553054999671252,0.004241649775747286,0.11619463314073397,0.004465767529800754,0.838102464993122,0.00802298558499924,0.0034419489788865055
85,1623,0.99853493536,0.0002603396,0.99853493536,65536,10,0.003243913208618858,0.011538260827564012,0.0,0.0003619476801076533,0.4614577968674234,0.0,0.5233980814162866
86,1626,0.99280299314,0.004266891,1.4858111201,65536,10,0.016430518853278883,0.0027636146530054377,0.0013672081965024326,0.0027611496234307936,0.8917797291176975,0.0,0.08489777955608198
87,1629,0.99894978001,2.614543e-05,0.99894978001,65536,10,0.00023091607999632012,0.0,1.7092180065407787e-05,7.680219992726367e-06,0.9997025782416356,1.1357600104463927e-06,4.059751826765228e-05
88,1632,0.98847082942,0.003813238,1.3634912564,65536,10,0.042840675681140424,0.036653534007660804,0.0020934735865423717,0.01540943479208465,0.6658320264825035,0.008104761401733858,0.22906609404833364
89,1635,0.86032146972,0.02394008,0.86032146972,65536,10,0.14681046650822327,0.03282496803588375,0.0,0.03707647138419785,0.7360248640142371,0.029671737914914762,0.017591492142514074
90,1638,0.99916124002,3.701205e-05,0.99916124002,65536,10,0.0002532050402960462,0.0,5.862940043350177e-06,2.4492799996173617e-05,0.693996642030467,0.0,0.30571979718921927
91,1641,0.99835967962,0.002255399,1.8022147146,65536,10,0.004294544713368575,0.001094812705889893,0.0,0.0002011961425085162,0.9806141196060669,0.0,0.013795326832171632
92,1644,0.95525556816,0.0353017,0.95525556816,65536,10,0.005908250019103507,0.0,0.09748948224123268,0.00015328586087798792,0.8953901968108339,0.0010583033079062053,4.817600142714782e-07
93,1647,0.9983023513,0.0001982113,0.9983023513,65536,10,0.0072561561912067064,0.0640905249330545,0.0,0.0010762139020603358,0.30621043910683404,0.0,0.6213666658668451
94,1650,0.96398221928,0.007230386,1.160261802,65536,10,0.06991139998155001,0.012736761844318052,0.01064673566110601,0.018909672332346455,0.5225262356531093,0.002045085973860492,0.3632241085537212
95,1653,0.99898107503,4.014446e-05,0.99898107503,65536,10,0.00023101531993052914,0.0,1.4750200101058206e-05,8.124739999874524e-06,0.9996230622363945,6.9006000460777e-07,0.0001223574436018007
96,1656,0.98473288855,0.006495072,1.6833739467,65536,10,0.13403391753416324,0.24113558424340814,0.0,0.011548722961963164,0.5659236225034344,0.0,0.04735815275702941
97,1659,0.9598336601,0.006860316,0.9598336601,65536,10,0.03545505468508102,0.006953430346549818,0.005592825913559505,0.007706711824897054,0.9351731401588995,0.008028396137468457,0.001090440933533715
98,1662,0.99925289027,9.632052e-05,0.99925289027,65536,10,0.0004516508396923308,0.0,0.0,5.9239680090497854e-05,0.6737125361190501,0.0,0.3257765733611494
99,1665,0.99092430956,0.005120095,1.727343645,65536,10,0.02448669669262307,0.00519261170483234,0.00012428727720297197,0.002101405189499444,0.90767796927138,0.0,0.060417029864465774
100,1668,0.99003500754,0.0279772,0.99003500754,65536,10,0.00022404495936728105,0.0,0.026579944616035103,7.01791997868289e-06,0.9731873320046469,1.3847600050792627e-06,2.7573999854098205e-07
101,1671,0.97614494578,0.003309492,1.1863402197,65536,10,0.09678726458124841,0.029426795835778126,0.01086550927120964,0.055638184843597935,0.35917133322623773,0.028911265983754195,0.4191996462582129
102,1674,0.83321700909,0.02473527,0.83321700909,65536,10,0.2088064043595797,0.03597048414269513,0.0,0.0674577848420748,0.5981916192467241,0.042905662956168746,0.04666804445278972
103,1677,0.99903553141,4.159329e-05,0.99903553141,65536,10,0.00022396388038348005,0.0,1.15638000981337e-05,2.1647040024867397e-05,0.7107608162145747,0.0,0.28898200906489935
104,1680,0.98891946185,0.008193509,1.8923707866,65536,10,0.05586429986710834,0.042838412105249433,0.0,0.0015365470864750486,0.872015204604326,0.0,0.02774553633680776
105,1683,0.91669927307,0.03418384,0.91669927307,65536,10,0.02589136993794117,0.004149562536484511,0.1393527641967848,0.003939531089232486,0.8164667019840042,0.010035110671955531,0.00016495958357389765
106,1686,0.99869930777,0.000137737,0.99869930777,65536,10,0.0032653433238498245,0.00806426905937262,0.0,0.00046142094090732144,0.44909678728367,0.0,0.5391121793921919
107,1689,0.97736638931,0.004333368,1.4751169479,65536,10,0.05235986833134788,0.015398254596547086,0.0,0.011239265222094131,0.6285692166979877,0.0008334008557264923,0.2915999942962806
108,1692,0.96560252086,0.1053204,0.96560252086,65536,10,0.00020390259984664761,0.0,0.1000013471778487,7.1124799950200845e-06,0.899786437042339,1.1145800082710347e-06,8.61199995404674e-08
109,1695,0.98771127404,0.009449054,1.6170878427,65536,10,0.04863173370937945,0.01575564692659289,0.0,0.005046962365643369,0.8655233373044157,0.0,0.06504231969396597
110,1698,0.89353748107,0.01740829,0.89353748107,65536,10,0.09902158066764068,0.025209208239618877,0.0,0.024151096790591044,0.8162267049631573,0.02503841874683913,0.010352990592171053
111,1701,0.99917879384,5.029899e-05,0.99917879384,65536,10,0.0002587696398339442,0.0,2.631000016874845e-06,2.5526739966799453e-05,0.692982427125767,0.0,0.30673064549443324
112,1704,0.99801163785,0.002832256,1.9468049283,65536,10,0.004702754914277535,0.0005839634913302606,0.0,0.00020985967801848677,0.9829190186784349,0.0,0.011584403237949977
113,1707,0.99042084915,0.02673615,0.99042084915,65536,10,0.00028068985916142927,0.0,0.022996957864451877,7.372879968450615e-06,0.9756794185813253,1.8388399941673577e-06,0.0010337219751335026
114,1710,0.99868998189,0.0001494164,0.99868998189,65536,10,0.011733725409070401,0.02323000105120948,0.0,0.0028514631762796504,0.2525195252667463,0.0,0.7096652850966858
115,1713,0.96717580295,0.007313089,1.0824057326,65536,10,0.06378389810784288,0.00815011767179084,0.0,0.016396293919033272,0.5386888798306879,0.004337200718390028,0.3686436097522615
116,1716,0.99895652376,3.921644e-05,0.99895652376,65536,10,0.0002022617000369496,0.0,1.5265340116529884e-05,1.9064480002640234e-05,0.7489887047556474,0.0,0.2507747037242192
117,1719,0.99948385428,1.796269e-05,1.9487006983,65536,10,0.00047103821872191364,0.4497544036189984,0.0,2.074677993494581e-05,0.529133169993771,0.0,0.02062064138858417
118,1722,0.9472710527,0.01039687,0.9472710527,65536,10,0.033778002458769454,0.00706514908140858,0.020320363608584444,0.006096564130615057,0.9100656729184745,0.01653536493683392,0.006138882865289821
119,1725,0.99844627109,0.0001368879,0.99844627109,65536,10,0.0028893825629257137,0.008388543861726626,0.0,0.0004134853993533203,0.4548458140648695,0.0,0.5334627741111208
120,1728,0.99235362954,0.004037863,1.7870118095,65536,10,0.01798889338279657,0.0027483547961886633,0.0,0.002594580152196893,0.8994675106751058,0.0,0.07720066099371577
121,1731,0.99883484464,2.765861e-05,0.99883484464,65536,10,0.00020417022013247317,0.0,1.7806660111263203e-05,6.888219998969508e-06,0.999703380976017,1.3241400117316782e-06,6.642978369837548e-05
122,1734,0.98280065747,0.002920297,1.4545257778,65536,10,0.056393860997620435,0.01021603065317796,0.0007925319181112836,0.025901152547831312,0.6619802918139074,0.008562671290217894,0.23615346077910487
123,1737,0.82282237028,0.02263165,0.82282237028,65536,10,0.18503043252128268,0.03556752706541624,0.0,0.05406371435967857,0.6507861965451239,0.04538211814178913,0.02917001136668957
124,1740,0.9990395194,3.641915e-05,0.9990395194,65536,10,0.00022241726047457744,0.0,1.060640009798386e-05,2.1421480067811008e-05,0.7129271193810284,0.0,0.2868184354783082
125,1743,0.99810085106,0.002441079,2.096596612,65536,10,0.006282359186943305,0.0036869521278495975,0.0,0.00025017975814023105,0.9749419515280179,0.0,0.014838557399040284
126,1746,0.95773508322,0.02167685,0.95773508322,65536,10,0.005823030823181747,0.0,0.07594755420653668,0.00037662273828898156,0.9143259847374741,0.0031817020956580017,0.0003451053988281496
127,1749,0.99813800169,0.0002438051,0.99813800169,65536,10,0.006425074258978077,0.034791291864863794,0.0,0.0013214719565903409,0.2913017758351616,0.0,0.6661603860844124
128,1752,0.97602996535,0.006966839,1.4321142802,65536,10,0.04965615965688373,0.0068624131217518815,0.0,0.012949226663185175,0.6486710381891975,0.0014174743199649262,0.28044368804900116
129,1755,0.99885190736,3.153117e-05,0.99885190736,65536,10,0.0002052450400820255,0.0,1.688950013923493e-05,7.082039999911843e-06,0.9992620393024922,1.1241200091292634e-06,0.0005076199972519232
130,1758,0.99601435548,0.003895201,1.8937890138,65536,10,0.01922549338954142,0.00907816660693816,0.0,0.0025008046000826265,0.9375198375733519,0.0,0.03167569783008229
131,1761,0.88645578144,0.01408577,0.88645578144,65536,10,0.09470198772046859,0.023392559906072266,0.0,0.02312154256643023,0.8073523953546462,0.02938746160982858,0.022044052842534197
132,1764,0.99918566917,6.997781e-05,0.99918566917,65536,10,0.0004215645408986673,0.0,0.0,3.564421983932018e-05,0.6280572664107316,0.0,0.37148552482854547
133,1767,0.99286297506,0.005103137,2.0424471259,65536,10,0.018494346313454344,0.030248551126602224,0.0,0.0018579384663803557,0.9012526821017057,0.0,0.04814648199185271
134,1770,0.99880208582,3.587604e-05,0.99880208582,65536,10,0.00021089391995038977,0.0,1.5507759995403564e-05,6.7447199979713465e-06,0.9997648609000246,1.6573800095547924e-06,3.353199909662703e-07
135,1773,0.97473507593,0.004430414,1.2088999477,65536,10,0.08505676420747957,0.011576874425995021,0.0011309929725274279,0.06016825952445227,0.3213942013766277,0.03847718891965937,0.4821957185732752
136,1776,0.66658375134,0.01226809,0.66658375134,65536,10,0.4959020806692383,0.05229030084766017,0.0,0.20422997893149386,0.0,0.14072155650716556,0.10685608304442769
137,1779,0.99894823465,4.387542e-05,0.99894823465,65536,10,0.00020938692009731777,0.0,1.4178940112061978e-05,2.08865400201882e-05,0.6806573553083629,0.0,0.31909819229142833
138,1782,0.9796625242,0.01064063,2.1324880532,65536,10,0.12292455072712243,0.28082501987628355,0.0,0.00370550020547929,0.5316120371324594,0.0,0.06093289205863887
139,1785,0.90998730346,0.01810258,0.90998730346,65536,10,0.024463035048964025,0.003766910064088934,0.10373391162830521,0.0042275487351302035,0.8378362704212885,0.023444066665197303,0.0025282574370003893
140,1788,0.99849814933,0.0002545625,0.99849814933,65536,10,0.0032661188395828626,0.006150881951706443,0.0,0.000495496680789389,0.471988456902311,0.0,0.5180990456256105
141,1791,0.99193891651,0.002444076,1.7935301796,65536,10,0.018410117281849363,0.0036353767813469256,0.0,0.004028089600395231,0.8812017555908273,0.0,0.09272466074557886
142,1794,0.96551073277,0.1053366,0.96551073277,65536,10,0.00018736763967373442,0.0,0.10000303521846339,6.542239990116735e-06,0.8997379073820725,1.3029400088673388e-06,6.384457983818549e-05
143,1797,0.99482735793,0.001911799,1.7545490317,65536,10,0.016826075535342176,0.0029116140796452373,0.0,0.005456699096092485,0.8689414123848819,0.0,0.10586419890403637
144,1800,0.81721411292,0.01924931,0.81721411292,65536,10,0.16572808336287168,0.035943618630544065,0.0,0.043475295977730775,0.675263550255376,0.0461037441293227,0.033485707644164225
145,1803,0.99907574735,4.230147e-05,0.99907574735,65536,10,0.00022928882039501596,0.0,4.2934000350743505e-06,2.2977700051592203e-05,0.6762665974686662,0.0,0.32347684261083015
146,1806,0.99910684285,0.001145742,2.2562837638,65536,10,0.0013561715807396176,0.00034606427729780666,0.0,6.970465963736361e-05,0.9941650392353232,0.0,0.004063020246996586
147,1809,0.98941140104,0.01569447,0.98941140104,65536,10,0.0009533359932877446,0.0,0.02446880063919513,2.6616160043083438e-05,0.9735601518446269,0.0002959910370581293,0.0006951043257550686
148,1812,0.99778193867,0.0002456205,0.99778193867,65536,10,0.013912563742507333,0.0632446134556905,0.0,0.002947330039090537,0.06601184778853011,0.0,0.8538836449741839
149,1815,0.96422852696,0.007918084,1.3211060775,65536,10,0.06493181086949723,0.009866436583007942,0.0,0.019198906547985603,0.5583233149624729,0.00429178225082074,0.3433877487862024
150,1818,0.99882415099,5.60002e-05,0.99882415099,65536,10,0.00018905918017765643,0.0,1.8230460158550837e-05,1.7817580005542166e-05,0.7167742025658961,0.0,0.28300069021373947
151,1821,0.98918060386,0.008153412,2.1425806439,65536,10,0.07766550835409274,0.09181544437572643,0.0,0.003731357047577735,0.7304551421070741,0.0,0.09633254811553096
152,1824,0.92742327588,0.01336339,0.92742327588,65536,10,0.047449317431254134,0.007495219371506402,0.004397898554770051,0.009869903641179562,0.8935664731015608,0.029241557356092795,0.007979630543658826
153,1827,0.99833738524,0.0002282107,0.99833738524,65536,10,0.0024926327009284757,0.006877080534177582,0.0,0.00030557700014939056,0.44268574615701245,0.0,0.5476389636077336
154,1830,0.97782728885,0.02363331,2.0721535321,65536,10,0.05902977349943059,0.009035648425794978,0.0,0.003355627856110187,0.8848720197747957,0.0,0.04370693044389273
155,1833,0.99873736922,3.974398e-05,0.99873736922,65536,10,0.00019538851996451313,0.0,1.956040011130962e-05,6.989240002874228e-06,0.9997763688998739,1.5578400134253725e-06,1.351000008088577e-07
156,1836,0.97739461189,0.006151107,1.4994989602,65536,10,0.06582141241895749,0.007291751215198339,0.00041505747659235226,0.03799495866994846,0.6004074610487979,0.008625325011823674,0.2794440341586516
157,1839,0.5511531045,0.0149878,0.5511531045,65536,10,0.5067204901763184,0.062777238316295,0.0,0.17615636338533638,0.0,0.1374151738087912,0.11693073431326281
158,1842,0.99895323537,4.58376e-05,0.99895323537,65536,10,0.00021170324018277774,0.0,1.1534740092649144e-05,2.1938920005228117e-05,0.6516252831954759,0.0,0.3481295399042615
159,1845,0.98980565565,0.008334491,2.360454503,65536,10,0.053605718386422925,0.06300248212541006,0.0,0.0011723271917445097,0.8235524552648202,0.0,0.05866701703159527
160,1848,0.89279846769,0.03194474,0.89279846769,65536,10,0.021266719895138758,0.004204152561829742,0.1566515059149845,0.003055633225260046,0.789663488549668,0.021067309634581952,0.004091190218512701
161,1851,0.9979854622,0.0002649535,0.9979854622,65536,10,0.005813826997725386,0.056056785919168184,0.0,0.001064097596330429,0.24547924975041588,0.0,0.6915860397363631
162,1854,0.97156480292,0.009210248,1.712098327,65536,10,0.05796621622915442,0.009931826812051623,0.0,0.017396874449538764,0.5748610988967522,0.0007372552572668062,0.33910672835520045
163,1857,0.96544095476,0.1053206,0.96544095476,65536,10,0.00018764723987935004,0.0,0.10000318740358637,6.79137998792207e-06,0.8993923537558789,1.2873800109123412e-06,0.0004087328406927032
164,1860,0.98820813318,0.009526142,2.0343190867,65536,10,0.03821169656170426,0.007468304938741314,0.0,0.005889615559860833,0.8842018437331624,0.0,0.06422853920653664
165,1863,0.85135053498,0.02080794,0.85135053498,65536,10,0.12105978043411972,0.030001011074381835,0.0,0.03008607729079228,0.7562613738289631,0.040198918565652726,0.02239283880606614
166,1866,0.99909293812,0.0001035365,0.99909293812,65536,10,0.0003755045819423518,0.0,9.572200065309148e-07,2.6071340044453893e-05,0.6265080997132442,0.0,0.37308936714478264
167,1869,0.99752260203,0.003618217,2.3730127525,65536,10,0.0067786692780874725,0.0013705634192052655,0.0,0.0004046580392418548,0.9730599154124633,0.0,0.018386193851010944
168,1872,0.99873521366,3.701535e-05,0.99873521366,65536,10,0.00021293403955621642,0.0,1.57804199722204e-05,6.8310799850570115e-06,0.9997624112404617,1.6673200060408734e-06,3.758999965088542e-07
169,1875,0.96337279803,0.005403748,1.1731698039,65536,10,0.11462573700795006,0.018449053422884953,0.0036675627038793863,0.09995338029460102,0.09995511761584061,0.05893928867602883,0.6044098602787765
170,1878,0.95276737235,0.004179835,1.1588591428,65536,10,0.07331941230898513,0.00855994087693702,0.0,0.024206936503370854,0.3427820604169271,0.00789418039163579,0.5432374695021391
171,1881,0.99880660109,6.033973e-05,0.99880660109,65536,10,0.0001905933798571909,0.0,1.5197160106280823e-05,1.817481995705951e-05,0.6996871456363049,0.0,0.30008888900379155
172,1884,0.98435797009,0.008078356,2.3839919588,65536,10,0.10972910664313626,0.29083225720874195,0.0,0.007186166571141234,0.5528028341181475,0.0,0.039449635458894065
173,1887,0.90992148187,0.01857707,0.90992148187,65536,10,0.041217467375739426,0.007813962607727709,0.027474150191548252,0.008224615961352657,0.8692679302228706,0.0415347306301601,0.004467143010611306
174,1890,0.99867946205,0.0001675829,0.99867946205,65536,10,0.002091992978427313,0.005430172244184107,0.0,0.00036183807985996956,0.4284302814321837,0.0,0.5636857152653417
175,1893,0.98872556626,0.006642766,2.1087662468,65536,10,0.022038030016404732,0.005163959630606147,0.0,0.004862773020512454,0.8817378985054115,0.0,0.08619733882706346
176,1896,0.99870454633,2.603937e-05,0.99870454633,65536,10,0.000197040899742771,0.0,1.910182013100547e-05,6.908059985330829e-06,0.9980208084851215,1.5327000116655975e-06,0.0017546080350369193
177,1899,0.98451560364,0.003177845,1.8228921724,65536,10,0.041342959464475276,0.01363569369456604,0.00028135248112100573,0.015081813695965582,0.7494252148246983,0.00438322849082223,0.1758497373483511
178,1902,0.45292332437,0.02675583,0.45292332437,65536,10,0.49946044113920995,0.07723750507273827,0.0,0.151780036629314,0.0,0.15639026537059647,0.11513175178814121
179,1905,0.99895073018,5.506218e-05,0.99895073018,65536,10,0.0002130893002853071,0.0,5.833280047323112e-06,1.9876080007940805e-05,0.7156187358827378,0.0,0.2841424654569005
180,1908,0.99504792956,0.006701915,2.5532113622,65536,10,0.019446635781295622,0.010604918564627482,0.0,0.000707608649064148,0.9238437746649177,0.0,0.04539706234010402
181,1911,0.97101527776,0.02362873,0.97101527776,65536,10,0.007227799070231361,0.0,0.052579740635714335,0.0004365501827819396,0.9366060815962547,0.0027192989025822604,0.00043052961239887697
182,1914,0.99734377162,0.0002750958,0.99734377162,65536,10,0.012305921201020205,0.05632224097570915,0.0,0.00265369686688178,0.06197206137282152,0.0,0.8667460795835673
183,1917,0.96808934496,0.01600235,1.6071795766,65536,10,0.05705384642353127,0.010590920346935923,0.0,0.01736030375092735,0.6179835022724641,0.003012007789542878,0.2939994194166026
184,1920,0.99870506591,5.129507e-05,0.99870506591,65536,10,0.0001793259597219557,0.0,1.9299600127911036e-05,1.6437359946307137e-05,0.710996169873104,0.0,0.2887887672071162
185,1923,0.99661830892,0.004215333,2.3499364325,65536,10,0.01340239033171046,0.005375472929529004,0.0,0.0016719327119613572,0.9512925626022581,0.0,0.028257641424546825
186,1926,0.81936195507,0.02305907,0.81936195507,65536,10,0.10860259726485412,0.024698913454244284,0.0013150187966245912,0.027538471160640097,0.7421141703624385,0.07757378020769018,0.018157048753477262
187,1929,0.99823498059,0.0002686042,0.99823498059,65536,10,0.002293417729305178,0.007108060851870297,0.0,0.00022974940149896232,0.4500905480111936,0.0,0.5402782240061299
188,1932,0.99206530391,0.007430331,2.4380198607,65536,10,0.020322774073367623,0.0022383063976662188,0.0,0.0018956500851382747,0.9092694832031722,0.0,0.06627378624065752
189,1935,0.99866054341,3.573565e-05,0.99866054341,65536,10,0.000184303479770433,0.0,1.9519780098692282e-05,6.378779999195787e-06,0.9994496502202235,1.560540011610887e-06,0.00033858719992840164
190,1938,0.96071261796,0.007156776,1.4861023309,65536,10,0.105808888488736,0.03312155535261533,0.00044063884220967345,0.06228869538148929,0.26959649243606865,0.018315459085896043,0.5104282704129461
191,1941,0.88165539219,0.0191739,0.88768233334,65536,10,0.15994500246929086,0.01654558352353911,0.0,0.09248239717266032,0.0,0.02555498098703109,0.7054720358474467
192,1944,0.99882192059,3.434027e-05,0.99882192059,65536,10,0.00019260786003614668,0.0,1.4154440111095214e-05,1.814999999359179e-05,0.6779228223661429,0.0,0.32185226533373623
193,1947,0.97505019441,0.01515055,2.5966424611,65536,10,0.1461898055621953,0.3696100203161544,0.0,0.005361268963785024,0.42600070195778766,0.0,0.05283820320007987
194,1950,0.89919222328,0.01858018,0.89919222328,65536,10,0.024753697623560868,0.004223492087375386,0.10052160848278843,0.0055109429664574276,0.8331486461518364,0.03023700835237417,0.0016046043355799487
195,1953,0.9980614842,0.0002509683,0.9980614842,65536,10,0.004540800770685205,0.025485183175447523,0.0,0.0007446584632835097,0.32275770298441897,0.0,0.6464716546061622
196,1956,0.9836127057,0.004263282,2.057517984,65536,10,0.032917312481469105,0.00605385487856177,0.0,0.00918468381424988,0.814195813570774,0.0,0.1376483352549467
197,1959,0.99862252879,5.686292e-05,0.99862252879,65536,10,0.00018520594030324878,0.0,2.0792440212653724e-05,6.671460020773945e-06,0.9997777852993304,1.5189400166228268e-06,8.025920088057342e-06
198,1962,0.99352395773,0.002115168,2.1718783001,65536,10,0.018842102924805627,0.0038825986554854378,0.0,0.005119207091962769,0.9328944717870378,0.0,0.03926161954070374
199,1965,0.56687527517,0.0383417,0.56687527517,65536,10,0.3495309891135215,0.0638524991168757,0.0,0.0942630128579174,0.30563249050018043,0.12098966789487071,0.06573134051663566
200,1968,0.99901182084,3.276067e-05,0.99901182084,65536,10,0.0002454560406372166,0.0,9.393200093013828e-07,2.432872010583072e-05,0.6121693640223879,0.0,0.3875599118968438
201,1971,0.99806146867,0.004104209,2.7086062709,65536,10,0.005160953752343234,0.000612778976611377,0.0,0.00015402316144812078,0.9881151250800104,0.0,0.0059571190295942015
202,1974,0.99863032582,5.609762e-05,0.99863032582,65536,10,0.00019732597965696963,0.0,1.6033459964307182e-05,6.484939982781074e-06,0.9997781743803594,1.6975800038883172e-06,2.8365999499122905e-07
203,1977,0.96953783802,0.006428228,1.1153472394,65536,10,0.09915745642244005,0.011681041376589136,0.003513880342058803,0.10815562071437014,0.0,0.075705360911752,0.7017866402328019
204,1980,0.96303999978,0.009242672,1.4440897653,65536,10,0.058628451702039806,0.00892143980067096,0.0,0.019765264885953454,0.5618311633576842,0.0050569563371276275,0.3457967239164987
205,1983,0.9986847608,4.398578e-05,0.9986847608,65536,10,0.00018436309990086682,0.0,1.8212280136806792e-05,1.7630779967748756e-05,0.6955783803459905,0.0,0.3042014134940265
206,1986,0.98858736011,0.007475791,2.6240043406,65536,10,0.06917451545153548,0.0792169952371691,0.0,0.0045313604059762196,0.764021131684998,0.0,0.08305599722031896
207,1989,0.76568708203,0.03949992,0.76568708203,65536,10,0.0778491165418838,0.026013029423050036,0.1062104086136646,0.019943107078214468,0.643504030981356,0.11058395854622081,0.015896348815646593
208,1992,0.99831751378,0.0002254593,0.99831751378,65536,10,0.0026475920947011053,0.004777195454854985,0.0,0.0003045707613683223,0.4131740986354697,0.0,0.5790965430536056
209,1995,0.98573860053,0.0108336,2.4523135594,65536,10,0.030035704003464468,0.006709604209831178,0.0,0.003258801954514852,0.8822398824189757,0.0,0.0777560074132116
210,1998,0.9653013127,0.1053227,0.9653013127,65536,10,0.0001745752198563925,0.0,0.10000521170810286,6.323419996363833e-06,0.8996707726944858,1.5343600125065599e-06,0.00014158259758589414
211,2001,0.98269965728,0.005481601,1.8713518864,65536,10,0.03974703363325439,0.007737394445754342,0.0,0.01856182463940296,0.7118810166504835,0.006499685490863001,0.21557304514024192
212,2004,0.53490112065,0.02134281,0.53490112065,65536,10,0.46787989931415896,0.0516059807188443,0.0,0.1578216704781867,0.0,0.162892322083294,0.15980012740552132
213,2007,0.99883590385,4.836536e-05,0.99883590385,65536,10,0.00020037328033142761,0.0,1.0705620098898555e-05,1.990558000424343e-05,0.6521988886995743,0.0,0.3475701268199707
214,2010,0.99014869126,0.008053186,2.8529626109,65536,10,0.0506064618675939,0.05887207273991193,0.0,0.0016443692974748077,0.8287045189913206,0.0,0.06017257710375064
215,2013,0.93686542481,0.02185676,0.93686542481,65536,10,0.006700381866531219,0.0,0.09810200386115012,0.0010419052447393896,0.8847833814287046,0.009148056224625029,0.00022427137428473527
216,2016,0.99716862834,0.0003015883,0.99716862834,65536,10,0.00967523232999631,0.03246988739395563,0.0,0.002369896155400338,0.09469353517033595,0.0,0.8607914489503129
217,2019,0.97255649447,0.005798399,1.9389395346,65536,10,0.05159665919899533,0.008872712604971595,0.0,0.014469041190508064,0.6873049375286211,0.0018361718552220413,0.23592047762167523
218,2022,0.99862578071,4.619559e-05,0.99862578071,65536,10,0.0001860227202381179,0.0,2.0749740199397195e-05,6.786460005187841e-06,0.9997846509395121,1.5253200165310787e-06,2.6482000033637225e-07
219,2025,0.99120811449,0.004895119,2.5080275631,65536,10,0.0276642684051635,0.0061605051985730575,0.0,0.004460113732159334,0.9027958491016387,0.0,0.0589192635624796
220,2028,0.80489021878,0.02414436,0.80489021878,65536,10,0.11696955453013977,0.027302418291115113,0.0,0.0312531899087118,0.7188559004956134,0.08198882600522472,0.02363011076921527
221,2031,0.9982100577,0.0002065328,0.9982100577,65536,10,0.002071904380778901,0.0,0.0,0.0002022592397893103,0.42496372513254116,0.0,0.5727621112468789
222,2034,0.99738477305,0.002923993,2.8134237469,65536,10,0.005956606245885129,0.0016749042213004834,0.0,0.0004277507222248645,0.9738628049727782,0.0,0.018077933837802262
223,2037,0.96527063851,0.1052862,0.96527063851,65536,10,0.00017718549970709762,0.0,0.10000411325123375,5.91061999051707e-06,0.8993258062783632,1.5653400098694012e-06,0.0004854190107427915
224,2040,0.9544428199,0.01092591,1.4484415451,65536,10,0.10922508158799732,0.022322962407705357,0.0,0.07445371834646285,0.10043381917704411,0.02870270469017007,0.6648617137906595
225,2043,0.91723023469,0.01640924,1.1729619066,65536,10,0.11597301963738563,0.017088337082027782,0.0,0.04617160199435532,0.0,0.01336665882774301,0.8074003824584451
226,2046,0.9986872409,7.784629e-05,0.9986872409,65536,10,0.00018630166020863252,0.0,1.5169220138864625e-05,1.8217159982764438e-05,0.6470388233190422,0.0,0.3527414886406075
227,2049,0.97662765205,0.016615,2.8712280728,65536,10,0.15838856536743257,0.39201699140191076,0.0,0.007013615855470153,0.42015761705392857,0.0,0.022423210321258186
228,2052,0.86512633111,0.01940417,0.86512633111,65536,10,0.03512650529373794,0.005998668573945359,0.07570041301751958,0.007481714332277577,0.8129918140439638,0.05855954750328495,0.004141337235280168
229,2055,0.99770341045,0.0003909964,0.99770341045,65536,10,0.004466520294011126,0.01984032490635687,0.0,0.0008789834387847971,0.31974846827759523,0.0,0.6550657030832526
230,2058,0.9905662687,0.007533218,2.4396563766,65536,10,0.018290576909280213,0.005043617014635349,0.0,0.004868424775211813,0.8884168669074769,0.0,0.08338051439339104
231,2061,0.99849525382,2.81265e-05,0.99849525382,65536,10,0.000177748259777769,0.0,2.075634015094835e-05,6.618019992713315e-06,0.9984822224564851,1.514560011892739e-06,0.0013111403636202705
232,2064,0.98464442752,0.003510225,2.250547151,65536,10,0.03728719562229823,0.016309932538545503,0.0,0.013587669261142368,0.7609625946977926,0.003499876349232929,0.1683527315309917
233,2067,0.39347146837,0.02327596,0.39347146837,65536,10,0.5045462486422448,0.06997974411569564,0.0,0.13825971836473,0.0,0.18135309767432312,0.10586119120300592
234,2070,0.99891425973,4.388163e-05,0.99891425973,65536,10,0.00022109620028995668,0.0,4.2449000354030115e-06,2.175990000159269e-05,0.5870652794255066,0.0,0.4126876195741488
235,2073,0.99762874163,0.002768265,3.0610835022,65536,10,0.007524508704575514,0.0029987829669362452,0.0,0.0002758597605885177,0.980642183957593,0.0,0.008558664610299518
236,2076,0.9645893352,0.03213292,0.9645893352,65536,10,0.0005794664596762459,0.0,0.07783021647762581,6.446499971103874e-06,0.921509271322206,7.443262055938937e-05,1.6662000015945312e-07
237,2079,0.98710357057,0.002954957,1.0218064305,65536,10,0.07165964124185657,0.008329046144063105,0.000714091463043626,0.1718840582504281,0.0,0.11305856047388653,0.6343546024267315
238,2082,0.96564281614,0.008073898,1.7705023313,65536,10,0.05757401472827448,0.012851867951963743,0.0,0.018983485378481473,0.5518205825036058,0.0033214948292058953,0.3554485546084881
239,2085,0.96527068832,0.1053142,0.96527068832,65536,10,0.00017245099993045776,0.0,0.10000581024230039,1.4681299971024725e-05,0.601923824600514,0.0,0.29788323285731155
240,2088,0.99592989715,0.007757444,2.8662162176,65536,10,0.016565971075957746,0.002943323918309614,0.0,0.0002940683821374982,0.9662786606121699,0.0,0.013917976011432158
241,2091,0.76065699938,0.03133515,0.76065699938,65536,10,0.0946155098903418,0.023274348232166748,0.030044577636830893,0.03132096767591305,0.6687500322535814,0.12588066280883323,0.026113901502363552
242,2094,0.99824661521,0.0003983915,0.99824661521,65536,10,0.0021614949959448786,0.006163964984041568,0.0,0.00024543082133295357,0.3847601601902779,0.0,0.606668949008401
243,2097,0.99329123768,0.005056108,2.8605623632,65536,10,0.015751660906196143,0.003636062388869586,0.0,0.0022161098349766464,0.9193570575540964,0.0,0.05903910931586789
244,2100,0.96514806151,0.1053411,0.96514806151,65536,10,0.00016952851974127284,0.0,0.10000537226394712,6.104139991120267e-06,0.8998173126763497,1.5275800118817662e-06,1.5481999804891133e-07
245,2103,0.97933702047,0.006108231,1.8816851443,65536,10,0.04362461611436166,0.00586695176674154,0.0,0.026178922942444654,0.6772545559791766,0.006434269125793129,0.24064068407148861
246,2106,0.70867732792,0.02014563,0.70867732792,65536,10,0.3648284644936496,0.029143114043601936,0.0,0.306651353174897,0.0,0.22894353824640057,0.07043353004147491
247,2109,0.99870072791,4.931804e-05,0.99870072791,65536,10,0.00018287032021024362,0.0,1.4178840126678075e-05,1.7742339980588343e-05,0.6740948731288103,0.0,0.32569033537085085
248,2112,0.97131249211,0.01252455,3.1155037894,65536,10,0.16814013657677399,0.4090024185299134,0.0,0.004381628104582724,0.40322680084452434,0.0,0.015249015944176878
249,2115,0.86531834953,0.03218486,0.86531834953,65536,10,0.02465096607567326,0.003866386323668193,0.1450485061887224,0.005107371982255277,0.7744054989533542,0.04192768499682241,0.004993585479490952
250,2118,0.99709432824,0.0003186346,0.99709432824,65536,10,0.007579412654858397,0.027216548561186025,0.0,0.0015127604227484195,0.12957326899751634,0.0,0.834118009363695
251,2121,0.97499384572,0.006807575,2.3189428821,65536,10,0.04884746897742919,0.012201853391004,0.0,0.014639857068449225,0.702137816528516,0.0007112510801765613,0.22146175295439413
252,2124,0.9984411713,4.188334e-05,0.9984411713,65536,10,0.00016821353960261992,0.0,2.073028012425164e-05,6.226279991620598e-06,0.9998030105003086,1.5078000081275719e-06,3.1159999581823356e-07
253,2127,0.98993280488,0.005477309,2.658027585,65536,10,0.025163404723585175,0.004842946926251559,0.0,0.0061621608563126136,0.8844706639406427,0.0,0.07936082355320406
254,2130,0.45352081709,0.03652649,0.45352081709,65536,10,0.39360783663256915,0.05974514878663202,0.0,0.11582752744961618,0.1864937095660309,0.15818973490574265,0.08613604265940543
255,2133,0.99877780702,0.0001801677,0.99877780702,65536,10,0.0007006426027485197,0.0,0.0,4.428535916835148e-05,0.5268073678235227,0.0,0.4724477042145737
256,2136,0.99755892534,0.005758303,3.2089444336,65536,10,0.006643299672844856,0.0007049539179150288,0.0,0.00013085437870543988,0.9873784919755069,0.0,0.00514240005503866
257,2139,0.99849799027,3.493936e-05,0.99849799027,65536,10,0.0001806410395147484,0.0,1.9126520042583855e-05,6.458739982713812e-06,0.9997441426793641,1.5935400103075235e-06,4.8037481117396005e-05
258,2142,0.95225528069,0.01061074,1.3753765236,65536,10,0.1061880727949771,0.015312269608717476,0.00010581186124349832,0.08904856172967654,0.0,0.040821553156701065,0.748523730848697
259,2145,0.95938256855,0.008306545,1.5430694242,65536,10,0.059797578258487784,0.00703720331881726,0.0,0.022454079467578693,0.497444662728607,0.005797197519157933,0.4074692787073704
260,2148,0.99855785857,7.106734e-05,0.99855785857,65536,10,0.0001842298599245474,0.0,1.824396013435061e-05,1.7018299960502944e-05,0.6084036974226698,0.0,0.3913768104573293
261,2151,0.98767893192,0.0059135,3.1815028876,65536,10,0.07738387019872928,0.0928851387817081,0.0,0.0033781928851020653,0.7688973672116377,0.0,0.057455430922814445
262,2154,0.69430754879,0.03650048,0.69430754879,65536,10,0.07618568926158616,0.018437323908175256,0.14662226734169187,0.02322328611042616,0.5669212494215872,0.15551460105964635,0.013095582896928484
263,2157,0.9977204848,0.0003720977,0.9977204848,65536,10,0.003492697754114027,0.017562534170944576,0.0,0.000593051864690934,0.313408172013788,0.0,0.6649435441964637
264,2160,0.99077241634,0.005094611,2.8571786577,65536,10,0.01978735801798134,0.004529187222660154,0.0,0.0034238552100401393,0.9188777249895205,0.0,0.05338187455980076
265,2163,0.99841135195,5.953917e-05,0.99841135195,65536,10,0.00017597689967728327,0.0,2.0767300134486084e-05,6.484919993893124e-06,0.9992728510928729,1.5301400096954409e-06,0.0005223896473426386
266,2166,0.98271560554,0.006105941,2.3176349486,65536,10,0.036115407805668,0.008579987159677869,0.0,0.014552313249221932,0.6994194852582821,0.0046364191138809395,0.23669638741326998
267,2169,0.45305743233,0.03713629,0.45305743233,65536,10,0.4820053164825186,0.05052955862447392,0.0,0.15665643292108866,0.0,0.18597164169724062,0.12483705027467268
268,2172,0.99873553108,7.610629e-05,0.99873553108,65536,10,0.00018989024000917612,0.0,1.0583600081867913e-05,1.8123939967776147e-05,0.6240443729964851,0.0,0.3757370292234779
269,2175,0.9848857744,0.01094,3.3966055784,65536,10,0.07416007525907901,0.056437749435604444,0.0,0.0008345686024009536,0.8232436660315923,0.0,0.04532394067124642
270,2178,0.95973200745,0.02773803,0.95973200745,65536,10,0.003044808938836055,0.0,0.0727450579534531,0.00024242364101423954,0.9198035318941484,0.0040043578151200835,0.00015981975746156562
271,2181,0.99757407405,0.0002312147,0.99757407405,65536,10,0.012096619039728114,0.04064137939951863,0.0,0.0029456062794647356,0.008728125662951157,0.0,0.9355882696183343
272,2184,0.97044061719,0.00772703,2.1626420785,65536,10,0.05361855047464521,0.008579720017296188,0.0,0.01691599018240589,0.5735041895028663,0.00268319879157638,0.344698351031219
273,2187,0.99844345742,7.434535e-05,0.99844345742,65536,10,0.00016617611992390937,0.0,2.227454017191356e-05,1.4862219950291368e-05,0.7129989033342993,0.0,0.2867977837856773
274,2190,0.99622415549,0.003623194,3.0840142314,65536,10,0.011407415423389336,0.0024576527823126746,0.0,0.0011899534028904488,0.9428457264714016,0.0,0.04209925192000897
275,2193,0.56810565434,0.05945087,0.56810565434,65536,10,0.18947098868445397,0.03295885784410173,0.0,0.06099345896210221,0.4443341674140822,0.22865338537982227,0.0435891417154171
276,2196,0.99809038495,0.0003057666,0.99809038495,65536,10,0.001966634496020741,0.005039901213856613,0.0,0.00011894363935531246,0.40568736916241344,0.0,0.5871871514883604
277,2199,0.99081950423,0.009780395,3.2883789894,65536,10,0.023523096196912095,0.002766054826913364,0.0,0.0012892164378170015,0.9247446385244266,0.0,0.04767699401393563
278,2202,0.99841018929,5.062742e-05,0.99841018929,65536,10,0.00016829627985562347,0.0,1.919242014363882e-05,6.072959998880309e-06,0.9998047274600234,1.5481200109478178e-06,1.6276000316941744e-07
279,2205,0.9309387587,0.01551015,1.7696018494,65536,10,0.138534330896701,0.04234925098945972,0.0,0.08689094495122232,0.08995987497497261,0.02425373309676183,0.6180118650908728
280,2208,0.91715879457,0.02849738,1.2046665807,65536,10,0.10368018266847741,0.01382419168991597,0.0,0.04418730252752661,0.0,0.015895979994658072,0.8224123431194653
281,2211,0.99858616226,4.705694e-05,0.99858616226,65536,10,0.00018427623995221582,0.0,1.5202020119426112e-05,1.697775996178473e-05,0.5903078588629698,0.0,0.4094756851170171
282,2214,0.97614091245,0.01279603,3.4684460058,65536,10,0.15587329620627705,0.4604369180029386,0.0,0.006788176685657453,0.35963792636973047,0.0,0.017263682735396656
283,2217,0.79789356291,0.03094095,0.79789356291,65536,10,0.041178261240349394,0.006489188589849295,0.11588771625932635,0.015509604371882948,0.7286057171671938,0.08686320804351257,0.005466304327913082
284,2220,0.99679702106,0.0003272291,0.99679702106,65536,10,0.006493800734703131,0.027565407226118284,0.0,0.0014484854011640774,0.13890093676383822,0.0,0.8255913698741771
285,2223,0.98966458044,0.004912148,2.7964789683,65536,10,0.02093815055341921,0.0052047263862270675,0.0,0.005267631487410733,0.8357025747485599,0.0,0.13288691682439352
286,2226,0.99834966239,5.264705e-05,0.99834966239,65536,10,0.00017076669977683924,0.0,2.0776620149397914e-05,6.279699991935129e-06,0.9987014906895988,1.5179400106478353e-06,0.0010991683505050245
287,2229,0.99586830762,0.003022843,2.8120636831,65536,10,0.008964212960174198,0.0022556870102937647,0.0,0.0027874585981130665,0.9318759452315367,0.0,0.05411669619988658
288,2232,0.35416396277,0.03166346,0.35416396277,65536,10,0.48118378589740685,0.06563792078582019,0.0,0.1349715329121119,0.0,0.19925904473553388,0.11894771566912492
289,2235,0.99881536039,5.598468e-05,0.99881536039,65536,10,0.0002842177803235997,0.0,9.367800064096203e-07,2.2546199964087376e-05,0.5165615710731604,0.0,0.4831307281665596
290,2238,0.99662619266,0.0050622,3.643914517,65536,10,0.010994619069171598,0.00421988990146119,0.0,0.00024025771457335433,0.9713311933126203,0.0,0.01321404000218517
291,2241,0.98447389676,0.04293014,0.98447389676,65536,10,0.00018137905968044086,0.0,0.0387225396284817,6.11527999762101e-06,0.960984612131172,1.6359200111971829e-06,0.00010371798061767424
292,2244,0.95912763203,0.006583613,1.2691581459,65536,10,0.08981286486082421,0.008879686173966428,0.0002983439288766312,0.08713515471647364,0.0,0.05282094726153459,0.7610530030583161
293,2247,0.95723083445,0.007911065,1.9214726369,65536,10,0.06489735033019986,0.011423629660234462,0.0,0.024184304916697746,0.5122911218493543,0.006253310986370184,0.3809502822571513
294,2250,0.99840213836,4.398721e-05,0.99840213836,65536,10,0.00017613021998974938,0.0,1.9289360153733985e-05,1.6565559950751797e-05,0.6516250713557107,0.0,0.3481629435042147
295,2253,0.99715927372,0.003873135,3.5032036008,65536,10,0.009890304363555652,0.0047829380874143314,0.0,0.0011861914498992369,0.9573907785187115,0.0,0.02674978758042743
296,2256,0.63184186485,0.03762696,0.63184186485,65536,10,0.08658883154636883,0.01878534786893563,0.14337850999449528,0.02823013165231989,0.4994826214546657,0.20403606733895835,0.01949849014426918
297,2259,0.99754107015,0.0003680489,0.99754107015,65536,10,0.0030816731035214944,0.019457494693774606,0.0,0.0004521076230456916,0.3082640231140761,0.0,0.6687447014655818
298,2262,0.99528070751,0.003070959,3.3512967573,65536,10,0.009665537154773411,0.001590409849888132,0.0,0.001990559265475417,0.9169803110408765,0.0,0.06977318268899188
299,2265,0.93162107585,0.1404794,0.93162107585,65536,10,0.00015157191985175312,0.0,0.19999397319830256,5.504199993235657e-06,0.7998470141818737,1.5289400108820442e-06,4.075600033922129e-07
300,2268,0.98145885264,0.008524686,2.3587599964,65536,10,0.03897435308993307,0.005750211180671453,0.0,0.019061529501228747,0.6201612828525088,0.004973369633285169,0.3110792537423706
301,2271,0.59379121225,0.02288247,0.59379121225,65536,10,0.4361880376367458,0.03318831940990015,0.0,0.18054364486948782,0.0,0.19670477973228256,0.15337521835157336
302,2274,0.99856500543,5.315539e-05,0.99856500543,65536,10,0.0001813232402463524,0.0,1.2477780115471104e-05,1.6491100004005424e-05,0.6484465673081092,0.0,0.3513431405715052
303,2277,0.9834814191,0.008621109,3.8042674815,65536,10,0.09456179486043446,0.21870362614810326,0.0,0.0028177893974236875,0.6408076859046514,0.0,0.043109103689301556
304,2280,0.84795987436,0.04839066,0.84795987436,65536,10,0.02604618346311444,0.008318686524041446,0.17552699825931656,0.0070138826870230295,0.7364987504812573,0.03953081435962057,0.007064684225620581
305,2283,0.99657557409,0.0005179737,0.99657557409,65536,10,0.010779311819339733,0.031027890293444174,0.0,0.002731620768331314,0.02466018175214672,0.0,0.9308009953667297
306,2286,0.97430385021,0.008303604,2.6289077521,65536,10,0.04695242961289244,0.010289794705035347,0.0,0.014579879083504924,0.6691307123881265,0.0011062947820827034,0.25794088942836213
307,2289,0.9649834996,0.1053329,0.9649834996,65536,10,0.0001722008398478051,0.0,0.10000735756136438,6.6809999988322415e-06,0.8998121534788095,1.522720012181642e-06,8.440000074697248e-08
308,2292,0.99147560813,0.007199123,3.2857153088,65536,10,0.023290934398034025,0.0039679921079490334,0.0,0.0023551757984617144,0.8973646040342108,0.0,0.07302129366133064
309,2295,0.37971598478,0.0306352,0.37971598478,65536,10,0.29272211108427937,0.043307957315219144,0.0,0.10177248260316368,0.1981628199937668,0.30076980035096795,0.06326482865259053
310,2298,0.99798303688,0.0002820064,0.99798303688,65536,10,0.001789214237876104,0.006104177616707064,0.0,0.00011256471976440955,0.3371034654366767,0.0,0.6548905779889796
311,2301,0.99870525937,0.0009790896,3.8168291333,65536,10,0.0025672557157449664,0.0017136080751079348,0.0,0.00023237257956967467,0.9728668690158208,0.0,0.02261989461374866
312,2304,0.99826371713,4.457978e-05,0.99826371713,65536,10,0.00016354302019803502,0.0,1.922354017659903e-05,5.994979999296179e-06,0.9994547211234498,1.5468600147439543e-06,0.0003549704761235309
313,2307,0.93543811942,0.01221397,1.7206032206,65536,10,0.11955481667341332,0.028285613147030146,0.0,0.0804092388772668,0.0,0.035879587033278926,0.7358707442690486
314,2310,0.89736893886,0.02201768,1.5331513267,65536,10,0.1341492564180261,0.021870937614416972,0.0,0.060367539375868445,0.0,0.01617185303825334,0.7674404135534644
315,2313,0.99838208943,6.944169e-05,0.99838208943,65536,10,0.00016949457984948428,0.0,1.9264400141860365e-05,1.5533379954409605e-05,0.6546595624761514,0.0,0.34513614516392555
316,2316,0.98824982361,0.007660452,3.8844780664,65536,10,0.07262631629997818,0.12693068449275685,0.0,0.002753148343175314,0.7480757379861591,0.0,0.0496141128779145
317,2319,0.62852134132,0.05368258,0.62852134132,65536,10,0.06883068863875867,0.013882118504000751,0.1712845810494382,0.022219166579956158,0.5201515493451341,0.18621527891816889,0.01741661696453004
318,2322,0.99774850547,0.0002675916,0.99774850547,65536,10,0.0034292994936077153,0.013000471933137286,0.0,0.0006292228196245752,0.2926451776494736,0.0,0.6902958281041586
319,2325,0.98701919598,0.006078608,3.3099842959,65536,10,0.02377560080430913,0.008005774295570483,0.0,0.006471338423429224,0.8249135743602324,0.0,0.13683371211645656
320,2328,0.99813475192,8.974879e-05,0.99813475192,65536,10,0.0001617333397565548,0.0,2.0786260145871517e-05,6.0673399958615255e-06,0.9998089061801202,1.5238400093621243e-06,9.830400045614041e-07
321,2331,0.98247869504,0.004339973,2.8980243148,65536,10,0.036004471967801016,0.008706988012033842,0.0,0.013979366013768525,0.7188450089520192,0.003486617027543903,0.2189775480268406
322,2334,0.40016559357,0.02636157,0.40016559357,65536,10,0.4664902406074964,0.0473723967877986,0.0,0.15580424746257052,0.0,0.1972429804722815,0.13309013466985745
323,2337,0.99867315755,5.393712e-05,0.99867315755,65536,10,0.0002145924999649917,0.0,5.371640044590135e-06,2.0212479987380244e-05,0.5277882809024522,0.0,0.4719715424775394
324,2340,0.99351088272,0.008659465,4.1302498317,65536,10,0.028137055240210422,0.023321117025870763,0.0,0.0010232083425756257,0.9137632026571911,0.0,0.03375541673416011
325,2343,0.96983699341,0.02939901,0.96983699341,65536,10,0.0003336710404737293,0.0,0.075526882124521,5.60379999140677e-06,0.9232141811912455,0.0005935480159002176,0.00032611382782222337
326,2346,0.97719906569,0.002231364,1.1189120161,65536,10,0.06268617258583066,0.004621753061697819,0.0002744187626668614,0.08677215332774421,0.0,0.06597450351002372,0.7796709987520167
327,2349,0.96390388458,0.005169729,2.4045824933,65536,10,0.05805470659426988,0.009971851370962504,0.0,0.020338547123629563,0.5588098899180762,0.0042623322289584275,0.3485626727641027
328,2352,0.99820352981,6.043164e-05,0.99820352981,65536,10,0.00015791328008983593,0.0,2.2198000197011457e-05,1.3666359973177373e-05,0.6909854844074469,0.0,0.30882073795227133
329,2355,0.99650598248,0.004855724,3.8132897386,65536,10,0.010899940298360439,0.0032637340032182095,0.0,0.001292697636792519,0.9483070971167323,0.0,0.03623653094488762
330,2358,0.4903118387,0.0420268,0.4903118387,65536,10,0.13020230310720618,0.02043103856187364,0.04048559275691882,0.045966948262402434,0.39755481445943164,0.3383958754433072,0.026963427408890205
331,2361,0.99743398041,0.0003223246,0.99743398041,65536,10,0.0026910656189291188,0.019380697716406336,0.0,0.00037542173912325557,0.2567861064773665,0.0,0.7207667084481753
332,2364,0.99383351927,0.00382786,3.9132194821,65536,10,0.013497122507173628,0.003002161345729982,0.0,0.001990053166084179,0.8892657012581571,0.0,0.09224496172285183
333,2367,0.99810068592,7.003811e-05,0.99810068592,65536,10,0.00016017397959697718,0.0,2.0857080122097078e-05,5.983819987872121e-06,0.9998113210603116,1.5414400090857544e-06,1.2261999863266864e-07
334,2370,0.9606159363,0.005665215,2.3246155177,65536,10,0.0720666638479852,0.010415749681140318,0.0,0.039567951009238,0.3258826491394196,0.012589446436279912,0.5394775398859364
335,2373,0.91984926441,0.02949612,1.2189799334,65536,10,0.0938354643628518,0.00960074083366302,0.0,0.03790496622117114,0.0,0.02044156439194573,0.8382172641903601
336,2376,0.99841614241,2.863158e-05,0.99841614241,65536,10,0.0001729250401171967,0.0,1.5188980127155456e-05,1.663033997096324e-05,0.6117926786701516,0.0,0.3880025769696107
337,2379,0.99940101716,4.231891e-05,4.3426121346,65536,10,0.00043629583974927046,0.4627548990731713,0.0,1.6147419997248483e-05,0.49948433388633456,0.0,0.03730832378073884
338,2382,0.82614716848,0.03991736,0.82614716848,65536,10,0.03255149097243911,0.0033156140949093275,0.10620213397715968,0.008147515810140763,0.7633714844432763,0.07742579813520108,0.008985962566884912
339,2385,0.99612716817,0.000823416,0.99612716817,65536,10,0.008554835202255978,0.033340268583828866,0.0,0.0020437753442652377,0.015709786597433998,0.0,0.9403513342722148
340,2388,0.97676450071,0.009423494,3.193562059,65536,10,0.045821174797520466,0.025079702061777075,0.0,0.012169927486339178,0.6846465678223473,0.0008090794738141086,0.23147354835818867
341,2391,0.99809002918,3.426178e-05,0.99809002918,65536,10,0.0001660275401423571,0.0,2.0731560193352184e-05,6.5253400110098235e-06,0.9997679106594942,1.5236000137827057e-06,3.7281300108644476e-05
342,2394,0.99435327489,0.003800721,3.5215060072,65536,10,0.010774025205336494,0.0021209489295141047,0.0,0.0036452164022674517,0.9619278595049875,0.0,0.0215319499578902
343,2397,0.25088887111,0.03858468,0.25088887111,65536,10,0.3929559439996814,0.05054607105240687,0.0,0.12110645947458629,0.0,0.3410138787760603,0.0943776466972506
344,2400,0.99787257056,0.0002336767,0.99787257056,65536,10,0.0014694807616735949,0.0,0.0,8.424718009133186e-05,0.38072494778294963,0.0,0.6177213242752944
345,2403,0.99212077141,0.01315101,4.3807363945,65536,10,0.02997501380194168,0.012152137198786899,0.0,0.0003383011611085339,0.9146292544318836,0.0,0.04290529340628737
346,2406,0.99811982414,5.507096e-05,0.99811982414,65536,10,0.00016117292002723388,0.0,1.9087520155349906e-05,5.781560007266061e-06,0.9996205997032416,1.5585600138134882e-06,0.0001917997365182918
347,2409,0.94208416048,0.006483357,1.6307072016,65536,10,0.10035416952859402,0.011424144127891956,5.137663994339593e-05,0.08240516121956713,0.0,0.0339953823537364,0.7717697661302596
348,2412,0.96141554814,0.01100944,2.1199963943,65536,10,0.05606594913624068,0.007825708450117696,0.0,0.024095552226760908,0.5439561822189648,0.0047364903874186435,0.3633201175804992
349,2415,0.99823113949,4.994416e-05,0.99823113949,65536,10,0.00016894412036463915,0.0,2.222930021607044e-05,1.701544000042701e-05,0.5634978992955332,0.0,0.4362939118438702
350,2418,0.99544690943,0.004743284,4.3404984869,65536,10,0.0197695963189039,0.011224117429608216,0.0,0.00048777279755856957,0.9566556352581349,0.0,0.0118628781957858
351,2421,0.54573227829,0.03791558,0.54573227829,65536,10,0.07778550229699109,0.013331345492981284,0.20837715414413022,0.028944367134803698,0.4230679016429297,0.2380074845573743,0.010486244730827057
352,2424,0.99769167274,0.0002955114,0.99769167274,65536,10,0.0026701509757678598,0.012247113185798065,0.0,0.0005059446407203265,0.25081266761648724,0.0,0.7337641235812279
353,2427,0.99041591602,0.009748918,3.9582784535,65536,10,0.01880506306998345,0.0023959746734301037,0.0,0.0022908634902104627,0.9198329972487956,0.0,0.05667510151757609
354,2430,0.93137617086,0.1404848,0.93137617086,65536,10,0.00014305484010400797,0.0,0.1999942131987143,5.245500006705492e-06,0.7988093705193615,1.5236800130473489e-06,0.0010465922617485563
355,2433,0.97743865373,0.005546801,2.9996103216,65536,10,0.042908871856679964,0.010050951384536027,0.0,0.018729718324036797,0.7102169494400083,0.004744696422113572,0.2133488125726279
356,2436,0.52834626226,0.01795696,0.52834626226,65536,10,0.42952316422757036,0.031863203975408115,0.0,0.1662080145764109,0.0,0.2174925541506575,0.15491306306996094
357,2439,0.99850643059,5.83998e-05,0.99850643059,65536,10,0.0001864214203117089,0.0,1.0690340094580469e-05,1.798935998297566e-05,0.5138620892438845,0.0,0.48592280963571155
358,2442,0.98153150658,0.01245344,4.66419171,65536,10,0.10420410706168756,0.22530361019691325,0.0,0.0036490037106553224,0.583936914047917,0.0,0.08290636498285882
359,2445,0.96196153399,0.03093647,0.96196153399,65536,10,0.004559895201098442,0.0,0.05336896189144649,0.0006712820997702057,0.9340539942368099,0.006652653305074786,0.0006932132658339416
360,2448,0.99789355808,0.0002568867,0.99789355808,65536,10,0.010105806618755145,0.028856329282590635,0.0,0.002705783777670927,0.0036036954688206143,0.0,0.9547283848521562
361,2451,0.97826195721,0.006280021,3.0384396044,65536,10,0.038319349992867555,0.007832469362305078,0.0,0.011984399956141135,0.6472342662225395,0.0017845035506279757,0.29284501091551335
362,2454,0.9980036883,7.432002e-05,0.9980036883,65536,10,0.00015264696000071633,0.0,2.2271680184159675e-05,1.316277996482153e-05,0.7015992961742655,0.0,0.2982126224055863
363,2457,0.99292604098,0.00492066,4.1530295249,65536,10,0.017856505975034916,0.0036458404725807866,0.0,0.0030713851831581573,0.9143514225739925,0.0,0.06107484579524007
364,2460,0.43229601384,0.05758749,0.43229601384,65536,10,0.14877543800078818,0.01849089371461918,0.004091884808518006,0.056580030361383885,0.3357938206316644,0.3836990245114346,0.052568907971578954
365,2463,0.99763294472,0.0003083391,0.99763294472,65536,10,0.0019658423806990454,0.003960924242052476,0.0,0.000138290800164423,0.3511697305152541,0.0,0.6427652120618298
366,2466,0.99338878084,0.008639857,4.6060643862,65536,10,0.01670786100187568,0.0033051097177854666,0.0,0.0005558540172466328,0.9350355092272624,0.0,0.044395666035841844
367,2469,0.99798762643,6.287281e-05,0.99798762643,65536,10,0.00015526667982147043,0.0,2.091588015068584e-05,5.5785999960582e-06,0.998776132667919,1.534180011497369e-06,0.00104057199213684
368,2472,0.93815027949,0.01679659,2.2592564348,65536,10,0.10466542331005659,0.028602068384459736,0.0,0.06779136720790563,0.1062574944678989,0.018575770823089085,0.6741078758066241
369,2475,0.90963433346,0.02306735,1.6535979607,65536,10,0.10789845459386203,0.015665322682977764,0.0,0.05296560518092951,0.0,0.01764321555035801,0.8058274019918638
370,2478,0.99820221037,4.734723e-05,0.99820221037,65536,10,0.00017013831975526357,0.0,1.9295700123698014e-05,1.6852819930510034e-05,0.5124606366949809,0.0,0.48733307646522195
371,2481,0.97384530634,0.01725429,4.788389763,65536,10,0.1694538694636599,0.34808560432451696,0.0,0.005238182986318217,0.4502314037551433,0.0,0.026990939470425922
372,2484,0.53768526434,0.06401772,0.53768526434,65536,10,0.07187143498663535,0.015403418046450158,0.25111977568228183,0.025465180927960535,0.3969481460324599,0.22103657028394252,0.018155474040233942
373,2487,0.99649620682,0.0003004295,0.99649620682,65536,10,0.00593332725423242,0.02425810849697096,0.0,0.0011490632822118698,0.08816792348347464,0.0,0.8804915774831138
374,2490,0.98881175794,0.004999872,3.9451078486,65536,10,0.021002300281737833,0.006000298014701918,0.0,0.005684337933535592,0.8610520819849913,0.0,0.1062609817850148
375,2493,0.9978647572,6.507859e-05,0.9978647572,65536,10,0.0001526474797736371,0.0,2.0765600146284562e-05,5.9555999928511395e-06,0.9998188719201102,1.5171000108925566e-06,2.4230000243556763e-07
376,2496,0.99162871238,0.00444795,3.7650902673,65536,10,0.02059262243003665,0.0042433691169195585,0.0,0.005859493561135301,0.8821194273201916,0.0,0.08718508757172051
377,2499,0.36805985314,0.04539291,0.36805985314,65536,10,0.43383218993796296,0.04204517645483722,0.0,0.1310532117055456,0.0,0.217153423543769,0.17591599835788949
378,2502,0.99850818885,5.933675e-05,0.99850818885,65536,10,0.0002429197604592435,0.0,9.360200064523176e-07,2.0574779965094372e-05,0.42398919503945903,0.0,0.5757463744001217
379,2505,0.98988769838,0.009943467,5.0997583523,65536,10,0.04325710752692448,0.02963438757468687,0.0,0.0006218175440708192,0.8693968341408931,0.0,0.05708985321343713
380,2508,0.99798465826,5.33765e-05,0.99798465826,65536,10,0.0001531644799724293,0.0,1.8829300110606768e-05,5.440739994980899e-06,0.9998208324998707,1.594120012096148e-06,1.38860002906183e-07
381,2511,0.94981727818,0.01548805,1.485944609,65536,10,0.08455948134034628,0.007222907118116613,0.0002185774998173581,0.07573990276995078,0.0,0.04059551638755307,0.7916636148842163
382,2514,0.97326375284,0.007726918,2.7734215144,65536,10,0.03956131218659084,0.006726765397677258,0.0,0.015366360970868867,0.5815626330683594,0.0037655546540833924,0.35301737372242514
383,2517,0.99795329812,5.866764e-05,0.99795329812,65536,10,0.0001593166602894587,0.0,2.2291480227566193e-05,1.4732219995734841e-05,0.6255065575202384,0.0,0.37429710211923245
384,2520,0.99667651541,0.003096666,4.865611231,65536,10,0.010213440784470847,0.00363019735753208,0.0,0.0013135471427397425,0.9304993219181212,0.0,0.05434349279712878
385,2523,0.45298997343,0.04956291,0.45298997343,65536,10,0.0892250201506041,0.012443168972688465,0.222128697785824,0.03605796974283214,0.273075285733539,0.3313975426522623,0.03567231496220151
386,2526,0.99729734972,0.0004796884,0.99729734972,65536,10,0.0024706150643398128,0.011084210126358383,0.0,0.0003654399396512924,0.24832350741584425,0.0,0.7377562274538035
387,2529,0.99382841415,0.005674372,4.7876519209,65536,10,0.012789447977713203,0.0021662440975956138,0.0,0.0023849668914946646,0.9267224181481054,0.0,0.05593692288508527
388,2532,0.89779924679,0.1610088,0.89779924679,65536,10,0.00013279529974574752,0.0,0.29998128183291917,5.150619988906316e-06,0.6998791633673844,1.5352400096538983e-06,7.364000020163526e-08
389,2535,0.96877079044,0.007159747,3.0936332859,65536,10,0.053393550837285426,0.011662950010957683,0.0,0.028024822401118324,0.6174844469148983,0.006648018705336336,0.28278621113040747
390,2538,0.9195604851,0.01565743,1.2105151698,65536,10,0.08563315188187198,0.006513383743977272,0.0,0.03693754854322882,0.0,0.02435691069256067,0.8465590051383386
391,2541,0.99819097884,9.039411e-05,0.99819097884,65536,10,0.0001613667797001577,0.0,1.5191300089127004e-05,1.4846659924377532e-05,0.5893484877689094,0.0,0.4104601074913926
392,2544,0.97141190665,0.01454138,5.3470343865,65536,10,0.1600589287616194,0.4226553186683411,0.0,0.006309903991756497,0.39440271179596803,0.0,0.016573136782189527
393,2547,0.84030845137,0.03006512,0.84030845137,65536,10,0.0236618542403136,0.0031062170465368136,0.13457155232619175,0.006703301264160732,0.7649987343824184,0.06140524335919117,0.005553097381161143
394,2550,0.99705416417,0.00059479,0.99705416417,65536,10,0.0077942579694668095,0.025485873512738868,0.0,0.0018879167756360978,0.013714352298628952,0.0,0.9511175994435299
395,2553,0.97193284574,0.006119149,3.7985109849,65536,10,0.051220883269832894,0.01309513953022083,0.0,0.014792254633474791,0.6775924128569364,0.001417080703359555,0.2418822290061802
396,2556,0.99775749244,0.0001093279,0.99775749244,65536,10,0.00016238326008001925,0.0,2.0689860186210263e-05,6.4229599990431966e-06,0.9998082755996907,1.5155800134628518e-06,7.127399915886692e-07
397,2559,0.99106213502,0.005125715,4.5812427892,65536,10,0.017546053910665254,0.0026783977161665582,0.0,0.005441150642855802,0.8686322775080288,0.0,0.10570212022228898
398,2562,0.16972767859,0.03931176,0.16972767859,65536,10,0.2682301234842939,0.03249724897040419,0.0,0.10600415097584069,0.0,0.5041915529469171,0.08907692362255107
399,2565,0.99768232593,0.0002280199,0.99768232593,65536,10,0.0011960985594781895,0.0035101828065753826,0.0,0.0001148260197101103,0.30585503901327304,0.0,0.6893238536009658
400,2568,0.99394132041,0.007793946,5.5147242304,65536,10,0.016880915405528482,0.005518713535139157,0.0,0.0005269251780346517,0.9522280873946967,0.0,0.024845358486607908
401,2571,0.96442471545,0.1053444,0.96442471545,65536,10,0.00014412135981964563,0.0,0.10000807835764028,5.633399997611831e-06,0.8997488469403636,1.5556600110507035e-06,9.1764282221791e-05
402,2574,0.94093534085,0.01137929,2.2278298183,65536,10,0.08678869283666485,0.012830038005545136,0.0,0.060150238719512354,0.0,0.02613844819680523,0.8140925822414815
403,2577,0.91704290579,0.02080134,2.2787262439,65536,10,0.10638374774373464,0.020717330497642645,0.0,0.050978902783744395,0.0,0.012747052598739983,0.8091729663761866
404,2580,0.99794575133,5.398597e-05,0.99794575133,65536,10,0.0001608637400318662,0.0,2.2238400183510732e-05,1.636069994862647e-05,0.5530557437301199,0.0,0.4467447934297274
405,2583,0.99586442931,0.005265762,5.6357757498,65536,10,0.018339470831082,0.015784672003539876,0.0,0.00046719357819289853,0.9485423308088616,0.0,0.016866332778331418
406,2586,0.43944211051,0.03066613,0.43944211051,65536,10,0.07060457198075225,0.01184347186619104,0.2557078728165912,0.027294622778737294,0.3001807847931958,0.31100554258489777,0.02336313317958342
407,2589,0.99661265718,0.0004998966,0.99661265718,65536,10,0.004164518090455011,0.012186262815011326,0.0,0.000612990321002502,0.124916676823563,0.0,0.8581195519499684
408,2592,0.99280908278,0.004193641,4.9199313385,65536,10,0.013370142043061863,0.0029923431459671643,0.0,0.0032951510665377164,0.8533749013913114,0.0,0.12696746235312595
409,2595,0.93094606385,0.1405139,0.93094606385,65536,10,0.00013614453968064185,0.0,0.19999494086242325,5.145639983964794e-06,0.7998620618579632,1.5172000089901615e-06,1.8989999981171686e-07
410,2598,0.9840343851,0.004402569,4.052415041,65536,10,0.032370209224852606,0.0075964859942556345,0.0,0.010848698107640704,0.702059812911585,0.002514364217130772,0.2446104295445277
411,2601,0.47269788784,0.04969492,0.47269788784,65536,10,0.39517330648926274,0.027748250653973672,0.0,0.14698004712701532,0.0,0.233597424305072,0.19650097142468675
412,2604,0.99823564879,7.832833e-05,0.99823564879,65536,10,0.00020211080028774677,0.0,5.828120050878201e-06,1.7925580004758247e-05,0.46776865886813124,0.0,0.532005476631512
413,2607,0.98829182943,0.006839912,6.0692120795,65536,10,0.06323575996980846,0.10677097218113464,0.0,0.0020692379783503975,0.7668617784700964,0.0,0.061062251400612264
414,2610,0.98822169319,0.0137096,0.98822169319,65536,10,0.00043183025568756966,0.0,0.020266166754734728,2.4597920266264104e-05,0.9787108882466434,0.0005660700027222207,4.4681998586889e-07
415,2613,0.9637224513,0.007796292,1.2710030962,65536,10,0.0627703789320859,0.003966129623889875,0.0,0.07407124111650888,0.0,0.05797139128781011,0.8012208590397015
416,2616,0.96838352014,0.0125687,3.6215084867,65536,10,0.05018069634463054,0.009112237148682062,0.0,0.019612137465180934,0.5385575944562926,0.003607895380429091,0.37892943920478983
417,2619,0.99768581103,3.48174e-05,0.99768581103,65536,10,0.00015281679989452484,0.0,2.230514016725602e-05,1.4851939952030737e-05,0.6135278777463642,0.0,0.3862821483736441
418,2622,0.98683759244,0.01097622,5.5104856969,65536,10,0.034299993012008145,0.004930123689142269,0.0,0.0037368803157568444,0.9302718025773627,0.0,0.026761200405725237
419,2625,0.39304793441,0.04617974,0.39304793441,65536,10,0.10119303441607766,0.010564722430970355,0.01580661548108532,0.05281388772022159,0.34370158125523353,0.44779629578865093,0.028123862907747085
420,2628,0.99714982318,0.0006178172,0.99714982318,65536,10,0.0020299419674212906,0.009194455997521453,0.0,0.00019149496061760562,0.22427656287722006,0.0,0.7643075441972209
421,2631,0.99625342411,0.005091275,5.9327669729,65536,10,0.008576890782225248,0.0022613191033824137,0.0,0.0006106511263543042,0.9066532315536782,0.0,0.08189790743435212
422,2634,0.93082192361,0.1405539,0.93082192361,65536,10,0.00013973317999521972,0.0,0.1999942418173174,5.303240000227017e-06,0.7998196702211768,1.5453600143763372e-06,3.950618145413279e-05
423,2637,0.92746625731,0.02200882,3.1080082636,65536,10,0.11462731183051644,0.05580863622597121,0.0,0.06837799015312437,0.055160341085990966,0.017323852993689944,0.6887018677106976
424,2640,0.91554124524,0.01214213,1.8176712418,65536,10,0.09251135797170129,0.009595837377933845,0.0,0.04736346510176235,0.0,0.021652750862524935,0.8288765886860513
425,2643,0.99787457847,0.0001058181,0.99787457847,65536,10,0.000163200699974353,0.0,1.9318900149596107e-05,1.6804959948937232e-05,0.5166675862247859,0.0,0.4831330892151581
426,2646,0.97615484316,0.02120987,6.4012497772,65536,10,0.1437904006449368,0.34414309548684735,0.0,0.004794443574171108,0.46939357593325315,0.0,0.03787848436078574
427,2649,0.52076617342,0.05541654,0.52076617342,65536,10,0.06811642695623017,0.02033881547607522,0.23644787428796585,0.02448104138986798,0.3801331117279065,0.24661875035229,0.023863979809630502
428,2652,0.99603629598,0.000519745,0.99603629598,65536,10,0.006873671958890955,0.023145127255318705,0.0,0.0016302777265459376,0.020429121315675532,0.0,0.9479218017435722
429,2655,0.99002116122,0.004970657,5.0042475884,65536,10,0.01599607753390026,0.004083319753444362,0.0,0.005313222493691417,0.8629375086828204,0.0,0.11166987153614179
430,2658,0.9974340099,9.750169e-05,0.9974340099,65536,10,0.00015096310048920195,0.0,2.0724680239057946e-05,5.838660021499262e-06,0.9998207398792142,1.522380017770953e-06,2.1129999865963933e-07
431,2661,0.99427074715,0.002991518,5.2145811011,65536,10,0.010046350950092563,0.0015605319656111435,0.0,0.0036575502910842672,0.944890611065172,0.0,0.039844955728036084
432,2664,0.20619552077,0.04185159,0.20619552077,65536,10,0.33330284198451315,0.028643169878655696,0.0,0.1191264420504939,0.0,0.4168282607485936,0.10209928533775292
433,2667,0.99736618053,0.0002981332,0.99736618053,65536,10,0.0011703681402466888,0.002877796949178684,0.0,6.16227403899349e-05,0.2704888130040061,0.0,0.7254013991661866
434,2670,0.99160465695,0.007281092,6.8119560149,65536,10,0.0328619206912098,0.018356297472702447,0.0,0.0010098499912557287,0.862585133821361,0.0,0.0851867980234765
435,2673,0.89753687118,0.1609503,0.89753687118,65536,10,0.0001223714801855651,0.0,0.29998140797809714,4.597520011136248e-06,0.6998898814816407,1.5619600137504762e-06,1.795799971893118e-07
436,2676,0.93821951724,0.01376967,2.1600122186,65536,10,0.08292534579604553,0.008552582354170219,0.0,0.06746569969725379,0.0,0.02970801183825769,0.8113483603142502
437,2679,0.96122109398,0.008210363,3.3342356698,65536,10,0.05512741694546594,0.008853756317092584,0.0,0.023257029208004924,0.45662555940627364,0.005563636381830161,0.45057260174134706
438,2682,0.99748407846,9.426874e-05,0.99748407846,65536,10,0.00014625330020887894,0.0,2.2274140212209926e-05,1.3735839976405866e-05,0.6127550023391011,0.0,0.3870627343804787
439,2685,0.99642511654,0.005245372,6.7341406435,65536,10,0.011070029934979927,0.003077617593273641,0.0,0.0008892824595013979,0.9693276368634877,0.0,0.015635433148764182
440,2688,0.37357350874,0.06615293,0.37357350874,65536,10,0.06649590038131449,0.006971222876155043,0.2894798092460213,0.030295691232317866,0.23527122616096252,0.3636793361151746,0.007806813988081517
441,2691,0.99726637777,0.0003807226,0.99726637777,65536,10,0.0022405884824658207,0.01092115773211156,0.0,0.0002072149598404853,0.20048785929258067,0.0,0.7861431795329956
442,2694,0.99257040506,0.003804165,6.360108118,65536,10,0.015493078964895128,0.002328620416257468,0.0,0.002543500405248416,0.9086641356773459,0.0,0.07097066453624049
443,2697,0.96386822892,0.1054021,0.96386822892,65536,10,0.00013682471966187305,0.0,0.10000771969496403,5.255259992018821e-06,0.8998482385054315,1.5295600096246864e-06,4.32259989551248e-07
444,2700,0.96904008558,0.01095715,4.4661959804,65536,10,0.05372208229247844,0.012951458337371852,0.0,0.024229228364816963,0.4870576881843911,0.004631402914445254,0.4174081399064931
445,2703,0.93014423671,0.02028948,1.2121850429,65536,10,0.06399312475458828,0.004085404822382254,0.0,0.030760909230093225,0.0,0.02488326188334345,0.8762772993095923
446,2706,0.99782989974,0.0001323591,0.99782989974,65536,10,0.00016417507997954327,0.0,1.5003740109339703e-05,1.6821219941158473e-05,0.4696439539988744,0.0,0.5301600459611097
447,2709,0.97086076686,0.01735733,7.444530021,65536,10,0.15885706894146975,0.4273908641415666,0.0,0.007999213241783903,0.3873834932284198,0.0,0.018369360446612682
448,2712,0.95429275318,0.04130702,0.95429275318,65536,10,0.003998737654240194,0.0,0.0758823187746602,0.0006113890594179353,0.9128181965523186,0.00663468418034135,5.467377898306731e-05
449,2715,0.99844900715,0.0002949228,0.99844900715,65536,10,0.007802685364836948,0.01955274038084947,0.0,0.002372745986506828,0.0,0.0,0.9702718282678066
450,2718,0.97746215478,0.006818715,5.0128344783,65536,10,0.037802874036832,0.00955105016284523,0.0,0.011304611731945722,0.5757472966460173,0.002031987732505113,0.3635621796898406
451,2721,0.99723059371,9.101091e-05,0.99723059371,65536,10,0.0001422420203503945,0.0,2.226048023113451e-05,1.260651999515993e-05,0.6705545584693064,0.0,0.3292683325101007
452,2724,0.99473523704,0.004146721,6.670748899,65536,10,0.011903986169054201,0.0019988035279984565,0.0,0.0019949755201885424,0.886028024738314,0.0,0.09807421004444153
453,2727,0.06073339297,0.02000491,0.06073339297,65536,10,0.13242995260068086,0.016593775521233024,0.014088086141787118,0.07255354768476925,0.0,0.7311188373462368,0.03321580070524965
454,2730,0.99644566154,0.0003590497,0.99644566154,65536,10,0.0018680086313770028,0.007261673495984099,0.0,0.0001552804596556833,0.1836148536060456,0.0,0.807100183806937
455,2733,0.99542850612,0.005923051,7.7553990448,65536,10,0.011480404576761583,0.002138188889138159,0.0,0.0006265142196377654,0.9456827287585782,0.0,0.04007216355589279
456,2736,0.96380409401,0.105466,0.96380409401,65536,10,0.00012678916018861184,0.0,0.10000796830336087,4.8112000021570446e-06,0.899334840103,1.5455600142083153e-06,0.0005240456733801342
457,2739,0.9250474604,0.0125785,3.3591689272,65536,10,0.10619559642912775,0.027985595066029614,0.0,0.06927687929667337,0.0,0.018875693924968198,0.7776662352831677
458,2742,0.90958159229,0.01618747,2.7895908111,65536,10,0.10265400061329169,0.018206541080727806,0.0,0.05340779047681271,0.0,0.019462193119530336,0.8062694747096582
459,2745,0.99739090311,8.985581e-05,0.99739090311,65536,10,0.00015252167999676397,0.0,2.230944017436138e-05,1.5984319947112405e-05,0.4401519707231671,0.0,0.5596572138367321
460,2748,0.99532678761,0.004083929,8.2901779019,65536,10,0.021449586755224702,0.018738882103532382,0.0,0.0009103446933331641,0.9005487472960175,0.0,0.0583524391518862
461,2751,0.3270924718,0.07215575,0.3270924718,65536,10,0.08008302397894537,0.007040862048264969,0.22976452766046518,0.02994617329581206,0.23676259822128415,0.4042156960224726,0.01218711877283121
462,2754,0.99625656239,0.0008151451,0.99625656239,65536,10,0.004283795594616517,0.018978392473225983,0.0,0.0006070556592092113,0.0423595185531874,0.0,0.9337712377197646
463,2757,0.99314918516,0.005400339,6.9510744238,65536,10,0.011361130350037364,0.0013986337200119555,0.0,0.0035408875294187557,0.8986667807097788,0.0,0.08503256769075819
464,2760,0.99678407294,0.0001256913,0.99678407294,65536,10,0.000139077700065105,0.0,2.0768480172035734e-05,5.273339997658813e-06,0.9995232170165922,1.522000012164353e-06,0.0003101414631346965
465,2763,0.98408604935,0.004802095,6.25817222,65536,10,0.03045373556691335,0.009474528902132419,0.0,0.009493066563685497,0.6453195250930015,0.0021390938094117836,0.30312005006485265
466,2766,0.35324433213,0.03323988,0.35324433213,65536,10,0.37714115057416897,0.02524938278609891,0.0,0.1219981460801946,0.0,0.28158005947077785,0.19403126108876875
467,2769,0.9977046404,0.000138116,0.9977046404,65536,10,0.0002859595581666699,0.0,0.0,3.0900299821919894e-05,0.3253929591955013,0.0,0.6742901809465208
468,2772,0.98747082129,0.008018305,9.1138542306,65536,10,0.06282426614965195,0.09360015881563258,0.0,0.002431687253506758,0.7836900973668216,0.0,0.05745379041441323
469,2775,0.99698597131,5.528384e-05,0.99698597131,65536,10,0.00012078903976171948,0.0,1.902270010581853e-05,4.417799995938574e-06,0.9998540398401647,1.5699200091261353e-06,1.607000004096184e-07
470,2778,0.94546707201,0.01635031,2.1166828736,65536,10,0.0630497628005613,0.00513819069674594,0.0,0.06544400567741533,0.0,0.028178949769081415,0.8381890910561915
471,2781,0.97217618381,0.008170771,5.0830383673,65536,10,0.03969870913144791,0.00727227877302071,0.0,0.014904105202862476,0.5591039740627545,0.00385781520419096,0.3751631176257083
472,2784,0.99689532319,5.545636e-05,0.99689532319,65536,10,0.00014779472004673605,0.0,2.2282420180374816e-05,1.5004059952586573e-05,0.526098894624662,0.0,0.47371602417515224
473,2787,0.99876701962,0.001145841,8.8416240556,65536,10,0.0022264406551553905,0.0009836129085948806,0.0,0.0003087302394418965,0.9732088473242976,0.0,0.023272368872515593
474,2790,0.33257298819,0.0646934,0.33257298819,65536,10,0.07173983360225895,0.005154871535190134,0.14591910147444223,0.04312488106470778,0.22429232962425733,0.47966959466924136,0.030099388029861826
475,2793,0.9967250483,0.0002579429,0.9967250483,65536,10,0.0016672220760532799,0.007495856223621593,0.0,0.000245359439717684,0.1611204579948561,0.0,0.8294711042657511
476,2796,0.994305088,0.00512308,9.1395475008,65536,10,0.0124524388562705,0.002108934295159992,0.0,0.0017275081263540023,0.9288854624323021,0.0,0.05482565628990887
477,2799,0.99651443268,5.26867e-05,0.99651443268,65536,10,0.000134925059490177,0.0,2.0800780088056455e-05,5.112539978461385e-06,0.9998375206604716,1.5358200057022888e-06,1.0514000074529597e-07
478,2802,0.97077841939,0.01083134,5.4952315506,65536,10,0.04579402605261301,0.0069090696811374645,0.0,0.02399294651680315,0.5687751540908179,0.004713935254789964,0.349814868403832
479,2805,0.92915558345,0.02208387,2.2988434284,65536,10,0.05993303159138541,0.0048371910034029405,0.0,0.03609315523269256,0.0,0.02539422435587649,0.8737423978166465
480,2808,0.9970596385,0.0001247743,0.9970596385,65536,10,0.00014443804017506506,0.0,2.2232580200323102e-05,1.5307259963875328e-05,0.45767767319730707,0.0,0.5421403489223372
481,2811,0.9791770731,0.01404563,10.611735907,65536,10,0.11716830282155734,0.2924703894334863,0.0,0.0049082428977773864,0.5350002126183452,0.0,0.05045285222887416
482,2814,0.3809108307,0.05391453,0.3809108307,65536,10,0.07035730050085408,0.004829716198957427,0.18330671483404265,0.022767421338364815,0.3362801335445921,0.38041642108603596,0.002042292497184074
483,2817,0.99714362908,0.0005457489,0.99714362908,65536,10,0.00546156636534946,0.01349438942724362,0.0,0.0012869764384237884,0.0,0.0,0.9797570677689853
484,2820,0.97241131668,0.01091871,7.813951679,65536,10,0.04942168580380224,0.01353486101945114,0.0,0.015049961710038466,0.6666559629701386,0.0017369231129361123,0.25360060538363416
485,2823,0.99619553802,0.0001557337,0.99619553802,65536,10,0.00012934685978779393,0.0,2.2297760137183405e-05,1.1132159942399105e-05,0.696147266583616,0.0,0.30368995663654164
486,2826,0.99447238101,0.004039522,9.244999835,65536,10,0.0089590375715432,0.001238099041096987,0.0,0.003362794832861937,0.912735682131998,0.0,0.07370438642249724
487,2829,0.04311625327,0.02792197,0.04311625327,65536,10,0.10077302174769343,0.006644603340823699,0.0,0.06304567087273644,0.0,0.7987042071491356,0.030832496889595204
488,2832,0.99591734344,0.0005203734,0.99591734344,65536,10,0.0011998810404684718,0.010107592381703145,0.0,0.00011656940018087786,0.1467859843191716,0.0,0.8417899728584693
489,2835,0.99344855642,0.007151073,11.983958294,65536,10,0.02412508268014254,0.011207280736362206,0.0,0.0006106987327036908,0.9466198626561696,0.0,0.01743707519463802
490,2838,0.9626740144,0.1054852,0.9626740144,65536,10,0.00011017740009847379,0.0,0.10000909755508998,4.156740007095688e-06,0.8998749182047614,1.561000014086496e-06,8.910000051749449e-08
491,2841,0.93305857649,0.009845973,4.1955744292,65536,10,0.08081125318752008,0.011094668976991285,0.0,0.05494087750671499,0.0,0.021965457593660278,0.8311877427351323
492,2844,0.90383937276,0.02154489,5.0426116569,65536,10,0.110242850348176,0.028573558708600323,0.0,0.05732894346747105,0.0,0.021199625138429115,0.7826550223372868
493,2847,0.99610999553,0.0001321133,0.99610999553,65536,10,0.00014006980037950832,0.0,2.231730022918254e-05,1.5106499961834449e-05,0.4610130496972077,0.0,0.5388094567022094
494,2850,0.99733208858,0.002922738,12.994535865,65536,10,0.00875889578241025,0.00387464634114497,0.0,0.000243322422352786,0.9398186464083335,0.0,0.047304489045766056
495,2853,0.25570868079,0.07767166,0.25570868079,65536,10,0.05396229164327779,0.003495697960267002,0.2037699058281535,0.022093953873246575,0.18379122088425986,0.5221371784210364,0.010749751389778158
496,2856,0.99529002863,0.001079829,0.99529002863,65536,10,0.0027715417328459425,0.012898530975355859,0.0,0.00034893214081998803,0.01855909875882561,0.0,0.9654218963921547
497,2859,0.98881925128,0.008307788,12.188356045,65536,10,0.020392429776401606,0.0023281847051664305,0.0,0.0045253987441458325,0.9203350551870509,0.0,0.05241893158724168
498,2862,0.99505271132,0.0001390243,0.99505271132,65536,10,0.00011659524020823365,0.0,2.0764700199842463e-05,4.118200006174321e-06,0.9998569310395264,1.5310800143447832e-06,5.97399994682748e-08
499,2865,0.97913908075,0.01168616,9.7454936631,65536,10,0.03264857962995611,0.007779829005340513,0.0,0.013936253698743859,0.5941054762817419,0.002994373215894418,0.34853548816832625
500,2868,0.90908823401,0.02972901,1.3427694863,65536,10,0.05147652346372094,0.002885823989210146,0.0,0.02700218580643701,0.0,0.05109948467674055,0.8675359820638991
501,2871,0.99624088705,9.20945e-05,0.99624088705,65536,10,0.00015171669986961187,0.0,1.2472480079204636e-05,1.6380499900131136e-05,0.2669503086453964,0.0,0.7328691216747631
502,2874,0.98800271741,0.01187158,16.872269062,65536,10,0.06243850652038035,0.16659875993008835,0.0,0.0030710115422745705,0.7196301716776947,0.0,0.04826155032961451
503,2877,0.92868047014,0.1404186,0.92868047014,65536,10,9.899382034323393e-05,0.0,0.19999499875405366,3.701100015640408e-06,0.7999006455455062,1.5736200165475012e-06,8.716000007660446e-08
504,2880,0.94772050091,0.02333167,2.3688384981,65536,10,0.04559353767356024,0.002793376768875072,0.0,0.05173048546388143,0.0,0.033557571451318075,0.8663250286423829
505,2883,0.96805977924,0.01263778,11.117088842,65536,10,0.044608891400867066,0.009450489540798832,0.0,0.016574071210563923,0.5535710482191399,0.005536716393446716,0.3702587832351766
506,2886,0.99408925003,0.0001212454,0.99408925003,65536,10,0.00013039456000277702,0.0,2.228384016429979e-05,1.4633899930579191e-05,0.4739835213427447,0.0,0.5258491663571764
507,2889,0.99368287922,0.007705962,17.98478676,65536,10,0.013216898245054051,0.0012537883333294695,0.0,0.001393458035784401,0.9565166810062943,0.0,0.02761917437953054
508,2892,-0.01363629956,0.005073497,-0.01363629956,65536,10,0.044591497901973726,0.0027593276771857153,0.010137804920229547,0.032902465787129166,0.0,0.9076912549047369,0.0019176488087630733
509,2895,0.99482374849,0.0007232894,0.99482374849,65536,10,0.0008413594604933851,0.00459725661383936,0.0,7.575322042891798e-05,0.1227927702281333,0.0,0.8716928604771101
510,2898,0.99843977531,0.002268119,23.577901784,65536,10,0.0032252426452361203,0.001542675915049264,0.0,0.0005463336052270486,0.9377015113732623,0.0,0.05698423646121939
511,2901,0.95846725639,0.1053813,0.95846725639,65536,10,9.638806017301184e-05,0.0,0.10000887755760744,3.4758200109119684e-06,0.8998896574621746,1.5480600136069344e-06,5.3039999522034624e-08
