# games_lm_g05_e4.csv -- memory-two Wright-Fisher run lm_g05_e4 (parameters: runs.csv), one row per sampled game, ipt order 0..511.
# Reduced by provenance/robustness/reduce.py from the packed files lm_g05_e4.{idx,bin} and atoms512.bin.
# Columns:
#   ipt      the game (data/games/games.csv; gid = 2000 + ipt)
#   isl      the task index of the game in the kit's slurm array (isl = 3*(ig - 1) + ie with ie = 3); it fixes the seeds
#   E        realised efficiency: mean per-round payoff of the population over the sampled second half of the
#            ten replicates, divided by Emax = max(1, (1 + u + v)/2)  (the 'ef' column of the .idx)
#   efsd     standard deviation over the ten replicates of each replicate's pay/Emax, as the simulator wrote it (the .idx)
#   pay      mean per-round payoff of the population, the numerator of E
#   ndist    number of distinct strategies with a non-zero count in the summed abundance
#   nrep     replicates found (10 at every game)
#   S_abc    pooled share of the population in the atom abc (efficient-stable-competitive, eps -> 0 atoms):
#            the abundance summed over the ten replicates and the sampled half, normalised, summed over the atom
#            (the atom 101 is empty at every game and has no column)
ipt,isl,E,efsd,pay,ndist,nrep,S_000,S_100,S_010,S_001,S_110,S_011,S_111
0,1368,0.98830093652,0.0001344986,0.98830093652,65536,10,0.037842549790125815,0.048500013540791406,9.011851997642178e-05,0.0018454314560222098,0.9116561397943393,1.727344002185919e-05,4.847345872311332e-05
1,1371,0.98850543615,1.843475e-05,0.98850543615,65536,10,0.043286474985205596,0.0,0.00015543967978080424,0.0009598876786471814,0.9555823738564768,3.112999988997943e-07,1.5512499874956383e-05
2,1374,0.98904316827,5.551228e-05,0.98904316827,65536,10,0.04243205012189738,0.03675864066833883,7.422098058107819e-05,0.0022122160906423243,0.918484004318941,7.414819987342142e-06,3.145299961041599e-05
3,1377,0.98709932906,3.204421e-05,0.98709932906,65536,10,0.0419150867523077,0.0,0.0002750413599748742,0.0013257721613569374,0.9564074159062717,1.32696399470637e-05,6.341418014207698e-05
4,1380,0.99009849443,2.413444e-05,0.99009849443,65536,10,0.044733076829467165,0.0,0.00010495821995255454,0.0009770501994548083,0.9541684189514881,7.278399886929101e-07,1.5767959628143083e-05
5,1383,0.98907509188,0.0001961369,0.98907509188,65536,10,0.03433627236787414,0.046468328017212804,0.00013854870087734312,0.0015359216787700597,0.9174447074158764,2.9426199864733195e-05,4.6795619525843375e-05
6,1386,0.98811846757,1.155893e-05,0.98811846757,65536,10,0.03994408057985252,0.0,0.00044563492037256645,0.0008437473215089666,0.9587414160981793,6.667979979994018e-06,1.8453100112343465e-05
7,1389,0.98985062417,0.0001324926,0.98985062417,65536,10,0.04603813058903572,0.035720934754375495,8.32560396910087e-05,0.002265980617881051,0.915866072378797,3.674200019534914e-06,2.1951420199960067e-05
8,1392,0.98751357038,0.000208065,0.98751357038,65536,10,0.034004603311200254,0.04187955969894268,0.00021599426012982237,0.00178208522413877,0.9220391958661714,2.8751220121421775e-05,4.9810419293314145e-05
9,1395,0.98978207499,1.596794e-05,0.98978207499,65536,10,0.04087732035766027,0.0,0.00031172053994887335,0.0008088895815923661,0.9579887262208937,0.0,1.3343299892240695e-05
10,1398,0.98576223134,0.0005214419,0.98576223134,65536,10,0.03940047482171471,0.08245827870185832,0.00215305973943475,0.003785317265650512,0.8716457271899972,7.256494041971156e-05,0.00048457734092500343
11,1401,0.98710749112,3.437608e-05,0.98710749112,65536,10,0.039022260555698594,0.0,0.00027345491985829133,0.0008872501992389411,0.9597684304654284,2.4906139957211864e-05,2.3697719820197575e-05
12,1404,0.99247783664,3.646181e-05,0.99247783664,65536,10,0.04662022163835583,0.0,3.1556320084853324e-05,0.0010244812993720287,0.9523054996219522,8.450000021246687e-07,1.7396120221928452e-05
13,1407,0.98898017905,5.333852e-05,0.98898017905,65536,10,0.026820992032056044,0.045017829988138955,0.00017066793964772172,0.0011933880979151641,0.9266979514020321,5.959464016309607e-05,3.957590004696459e-05
14,1410,0.98909362858,1.553712e-05,0.98909362858,65536,10,0.0374790464479795,0.0,0.000909115679044542,0.0007379600805376837,0.9608548318121793,5.710299999558829e-06,1.3335680245659162e-05
15,1413,0.98196686685,0.001418413,0.98196686685,65536,10,0.11707835398762174,0.05494441861348522,0.012101060437070103,0.0034421104294539437,0.8114759633637606,0.00020414631901360597,0.000753946849594826
16,1416,0.98669110044,0.0003175259,0.98669110044,65536,10,0.03130117112472507,0.05365794383861158,0.00039440133951466834,0.0017039892099815095,0.9128135529466962,6.221528005753128e-05,6.67262604120662e-05
17,1419,0.99141567873,9.513991e-06,0.99141567873,65536,10,0.0338782069564458,0.0,4.459648002017707e-05,0.00840671991224145,0.2841345650486327,0.0,0.6735359116026611
18,1422,0.99030745034,0.0001538152,0.99030745034,65536,10,0.030861985531034416,0.061345826176892805,3.250151957838462e-05,0.0016302556419004852,0.906027204530517,5.596553982555563e-05,4.6261060252172734e-05
19,1425,0.98757024367,2.02126e-05,0.98757024367,65536,10,0.036431245181219214,0.0,0.0007761446194499421,0.0007194835004986695,0.9620325766589576,2.591840006517809e-05,1.4631639826061483e-05
20,1428,0.99136255683,0.0003041413,0.99136255683,65536,10,0.058171670824424024,0.0626354419421581,0.00032435860007176595,0.002224598588311819,0.8766082574853917,4.782080000758017e-06,3.089047964066823e-05
21,1431,0.98786293404,0.0001642026,0.98786293404,65536,10,0.026314612575048437,0.04280044818916916,0.00027581868040898994,0.0010215128206731367,0.9293054288949368,0.00024088537980274902,4.129345996045454e-05
22,1434,0.99030094156,9.285351e-06,0.99030094156,65536,10,0.02967046982972113,0.0,0.0003184774604537172,0.008404512685881146,0.2722829996328331,0.0,0.6893235403911091
23,1437,0.99071024914,0.0003320215,1.0850405707,65536,10,0.05554548597818262,0.004486992747080656,0.00017508531971196413,0.004388693872668463,0.913065733997591,0.0,0.022338008084764934
24,1440,0.9862901566,4.552525e-05,0.9862901566,65536,10,0.03708213305636223,0.0,0.0003051130603156307,0.0009262501614472673,0.9616190860813723,3.948579995978837e-05,2.7931840540837074e-05
25,1443,0.99341606277,1.414748e-05,0.99341606277,65536,10,0.03565436965287905,0.0,0.0,0.008558535194389712,0.26795644902574667,0.0,0.6878306461269814
26,1446,0.98911720084,0.0001276095,0.98911720084,65536,10,0.02863274381961752,0.05906730813294022,4.106376033342205e-05,0.0018106542867530003,0.9100989307603178,0.00010000820047597643,0.0002492910395627531
27,1449,0.98862318326,8.958841e-06,0.98862318326,65536,10,0.03487307503080157,0.0,0.0008556027209995727,0.0006469959804990483,0.9636023564475524,1.1162160011917091e-05,1.0807660151182136e-05
28,1452,0.99004081528,0.0008272009,1.1408673457,65536,10,0.054070951562055006,0.004222731863651566,0.0001612927004900485,0.002988472561601609,0.9206351326393744,0.0,0.017921418672827077
29,1455,0.98625910722,0.0009055783,0.98625910722,65536,10,0.027449342139711407,0.03915462955960389,0.0013393467559032722,0.0014133439962190195,0.9304670930283091,0.00013627223978441278,3.9972280467273486e-05
30,1458,0.99171857604,8.240538e-06,0.99171857604,65536,10,0.030360808162405,0.0,5.08804800061487e-05,0.008614395253726509,0.25932009389547805,0.0,0.7016538222083841
31,1461,0.99145960486,0.0005522664,1.0790837203,65536,10,0.05359817696263823,0.010658689980687659,3.723144006287619e-05,0.0052765468393529994,0.844893581179672,0.0,0.0855357735975857
32,1464,0.9866970158,2.563434e-05,0.9866970158,65536,10,0.03504534907432064,0.0,0.0007639656796207458,0.000733037139890322,0.9634064357060393,3.419826008839533e-05,1.7014140034536992e-05
33,1467,0.99839338748,7.957807e-06,0.99839338748,65536,10,0.04476669073763335,0.08695665065896531,0.0,0.013877590964777909,0.06291600450003174,0.0,0.7914830631385925
34,1470,0.98838938078,7.094033e-05,0.98838938078,65536,10,0.025190450956756403,0.03744831333614555,0.0,0.001007639977476589,0.9359678954299872,0.0003617754592361539,2.3924840399108627e-05
35,1473,0.99006716775,8.722782e-06,0.99006716775,65536,10,0.02685521079848709,0.0,0.0003159985805817176,0.008344890572854475,0.2547014847225148,0.0,0.7097824153255626
36,1476,0.9895951572,0.0001830134,1.2650195906,65536,10,0.04827276255689521,0.0009110807954384497,6.202472000193954e-05,0.0035554745771852075,0.9443893471479694,0.0,0.0028093102025098372
37,1479,0.98587665709,4.619846e-05,0.98587665709,65536,10,0.03027528999345773,0.0,0.00047028824001284854,0.0015132843399083466,0.9676217899666415,8.454776008810223e-05,3.4799699888934524e-05
38,1482,0.99360054691,1.304088e-05,0.99360054691,65536,10,0.03179197391297191,0.0,0.0,0.008754763426767224,0.23195951167414666,0.0,0.7274937509861138
39,1485,0.96928005574,0.0007454662,0.96928005574,65536,10,0.07668822478740735,0.2824469813923397,0.0029404642122477466,0.019179296696210026,0.6003524981402176,0.0026439297927840413,0.015748604978792012
40,1488,0.98784285146,1.530502e-05,0.98784285146,65536,10,0.033447350827081876,0.0,0.0008811026015826914,0.0006072433617206483,0.965027223729484,2.7194320129688513e-05,9.885159992268617e-06
41,1491,0.98975529684,0.002002589,1.2135134523,65536,10,0.07267427375517467,0.02941457805109533,0.0,0.004848576254103014,0.7735588429377114,0.0,0.11950372900191417
42,1494,0.98719681032,6.63348e-05,0.98719681032,65536,10,0.022325411861883783,0.03307042627533526,0.00018470207957807118,0.0006453226022028539,0.943394293139611,0.00037267730147678947,7.166739910568306e-06
43,1497,0.99146274444,1.371994e-05,0.99146274444,65536,10,0.02738087340707766,0.0,0.0001316735206591364,0.008828840704801073,0.24309445993902057,0.0,0.7205641524284393
44,1500,0.98986126409,0.0006403868,1.286626311,65536,10,0.051291315544961386,0.005645304314075441,2.0402999913275415e-05,0.004793072097733722,0.9048827286201382,0.0,0.033367176423178116
45,1503,0.98612239045,3.363205e-05,0.98612239045,65536,10,0.031754345877701,0.0,0.0008800901007298291,0.0009732378198822277,0.9663097787208926,6.0233040096354253e-05,2.231444070080039e-05
46,1506,0.99757420841,5.876927e-06,0.99757420841,65536,10,0.03404692220438569,0.06378512738338799,0.0,0.00961622524979859,0.06504295982433016,0.0,0.8275087653381056
47,1509,0.96273927229,0.0004552124,0.96273927229,65536,10,0.07097784794798444,0.31093830910679987,0.0010400135575235163,0.014802693806779092,0.5789534911979013,0.005015328640286236,0.018272315742723436
48,1512,0.98912422299,1.052074e-05,0.98912422299,65536,10,0.03258001848804352,0.0,0.0007548283203038202,0.0005655394800216171,0.9660774705315952,1.173246001018429e-05,1.041072000913064e-05
49,1515,0.98644272979,0.004262838,1.3881484117,65536,10,0.07396448247285188,0.022919788038261855,0.0,0.005144227122305294,0.7706791986449651,0.0,0.127292303721616
50,1518,0.9860290559,0.0002026912,0.9860290559,65536,10,0.02283451230344591,0.036545282948029154,0.00024923513986915195,0.000973409118652887,0.9391764968510099,0.00021041449889635307,1.0649140093906386e-05
51,1521,0.99325522777,5.00817e-06,0.99325522777,65536,10,0.02851632846713347,0.0,0.0,0.008936375078241547,0.22926053603880678,0.0,0.7332867604158333
52,1524,0.98983012403,0.0003714445,1.1841229511,65536,10,0.05151676415769087,0.0043614888972091925,2.88069401382316e-05,0.00512815979133712,0.9096934134207559,0.0,0.02927136679286895
53,1527,0.98675319618,1.441994e-05,0.98675319618,65536,10,0.03219971371048449,0.0,0.0009444282806117914,0.0006218285796683761,0.9661868512893621,3.3538060100657405e-05,1.3640079762422529e-05
54,1530,0.98964613694,0.005667758,1.208064132,65536,10,0.08409464588255011,0.007154049573526441,0.0,0.011728830965924055,0.7067088627447602,0.0,0.19031361083323814
55,1533,0.98763532481,2.311677e-05,0.98763532481,65536,10,0.023306896222541586,0.029644714574537354,0.0,0.0007835400439749896,0.9457387422180895,0.0004955661415356734,3.054079931834962e-05
56,1536,0.99056759724,5.37925e-06,0.99056759724,65536,10,0.025221182680547467,0.0,0.0002762864203466882,0.008745630473759198,0.23126918557892526,0.0,0.7344877148464222
57,1539,0.9888786745,0.0003284507,1.4673839316,65536,10,0.04878764937323584,0.0011855652000880928,1.3995200019915304e-05,0.003806352183180664,0.9421397652310569,0.0,0.004066672812424811
58,1542,0.98525578596,3.942126e-05,0.98525578596,65536,10,0.029729155079399487,0.0,0.00041686428037302246,0.0011806453805830197,0.9685681674389722,7.316203998207606e-05,3.200578069249078e-05
59,1545,0.99637354482,6.55587e-06,0.99637354482,65536,10,0.029108397892025288,0.00877457861404201,0.0,0.008360224978355143,0.1310888944863374,0.0,0.8226679040292446
60,1548,0.96063534292,0.001002652,0.96063534292,65536,10,0.10989160186573785,0.3144889422414569,0.004888336107697034,0.031806251032494445,0.46788774479401646,0.006030446260589362,0.06500667769800902
61,1551,0.98806260835,9.837167e-06,0.98806260835,65536,10,0.031046659942878887,0.0,0.0010483699611286788,0.0005276544405068615,0.9673412961354205,2.7207440035088027e-05,8.812080035553702e-06
62,1554,0.9863454336,0.002664816,1.4520661535,65536,10,0.10014687171667783,0.0475913393368371,0.0,0.0046116980641322325,0.7344150361091867,0.0,0.11323505477316556
63,1557,0.98604932095,5.677623e-05,0.98604932095,65536,10,0.020906606229432682,0.031000846376636332,0.00034421094048203276,0.0005955206192994056,0.9467797749335337,0.0003602010806979405,1.283981992761622e-05
64,1560,0.99231767129,1.13446e-05,0.99231767129,65536,10,0.026523055005182847,0.0,0.0,0.009015330187482221,0.2284621593909048,0.0,0.7359994554164285
65,1563,0.98932342051,0.0005821514,1.4124910555,65536,10,0.04945579931444416,0.004466872697721545,1.773013995160398e-05,0.004973575048247553,0.9150252320036221,0.0,0.0260607907960138
66,1566,0.98583641844,1.37396e-05,0.98583641844,65536,10,0.030553063425803363,0.0,0.0010420078621548032,0.0006923429220908755,0.9676354832900602,5.8628900244797066e-05,1.847359964997775e-05
67,1569,0.99006860264,0.0001340166,1.1254295444,65536,10,0.06524523317703028,0.39068553508123877,0.0005893124007920623,0.02303285900532857,0.1111515582652816,0.0035186990046231098,0.405776803065706
68,1572,0.956601798,0.001454012,0.956601798,65536,10,0.0823231745412705,0.32788923084548527,0.0,0.02051508673060841,0.5330043214129603,0.0045969503799138806,0.031671236089761204
69,1575,0.98954904286,1.130279e-05,0.98954904286,65536,10,0.023300639885695144,0.0,0.0006339104619977557,0.008472978577159085,0.22809163432496216,0.0,0.7395008367501859
70,1578,0.98566957649,0.005246147,1.5997879259,65536,10,0.0741727848384864,0.020858102416699883,0.0,0.0052624030354473,0.7669035742914996,0.0,0.1328031354178685
71,1581,0.9849119205,6.64024e-05,0.9849119205,65536,10,0.02190468044340599,0.0,0.0006685626429349411,0.0010524577389075744,0.9761699118746883,0.00017588535937832498,2.850194069721394e-05
72,1584,0.99535567455,3.045571e-06,0.99535567455,65536,10,0.025867388732214187,0.00831437837143822,0.0,0.008600038981855728,0.13335353979440806,0.0,0.8238646541200844
73,1587,0.98795959687,0.0003462915,1.2161358124,65536,10,0.057210742188088484,0.0841420132276936,0.00024141619911592703,0.00855629557786417,0.6752281184665051,0.00024351178094006144,0.1743779025597927
74,1590,0.98697617641,2.476591e-05,0.98697617641,65536,10,0.030058684938407146,0.0,0.0010829660207910374,0.0005137413802103693,0.968302639360514,3.449078001664092e-05,7.477520076478668e-06
75,1593,0.99006570556,0.0006475114,1.4502915609,65536,10,0.05991711164944496,0.010923068682665104,0.0,0.007531611357222086,0.7280042441842679,0.0,0.1936239641263985
76,1596,0.98641603935,4.825328e-05,0.98641603935,65536,10,0.02213435542717299,0.027188346140416382,0.0,0.0007192467580338851,0.9494031509802566,0.0005171700340040563,3.7730660116246136e-05
77,1599,0.99125208453,8.336306e-06,0.99125208453,65536,10,0.024296986299168273,0.0,0.00012861666021343773,0.008997108275822181,0.2177007108803604,0.0,0.7488765778844518
78,1602,0.98888955504,0.0004170156,1.6190169326,65536,10,0.05322183441612776,0.005880941645729753,5.398780025430201e-06,0.004936874912479342,0.894918074053958,0.0,0.04103687619168084
79,1605,0.98479096435,3.644769e-05,0.98479096435,65536,10,0.027629126515558586,0.0,0.0009123645007841487,0.0008314537792672985,0.97052068622462,7.946586014112675e-05,2.6903119623713858e-05
80,1608,0.9983592329,5.43261e-06,0.9983592329,65536,10,0.03561108904331797,0.049806283343244384,0.0,0.01910456608821539,0.07606720124327215,0.0,0.8194108602819529
81,1611,0.94255663193,0.001042777,0.94255663193,65536,10,0.13072682638325925,0.33173713781965947,0.004549492839269719,0.04064797800396251,0.29117500486672176,0.010341400014984223,0.19082216007214176
82,1614,0.98831921771,1.13006e-05,0.98831921771,65536,10,0.021583901338137885,0.0,0.0009397096823897712,0.00829458975082421,0.22275180082041504,0.0,0.7464299984082357
83,1617,0.98756063949,0.003160606,1.6809747995,65536,10,0.07542459458532293,0.027205948788103767,0.0,0.004809891494099349,0.7741484576010167,0.0,0.11841110753145775
84,1620,0.98471481056,0.0002074649,0.98471481056,65536,10,0.020660088048692,0.032936315092537354,0.0004252379200696808,0.0007113690819435007,0.9448924458988358,0.0003518349781634397,2.2708979759086636e-05
85,1623,0.9938026489,6.702427e-06,0.9938026489,65536,10,0.024625648696125643,0.01159768421458753,0.0,0.009002118795238025,0.14492492945761157,0.0,0.8098496188364365
86,1626,0.98951850824,0.0007998023,1.480895619,65536,10,0.05139651945918641,0.005457963875092477,1.1061619992668397e-05,0.005163290131423588,0.8942870477517999,0.0,0.043684117162504095
87,1629,0.98595721981,2.80789e-05,0.98595721981,65536,10,0.0292138638944639,0.0,0.001211048902356905,0.0005316312610816444,0.9689710985820834,5.6608500166747765e-05,1.574885984121205e-05
88,1632,0.99094209268,0.0001580675,1.3669001034,65536,10,0.053946875330937664,0.019989802308767127,7.532066014754328e-05,0.009381484785805947,0.6852151855227266,0.00036811268149394117,0.23102321871012044
89,1635,0.96233266944,0.001938813,0.96233266944,65536,10,0.07213114549609284,0.36103392948470203,0.0,0.01779470937273892,0.5136463480707987,0.002991564378494904,0.03240230319717184
90,1638,0.98976683764,6.962549e-06,0.98976683764,65536,10,0.022547715574446885,0.0,0.00029439796073892993,0.008938315514477331,0.2087781767249348,0.0,0.7594413942254036
91,1641,0.98953758593,0.0008173228,1.7862892848,65536,10,0.053230089595925525,0.008849451225830585,0.0,0.004851485401969353,0.829334685130585,0.0,0.10373428864569019
92,1644,0.98398346122,3.371472e-05,0.98398346122,65536,10,0.02435181610599064,0.0,0.0005449950393833606,0.0009103657993381128,0.9740427776553608,0.00012046129989737149,2.958410003672779e-05
93,1647,0.99671971263,6.879674e-06,0.99671971263,65536,10,0.026107047483992077,0.05946541072694834,0.0,0.009908962083899426,0.07302837186391244,0.0,0.8314902078412459
94,1650,0.98556123484,0.0003116829,1.1862345917,65536,10,0.06081125134655977,0.25368946033951445,0.0004040559997241758,0.010912147589199174,0.47042082339041147,0.0005550096199694041,0.20320725171462192
95,1653,0.98712308352,1.625584e-05,0.98712308352,65536,10,0.028221021459316868,0.0,0.0009590417411430576,0.00047426751937326846,0.9703047667001496,3.4401699986999447e-05,6.500880058228258e-06
96,1656,0.96745431152,0.01092988,1.6538366917,65536,10,0.412637419936169,0.405595006204453,0.0,0.002570961346498355,0.14313741919186523,0.0,0.03605919332101524
97,1659,0.98503671014,0.0001622056,0.98503671014,65536,10,0.02135055003377272,0.02771008085356045,2.2280820235674348e-05,0.0006562185031976039,0.949728999066977,0.0004980388223090761,3.3831899947174496e-05
98,1662,0.99189501315,7.620353e-06,0.99189501315,65536,10,0.02412007172232039,0.0,0.0,0.009207864610548747,0.21267177541699958,0.0,0.7540002882501243
99,1665,0.98912777791,0.0006371967,1.7242119957,65536,10,0.052224495512436624,0.007007285302494134,6.692839982495426e-06,0.005021926411627726,0.8826135824956999,0.0,0.053126017437759784
100,1668,0.98453731328,6.108898e-05,0.98453731328,65536,10,0.02744306245656644,0.0,0.0010386123406894829,0.0006808390194589264,0.9707462828834262,7.034944020156847e-05,2.085385965859586e-05
101,1671,0.98905010845,0.0001500379,1.2020242773,65536,10,0.06062591223794292,0.3711878895208903,0.0006144769800585041,0.02110847491323303,0.10330896150611682,0.0035892632115237747,0.4395650216302348
102,1674,0.9451592371,0.001726812,0.9451592371,65536,10,0.10748325717964292,0.4078983062713446,0.0,0.03368108643512467,0.1136386897339193,0.008336536285157245,0.328962124094811
103,1677,0.98832929926,1.083013e-05,0.98832929926,65536,10,0.02071107408799193,0.0,0.0006728954612815282,0.008561272654324964,0.20354543558427,0.0,0.7665093222121361
104,1680,0.98874765299,0.001552694,1.8920420177,65536,10,0.061513751221446145,0.015845223112529797,0.0,0.00499877230395322,0.7912647031511443,0.0,0.12637755021092686
105,1683,0.98389489896,0.0001156889,0.98389489896,65536,10,0.01877249207678362,0.03505619792771851,0.00032583434075088963,0.0005201031611557921,0.9450268489530707,0.0002940267004999059,4.496840019782235e-06
106,1686,0.99512701752,5.386776e-06,0.99512701752,65536,10,0.023878556661097467,0.008286817276398054,0.0,0.009094545262097107,0.13840329463065607,0.0,0.820336786169753
107,1689,0.98791679871,0.0005375854,1.4910404418,65536,10,0.05446750101618473,0.09110320117956597,0.0,0.007705793969515104,0.6814221412923642,0.0003898574384258487,0.16491150510394378
108,1692,0.98610745024,2.588584e-05,0.98610745024,65536,10,0.02764444961789559,0.0,0.001122847381147286,0.000458808381130262,0.9707096925999062,5.603843995914681e-05,8.163579963346785e-06
109,1695,0.99026747872,0.0002489024,1.621272879,65536,10,0.05425241925517715,0.007859874503101206,0.0,0.007976776764185211,0.7252513613720168,0.0,0.2046595681055202
110,1698,0.96776646087,0.001251643,0.96776646087,65536,10,0.0628721231757032,0.287254998852055,0.0,0.012933411219809019,0.6165064072091969,0.002561194768039269,0.01787186477519468
111,1701,0.9902489606,4.768659e-06,0.9902489606,65536,10,0.022213543154637597,0.0,0.00012839746027085988,0.009097588992029552,0.2001958298110921,0.0,0.7683646405819784
112,1704,0.98851292472,0.001523707,1.9282759444,65536,10,0.05356115117969133,0.009008261370880294,0.0,0.004695300135529189,0.831740061515171,0.0,0.10099522579872713
113,1707,0.98350447693,5.399288e-05,0.98350447693,65536,10,0.021171012428928698,0.0,0.0010316328374310102,0.0007618287176131278,0.9768857491964256,0.0001226241002908828,2.7152719311875746e-05
114,1710,0.99846465626,6.342226e-06,0.99846465626,65536,10,0.033580555446451395,0.05006179786902623,0.0,0.021164199092309897,0.07721728007221411,0.0,0.817976167520003
115,1713,0.98530428331,0.0002843119,1.1026940515,65536,10,0.06007331526789357,0.1772007004270221,0.0,0.01344264050453727,0.4699218103091497,0.000801967941493051,0.27855956554990347
116,1716,0.98701375115,9.999559e-06,0.98701375115,65536,10,0.019562165234342788,0.0,0.0009642645820874776,0.00798430945412138,0.2057971875836931,0.0,0.7656920731457547
117,1719,0.99136738993,1.499904e-05,1.9328759707,65536,10,0.1197710770217421,0.8780323660885805,0.0,0.0017664909281575253,0.000418051301491408,0.0,1.2014660029783985e-05
118,1722,0.98357996267,0.0001862927,0.98357996267,65536,10,0.019831977469020205,0.027124373340279503,0.00029780750208706184,0.0004985829832400609,0.9517092884641012,0.0005269348612944333,1.1035379978820292e-05
119,1725,0.9932213477,4.591731e-06,0.9932213477,65536,10,0.022598355356205854,0.008776023009342628,0.0,0.009155140359243025,0.13866135785293468,0.0,0.8208091234222634
120,1728,0.98975250527,0.0007434118,1.7823277536,65536,10,0.04912704293860698,0.009577544187912441,0.0,0.005321652769758119,0.8531777157761209,0.0,0.082796044327602
121,1731,0.98476912356,6.207745e-05,0.98476912356,65536,10,0.02723092910282118,0.0,0.0012387195397976013,0.0004777981995608128,0.9709749945575139,6.601620007374449e-05,1.1542400233474716e-05
122,1734,0.98705993348,0.0002212547,1.4608294231,65536,10,0.06250681483433637,0.14481561345979402,6.693719939480573e-05,0.014489257385500805,0.5246162825119363,0.0029273855819986106,0.25057770902703863
123,1737,0.95102638948,0.002039556,0.95102638948,65536,10,0.09289569754829452,0.31275381150151155,0.0,0.03153979470327115,0.4776410213332242,0.005025561448948357,0.08014411346475044
124,1740,0.98856418477,9.528207e-06,0.98856418477,65536,10,0.02009036243653832,0.0,0.0006126832609680594,0.008814916067765395,0.19492132004761784,0.0,0.7755607181871083
125,1743,0.98447846023,0.01095295,2.0679816094,65536,10,0.07744442147678028,0.022877364440224195,0.0,0.004498374463435649,0.7828584087716047,0.0,0.11232143084795598
126,1746,0.98285934052,3.710427e-05,0.98285934052,65536,10,0.01738660201943004,0.0,0.0007265206399515732,0.0005216085009338541,0.9811403126797427,0.00020916997989594332,1.578618002943087e-05
127,1749,0.99642208626,6.891047e-06,0.99642208626,65536,10,0.024549417521881785,0.054052813898470865,0.0,0.010513234016651019,0.07483693157897474,0.0,0.8360476029840223
128,1752,0.98900725189,0.0002333268,1.4511556601,65536,10,0.05186206836071376,0.07058226002967131,0.0,0.008046557978139073,0.684497937563409,0.0001775765602554269,0.18483359950781214
129,1755,0.98589772166,1.901186e-05,0.98589772166,65536,10,0.026306345944690585,0.0,0.001088901700402433,0.0004082611002114275,0.9721347786746234,5.613874005201933e-05,5.5738399811347324e-06
130,1758,0.98420334721,0.01725632,1.8713319502,65536,10,0.10209390191331316,0.008228346949752772,0.0,0.009141556222773775,0.6962462534272366,0.0,0.18428994148692365
131,1761,0.96880989256,0.001376446,0.96880989256,65536,10,0.05654387086785171,0.289478235212439,0.0,0.011352123194768672,0.6242975205512125,0.0025485804038333543,0.01577966976989476
132,1764,0.9908942789,5.583255e-06,0.9908942789,65536,10,0.022274417031664877,0.0,0.0,0.009294857316334185,0.19781054951549515,0.0,0.7706201761365074
133,1767,0.9885415459,0.0008712692,2.0335573891,65536,10,0.052696408416702326,0.0037770726253121946,0.0,0.004886624702135237,0.9133169184855712,0.0,0.0253229757702786
134,1770,0.98315798773,0.0002016999,0.98315798773,65536,10,0.021830137595547274,0.0,0.0011013596805275962,0.0007565325015366995,0.9761915420619544,9.471888039196728e-05,2.5709280054003155e-05
135,1773,0.98987087921,0.0001474546,1.2276718912,65536,10,0.05353976326584125,0.3314686911193398,7.150116040391872e-05,0.021828216855640792,0.08544490823884023,0.002356609304356776,0.5052903100555769
136,1776,0.98232106027,0.0003743315,0.98232106027,65536,10,0.09282747175946188,0.2823385829163126,0.0,0.036840599375262365,0.0,0.003609350930303448,0.5843839950186607
137,1779,0.9870021755,1.047587e-05,0.9870021755,65536,10,0.018557928864555606,0.0,0.0008910660026945939,0.008283183809635566,0.1879355536829411,0.0,0.7843322676401712
138,1782,0.98554373848,0.005415951,2.1452900323,65536,10,0.09927296266201259,0.048452425686422246,0.0,0.004281364835159102,0.7401792057187937,0.0,0.1078140410976158
139,1785,0.98254694929,0.0001002848,0.98254694929,65536,10,0.017928014799553832,0.029569047387470914,0.000365605919071615,0.0004249446999795812,0.9512378134540085,0.00047238027988268463,2.1934600351149693e-06
140,1788,0.99443211375,4.426512e-06,0.99443211375,65536,10,0.02235278192493906,0.007932940204992613,0.0,0.009497378565488759,0.13373673144854134,0.0,0.8264801678560398
141,1791,0.98965284595,0.0009295784,1.7893967229,65536,10,0.04900283907248964,0.007380480655952719,0.0,0.005403709488383556,0.8689055262666063,0.0,0.06930744451656738
142,1794,0.98489028322,7.958068e-05,0.98489028322,65536,10,0.02587838950465857,0.0,0.0011529900010261913,0.00041917436088049196,0.972477579993283,6.515344015585496e-05,6.712700011605029e-06
143,1797,0.9902485777,0.0001752089,1.7464735658,65536,10,0.05322188512425421,0.007546382592415209,0.0,0.008051434459312796,0.722071489531131,0.0,0.20910880829288697
144,1800,0.96690388371,0.0015453,0.96690388371,65536,10,0.06660157706162288,0.3301242802814775,0.0,0.017915127030809445,0.5505545589322465,0.0019256007736207785,0.03287885592022409
145,1803,0.98894678933,3.615898e-06,0.98894678933,65536,10,0.020152168335637058,0.0,0.00021486316064211523,0.009159011090106611,0.18721050724217647,0.0,0.7832634501714343
146,1806,0.98848137115,0.002747673,2.2322882527,65536,10,0.059156346277195994,0.012277951700196878,0.0,0.005113211286907935,0.7932391403037158,0.0,0.13021335043198307
147,1809,0.98206560471,7.685326e-05,0.98206560471,65536,10,0.017503450383649317,0.0,0.0007977111802332142,0.000597857381695059,0.9809309059140662,0.0001596610603457358,1.0414080015134623e-05
148,1812,0.99817249808,2.834724e-06,0.99817249808,65536,10,0.028386633468377206,0.08815591784009065,0.0,0.015550283959432571,0.02590470943505106,0.0,0.8420024552970501
149,1815,0.98453617984,0.0004656445,1.3489299417,65536,10,0.05835159089408469,0.21482317051955185,0.0,0.011930524131055343,0.47952148797909266,0.0008297049391812367,0.23454352153703284
150,1818,0.98572829179,1.038557e-05,0.98572829179,65536,10,0.01850705360941871,0.0,0.0011228301213521469,0.007115383649459081,0.21993504058900545,0.0,0.7533196920307712
151,1821,0.9354375458,0.0001055449,2.0261723404,65536,10,0.5927906033170557,0.40421227178334057,0.0,0.0012369480311598714,0.0017497160883344224,0.0,1.0460780108883483e-05
152,1824,0.98242341069,0.0001836644,0.98242341069,65536,10,0.020354282608249567,0.02446923433758313,7.415391911102136e-05,0.0006205362208115257,0.9536787234936933,0.0007702643603783275,3.280506018148402e-05
153,1827,0.99216043826,3.161866e-06,0.99216043826,65536,10,0.021016830511576857,0.007712180152163606,0.0,0.009228685110340211,0.13479883650348096,0.0,0.8272434677224387
154,1830,0.98924226614,0.0007987494,2.0963434741,65536,10,0.050794009287124735,0.007812037636590593,0.0,0.005113654055538318,0.8682405577845842,0.0,0.06803974123616208
155,1833,0.98345398525,0.0001499479,0.98345398525,65536,10,0.024432815050553204,0.0,0.001350262622315386,0.0005698150786425841,0.9735503816484993,7.840662019335664e-05,1.8318979806288224e-05
156,1836,0.98516465074,0.0003967794,1.511419596,65536,10,0.06466552244312775,0.12390491574830031,8.574784015979853e-05,0.018368266651631226,0.5155354266607574,0.0036672627683521706,0.2737728578876717
157,1839,0.98069379021,0.0005525842,0.98069379021,65536,10,0.0689814885459704,0.32991503927484966,0.0,0.012215579055110379,0.0,0.001209295632109927,0.5876785974919583
158,1842,0.98709948369,8.07014e-06,0.98709948369,65536,10,0.018117933100074063,0.0,0.0006591229811795765,0.008580978681072741,0.175963816432936,0.0,0.7966781488047403
159,1845,0.9870913625,0.006033721,2.3539815501,65536,10,0.07112699362450037,0.022840353970777667,0.0,0.004868422346750145,0.7776319181359809,0.0,0.12353231192198894
160,1848,0.98145565227,0.0001187202,0.98145565227,65536,10,0.016412140278563882,0.03369371949973581,0.00045304980020916403,0.00037021248164392735,0.9487294052604317,0.0003309159794174264,1.0556700003886531e-05
161,1851,0.99582065808,7.592234e-06,0.99582065808,65536,10,0.022994109226170147,0.06261198906929435,0.0,0.010468901644350966,0.06920461272515228,0.0,0.8347203873350308
162,1854,0.98853910178,0.0003273914,1.7420105558,65536,10,0.05141065312060494,0.07741645342567115,0.0,0.00786311680118849,0.681448508270147,0.00015997009978767528,0.18170129828260084
163,1857,0.98461940733,2.791131e-05,0.98461940733,65536,10,0.02451281396443061,0.0,0.001124743262926438,0.00038754438133192147,0.9739042273511661,6.499036015978328e-05,5.6806800097064216e-06
164,1860,0.98971933609,0.0007017133,2.0374300396,65536,10,0.05355421570670742,0.008129275498165174,0.0,0.007425073778955922,0.7408657445774498,0.0,0.19002569043872042
165,1863,0.97018379254,0.001836978,0.97018379254,65536,10,0.05928812923079302,0.285445161189968,0.0,0.012987324082660878,0.6172928697430466,0.0019545399769946704,0.023031975776536758
166,1866,0.98957679577,6.594998e-06,0.98957679577,65536,10,0.020405707815928736,0.0,4.616788005239926e-05,0.009326114021543732,0.18737011631566658,0.0,0.7828518939668097
167,1869,0.98933042699,0.001223854,2.3535243361,65536,10,0.05280545052211068,0.010152006102634087,0.0,0.005183404950016166,0.8042291315129291,0.0,0.12763000691230916
168,1872,0.98127136282,0.0002297818,0.98127136282,65536,10,0.017070111519914284,0.0,0.00119297466299604,0.0006634808412310199,0.9809291489359191,0.00012871980009091123,1.5564239855179157e-05
169,1875,0.99098681071,0.000191333,1.206797415,65536,10,0.04600880795186196,0.29169206876668385,7.828961954057587e-05,0.025525895643586604,0.016929941200164174,0.001972658743060421,0.6177923380751023
170,1878,0.98566055149,0.0002853253,1.1988673993,65536,10,0.0548161849051764,0.15563460981131277,0.0,0.014004394242786596,0.4560081354806488,0.0007889586174168148,0.3187477169426593
171,1881,0.98546926953,1.353516e-05,0.98546926953,65536,10,0.017119208709560334,0.0,0.0009419168204531032,0.007649465745388133,0.18146928611003135,0.0,0.7928201226145616
172,1884,0.97501239405,0.01609181,2.3613581418,65536,10,0.25213062527007823,0.1927567104018267,0.0,0.004342436021780975,0.4437580064040528,0.0,0.10701222190225942
173,1887,0.98124174267,9.049789e-05,0.98124174267,65536,10,0.018632183761618987,0.023867235523937554,2.5630579616762677e-05,0.00041163861862321573,0.9564379722172064,0.0006195962189311453,5.743080065476439e-06
174,1890,0.99340088381,3.506778e-06,0.99340088381,65536,10,0.021074147117033412,0.007044975750596854,0.0,0.009778809393139897,0.12985009785945734,0.0,0.8322519698797652
175,1893,0.98926533341,0.000900037,2.1099174689,65536,10,0.04940664538061727,0.0063133492075241986,0.0,0.005274942206314652,0.8776279579276006,0.0,0.06137710527794376
176,1896,0.9835134669,0.0001630433,0.9835134669,65536,10,0.023699491297339982,0.0,0.0012200042617443179,0.0004655101198667904,0.9745294497807132,7.667676029036124e-05,8.867780026180608e-06
177,1899,0.99019515994,0.0001963874,1.8334082258,65536,10,0.05079825859983837,0.0225236803056326,5.613039939989238e-06,0.008963332075196036,0.6837985510578115,0.00020463858083606014,0.23370592634074577
178,1902,0.96150866269,0.001982723,0.96150866269,65536,10,0.07402092762607844,0.403092022207838,0.0,0.02647703229742163,0.0,0.0025022017116999367,0.49390781615696405
179,1905,0.98740824393,1.049387e-05,0.98740824393,65536,10,0.018226289295795544,0.0,0.00029320900101974804,0.009023797279690361,0.17099038024992,0.0,0.8014663241735747
180,1908,0.9407798174,0.04642452,2.4139638381,65536,10,0.28799568874299014,0.1320966790345126,0.0,0.003330935546345476,0.49944255899521545,0.0,0.07713413768093792
181,1911,0.98058839336,2.214161e-05,0.98058839336,65536,10,0.014325880292107438,0.0,0.0007708996221744122,0.0003500434214828323,0.9843313822639111,0.0002174927203084319,4.301680013065572e-06
182,1914,0.99757617177,6.652942e-06,0.99757617177,65536,10,0.02537047037704471,0.085508529469395,0.0,0.013489921194154764,0.026223561424023253,0.0,0.8494075175353917
183,1917,0.98559140604,0.0004585754,1.6362357327,65536,10,0.0564065559645773,0.23368076960048265,0.0,0.010238459417666084,0.48696299648493874,0.0006767091577397682,0.21203450937459561
184,1920,0.9842708037,2.571401e-05,0.9842708037,65536,10,0.01731433449584804,0.0,0.001176346462544834,0.006169389952963712,0.2227865691996371,0.0,0.7525533598890062
185,1923,0.97744956537,0.03802567,2.3047382574,65536,10,0.1433843891186142,0.007628905319602925,0.0,0.01032163441799766,0.6775272535857604,0.0,0.16113781755802548
186,1926,0.96639931017,0.001216831,0.96639931017,65536,10,0.05219137545502074,0.2693986026205078,0.00046261903706994867,0.010289637686462258,0.6494670465345288,0.004787666887890615,0.013403051778519304
187,1929,0.99073680667,7.78949e-06,0.99073680667,65536,10,0.019757881442103865,0.007597607937993996,0.0,0.009194795782629097,0.13798566353270544,0.0,0.825464051304567
188,1932,0.98965466797,0.0006466123,2.4320956757,65536,10,0.05254040284077443,0.010831180587592203,0.0,0.005460549681468167,0.805161056570886,0.0,0.12600681031927927
189,1935,0.98166348876,0.0001720773,0.98166348876,65536,10,0.020266916387255047,0.0,0.001348957761641572,0.000650193699202094,0.9776313876115788,8.384454019906428e-05,1.8700000113412325e-05
190,1938,0.98469863191,0.0003683381,1.5232056962,65536,10,0.05981518418768236,0.4102433712912134,4.900720062583651e-05,0.021251354298042247,0.08094535691091367,0.002499151355732446,0.4251965747557899
191,1941,0.98697424156,0.0002604874,0.99372113578,65536,10,0.0619844921726098,0.3575646167716703,0.0,0.031333937984825616,0.0,0.0003924259783498184,0.5487245270925438
192,1944,0.98548873916,1.371714e-05,0.98548873916,65536,10,0.01642570141115058,0.0,0.0008910297818322433,0.008081055048424483,0.16404244604259868,0.0,0.8105597677159808
193,1947,0.98347986369,0.009005195,2.6190913948,65536,10,0.11788769105786037,0.0673124756602856,0.0,0.004109556644161143,0.7078277123576285,0.0,0.10286256428006514
194,1950,0.98007423617,0.0001508996,0.98007423617,65536,10,0.016356974991947652,0.026383551621892546,0.0004897565427550245,0.00040500112313676006,0.9558448273179422,0.0005088555623139837,1.1032840010729585e-05
195,1953,0.99490132816,3.868799e-06,0.99490132816,65536,10,0.021833513680878706,0.04312263284651758,0.0,0.01003330046760701,0.09937929093137864,0.0,0.8256312620736187
196,1956,0.98934649053,0.001133472,2.0695118972,65536,10,0.04844544639315698,0.0068629981988013525,0.0,0.005630759639028271,0.8609497548746146,0.0,0.0781110408944022
197,1959,0.98334536147,6.499488e-05,0.98334536147,65536,10,0.022886791877007547,0.0,0.001308588702315824,0.00037679420030859367,0.9753444977800695,7.62680803283476e-05,7.0593599466404855e-06
198,1962,0.9898296666,0.0002738036,2.1638024499,65536,10,0.05232350143566441,0.007895798447093825,0.0,0.007393644972853649,0.7423803012978151,0.0,0.19000675384657278
199,1965,0.97410102442,0.002176883,0.97410102442,65536,10,0.0584706722104087,0.2784885517718029,0.0,0.014511101995230546,0.6203342354723081,0.0009944960861423412,0.02720094246410636
200,1968,0.98806126367,8.888665e-06,0.98806126367,65536,10,0.01849136828441177,0.0,4.614860018056878e-05,0.00932854847587433,0.16931189956400708,0.0,0.8028220350755293
201,1971,0.98917155124,0.0004128345,2.6844802157,65536,10,0.05649477701753766,0.012223176740231802,0.0,0.0050970716993828085,0.800784906622965,0.0,0.1254000679198837
202,1974,0.9794683259,0.0002339071,0.9794683259,65536,10,0.01354386842869733,0.0,0.001244881921571339,0.0004130517412678004,0.9846134578084738,0.0001803278199334389,4.412280031546075e-06
203,1977,0.9933834246,6.392963e-05,1.1427789787,65536,10,0.03980072425209745,0.22223986674212817,5.653712063408969e-05,0.029091079484252935,0.0,0.0011425171873258025,0.7076692752135616
204,1980,0.98525849902,0.0003517249,1.4774066653,65536,10,0.05456546402164033,0.17828767212676383,0.0,0.012612960588706949,0.4738609122864424,0.0008268061012500368,0.27984618487519825
205,1983,0.98401906787,1.085883e-05,0.98401906787,65536,10,0.016263810013277882,0.0,0.001119526861342191,0.006424461026622708,0.19129387520813226,0.0,0.7848983268906139
206,1986,0.9404003372,0.02582622,2.4961016763,65536,10,0.4813173021604507,0.33002449471881756,0.0,0.002129884793254462,0.15321290344727923,0.0,0.03331541488020111
207,1989,0.95571304312,0.003758544,0.95571304312,65536,10,0.048714584141185194,0.29571867485276265,0.011623351867514519,0.007270318104881238,0.6192725435290507,0.009629233640294974,0.007771293864311088
208,1992,0.99204426785,5.176671e-06,0.99204426785,65536,10,0.019731850263158827,0.006370353444361173,0.0,0.009789688029016115,0.12661151597602072,0.0,0.8374965922874403
209,1995,0.98919141055,0.001033761,2.4609034359,65536,10,0.049289179296406437,0.0072880219363032715,0.0,0.005229943506460358,0.865600484570854,0.0,0.07259237068997618
210,1998,0.981652237,0.0003727114,0.981652237,65536,10,0.020943642064380742,0.0,0.0012350660842022996,0.0005461339205892912,0.9771851506102297,7.711230038611999e-05,1.2895020218052987e-05
211,2001,0.98590327095,0.0004397176,1.8774525179,65536,10,0.05811838718733408,0.15366317849275105,0.0,0.013503981573777524,0.5163003347308346,0.0022121350024341523,0.2562019830128673
212,2004,0.98564584648,0.0003162781,0.98564584648,65536,10,0.058832025004382955,0.2852723391438699,0.0,0.008476454642472084,0.0,0.000350393221860279,0.6470687879874161
213,2007,0.98573745337,1.259891e-05,0.98573745337,65536,10,0.016320706430002815,0.0,0.0006171697610479526,0.00851583667753088,0.15011999896611242,0.0,0.8244262881653039
214,2010,0.98806976329,0.002825847,2.8469724966,65536,10,0.062276965562574775,0.019222432578613686,0.0,0.004672985734987033,0.7947125567754938,0.0,0.1191150593483314
215,2013,0.9791723314,1.666534e-05,0.9791723314,65536,10,0.013728903109093374,0.0,0.0008592995818621072,0.0003307010998465981,0.9848172246098482,0.0002618976593785835,1.973939970741644e-06
216,2016,0.9967046314,7.544267e-06,0.9967046314,65536,10,0.023251239599980447,0.0725733237093006,0.0,0.012863928318579186,0.03332734324667045,0.0,0.8579841651254689
217,2019,0.98899690517,0.0001973061,1.971715998,65536,10,0.049151607377177976,0.06793797791409198,0.0,0.007700115406499592,0.6840724998245241,0.00015190342009429325,0.1909858960576131
218,2022,0.98274739434,1.628803e-05,0.98274739434,65536,10,0.021790128747417682,0.0,0.0013005225819780436,0.0003588255998342334,0.9764696202307226,7.623050005817244e-05,4.672340023054458e-06
219,2025,0.98954961789,0.0002818058,2.5038311132,65536,10,0.05246391022517558,0.009540553807302307,0.0,0.007199615220005499,0.7424297130650077,0.0,0.18836620768250886
220,2028,0.96338217506,0.002628671,0.96338217506,65536,10,0.060708021956213186,0.25249117546616356,0.0,0.015196090438604861,0.6510088767985898,0.0044049303227925865,0.016190905017635343
221,2031,0.98905360337,4.414819e-06,0.98905360337,65536,10,0.018409506618191133,0.0,0.0,0.009439983773158838,0.1511769573141924,0.0,0.8209735522944565
222,2034,0.9893059946,0.000796461,2.7906351225,65536,10,0.05485531196351805,0.011429955711006336,0.0,0.005321373600455597,0.7941337919140463,0.0,0.13425956681097287
223,2037,0.97912805256,0.0003210158,0.97912805256,65536,10,0.014853313458611322,0.0,0.0013336881016708369,0.0006424060993727715,0.9830470533203468,0.00011311704018973261,1.0421979798977838e-05
224,2040,0.98706277951,0.0001361476,1.4979448822,65536,10,0.05136741436468549,0.41411409059781784,0.0,0.020600613537360774,0.0171791477887814,0.001953393879575709,0.49478533983177814
225,2043,0.98284768509,0.0004810507,1.256874066,65536,10,0.052738733766491804,0.44009900677447594,0.0,0.01937199907397558,0.0,0.0007671025228168496,0.48702315786224015
226,2046,0.98375408143,1.683966e-05,0.98375408143,65536,10,0.01525229922912885,0.0,0.0009439751016326148,0.006904423043276669,0.15633996889965085,0.0,0.8205593337263182
227,2049,0.97083237909,0.01777325,2.8541903098,65536,10,0.2757302449619902,0.2180607516639277,0.0,0.003499280533023785,0.4206925445458711,0.0,0.0820171782951972
228,2052,0.97829653203,0.0003974527,0.97829653203,65536,10,0.016951501061965624,0.02064119991953131,0.0004742328853533773,0.00039580408209516707,0.9608300734254952,0.0007003595453180131,6.829080239177355e-06
229,2055,0.99360564834,4.076583e-06,0.99360564834,65536,10,0.020548636028889074,0.03905306898600883,0.0,0.009965189093668085,0.09982061480476777,0.0,0.8306124910866594
230,2058,0.98905279741,0.0008988066,2.4359288624,65536,10,0.04821299655412347,0.0053248415201820505,0.0,0.005340371877855747,0.890762100707257,0.0,0.0503596893405828
231,2061,0.98182270753,0.0001286676,0.98182270753,65536,10,0.021535348988079066,0.0,0.0013101571418575406,0.000377386779555486,0.9766948069903941,7.641080015586702e-05,5.889299981374336e-06
232,2064,0.98997500979,0.0002714495,2.2627309672,65536,10,0.049090936282366986,0.025489698235663525,0.0,0.008539314388204851,0.688355222453082,0.00019964799987327744,0.22832518064080962
233,2067,0.96835176963,0.003500457,0.96835176963,65536,10,0.06065894431427009,0.35865992017968373,0.0,0.02145195367028454,0.0,0.0010699051388134953,0.558159276696949
234,2070,0.98624594914,1.02845e-05,0.98624594914,65536,10,0.01671059909228502,0.0,0.00021401034014369817,0.008921101406696365,0.15108330535155665,0.0,0.8230709838093198
235,2073,0.96775197685,0.04317428,2.9694108508,65536,10,0.1539035572212899,0.06095018415936839,0.0,0.00434541520133675,0.6711552639545102,0.0,0.10964557946351454
236,2076,0.97810450857,6.451104e-05,0.97810450857,65536,10,0.012554221383254923,0.0,0.0011272308421449028,0.0003163821213742211,0.9857869993928423,0.00021238468037314872,2.781579980228537e-06
237,2079,0.99585611857,1.517347e-05,1.0308666852,65536,10,0.037635393144861085,0.13198494031845723,3.3392400530318002e-06,0.048598864017865596,0.0,0.0006555600233482318,0.7811219032554149
238,2082,0.98491893271,0.0002967963,1.8058450158,65536,10,0.05543304520086483,0.2133085780874514,0.0,0.011215049784657401,0.4830805156177376,0.0007297087804929511,0.236233102528796
239,2085,0.98228915817,1.577287e-05,0.98228915817,65536,10,0.015262970734562434,0.0,0.001176235800844986,0.005762452105999344,0.18112568245119887,0.0,0.796672658907393
240,2088,0.98883267499,0.0009828009,2.8457909113,65536,10,0.05426949950130347,0.00890528624620913,0.0,0.0058079687906494116,0.7932377154039607,0.0,0.13777953005787755
241,2091,0.96215377106,0.002207579,0.96215377106,65536,10,0.05025341864838647,0.27338109543017114,0.0019248093282619968,0.010001817287718625,0.6437317181276131,0.008902480784670624,0.011804660393175558
242,2094,0.99045624465,4.26003e-06,0.99045624465,65536,10,0.01813609124054142,0.005223718483401424,0.0,0.009808044511422233,0.11766941528538973,0.0,0.8491627304792578
243,2097,0.9895736845,0.0003745251,2.8498562457,65536,10,0.05338956505197502,0.011561604845403287,0.0,0.0054472613162166355,0.7937337930850992,0.0,0.1358677757013064
244,2100,0.97947512817,0.0006766133,0.97947512817,65536,10,0.01788725058431646,0.0,0.0012684897013302999,0.0006497905977493344,0.9800989051966417,8.21946800493452e-05,1.3369239915395778e-05
245,2103,0.98500150569,0.0003249502,1.892568811,65536,10,0.058326445508868736,0.13117853015208386,0.0,0.015431794514581626,0.5114613967018699,0.002535578104943571,0.2810662550176517
246,2106,0.9905330463,3.821399e-05,0.9905330463,65536,10,0.08204260306402805,0.14249719834628446,0.0,0.047626869577804945,0.0,0.0003888415859923423,0.7274444874258896
247,2109,0.98381618142,1.230289e-05,0.98381618142,65536,10,0.014763949576422462,0.0,0.0008930043623473437,0.007243738027716389,0.13789725614107767,0.0,0.8392020518924362
248,2112,0.98182368531,0.0175246,3.1492186469,65536,10,0.12195520629335901,0.07472843549765806,0.0,0.004185173812846812,0.6936456721493505,0.0,0.1054855122467848
249,2115,0.97753717657,0.0002927151,0.97753717657,65536,10,0.014664145778690343,0.024033167924308475,0.000511001501942159,0.0003749731010072443,0.9600169311924887,0.00039599234148378934,3.788160079283623e-06
250,2118,0.99551248672,8.281527e-06,0.99551248672,65536,10,0.021588829402375827,0.0652662875334092,0.0,0.011905530613272208,0.036058850167031954,0.0,0.8651805022839102
251,2121,0.98963429031,0.0002893278,2.3537639785,65536,10,0.04705469720786026,0.057948858338112585,0.0,0.006973699826976817,0.7054002483779345,7.443062012190943e-05,0.1825480656289942
252,2124,0.98118524492,4.829713e-05,0.98118524492,65536,10,0.020657635504420048,0.0,0.00130207658133194,0.0003499768606643645,0.9776091190334651,7.629006017226987e-05,4.901959967748853e-06
253,2127,0.98962848022,0.0001771077,2.6572104555,65536,10,0.052084501083475954,0.00946620284498104,0.0,0.007386080758820224,0.7325438077462654,0.0,0.1985194075664565
254,2130,0.96325916217,0.002731062,0.96325916217,65536,10,0.0653667952365381,0.22052396589674603,0.0,0.020666331158876484,0.6635369604502249,0.0018736357636069015,0.02803231149400892
255,2133,0.98713273844,7.886872e-06,0.98713273844,65536,10,0.017196832925420503,0.0,0.0,0.009200016226061862,0.15440143739061715,0.0,0.8192017134579005
256,2136,0.9867358669,0.003874613,3.1741288531,65536,10,0.06065008605932429,0.011918779166407904,0.0,0.005004820665982752,0.807229898942494,0.0,0.1151964151657918
257,2139,0.9769836339,0.0003255127,0.9769836339,65536,10,0.0122187134957841,0.0,0.0013879218793798058,0.0004449204591805888,0.9857940669658206,0.00014817095986795304,6.206239966355451e-06
258,2142,0.98938554542,0.0002540022,1.4290050993,65536,10,0.04327765168129697,0.3361484674968857,4.225060039059338e-06,0.0222235044768597,0.0,0.0013315169056036756,0.5970146343793141
259,2145,0.98543415222,0.0002101796,1.5849707507,65536,10,0.05212756653499394,0.15543925264945468,0.0,0.013246444799818652,0.4679285984447597,0.000764695700997842,0.3104934418699769
260,2148,0.98195883507,2.004045e-05,0.98195883507,65536,10,0.014636443072688375,0.0,0.0011215269202790078,0.005906752013186797,0.1616993287502365,0.0,0.8166359492436067
261,2151,0.94471137034,0.024375,3.0430961475,65536,10,0.4328484848417121,0.3378213046162646,0.0,0.002122991994189133,0.1915253215768911,0.0,0.0356818969709433
262,2154,0.94950151016,0.004272904,0.94950151016,65536,10,0.04685934796866997,0.300069317415968,0.014328680261324944,0.0076286233678942135,0.6085038972849864,0.012089044687529802,0.010521089013626129
263,2157,0.99203549101,7.256058e-06,0.99203549101,65536,10,0.019118000710895457,0.036123871066436476,0.0,0.009995885776800549,0.09785695186161684,0.0,0.8369052905842502
264,2160,0.98877794773,0.000846462,2.8514270309,65536,10,0.05071631345623794,0.0046515571261904875,0.0,0.004984371766339753,0.8912732852481576,0.0,0.0483744724030742
265,2163,0.97952418078,0.0005887541,0.97952418078,65536,10,0.01920067560400823,0.0,0.0013392981819617682,0.00044394210049256095,0.9789273144136397,7.712600006537055e-05,1.1643699845437373e-05
266,2166,0.9900064067,0.0001609832,2.3348295627,65536,10,0.04799787521519535,0.027994146659428957,0.0,0.008811106182555086,0.6756694924979563,0.00019077075987067245,0.2393366086849931
267,2169,0.98608061658,0.0001047815,0.98608061658,65536,10,0.05562065483239437,0.25920723685195235,0.0,0.007543726567282911,0.0,0.00020595799871425072,0.6774224237496554
268,2172,0.98421243762,6.403408e-06,0.98421243762,65536,10,0.014831234258831247,0.0,0.0006093780591485354,0.00763634086945055,0.12932926491858956,0.0,0.8475937818939794
269,2175,0.98756613209,0.003740371,3.4058494096,65536,10,0.06595705613175867,0.02015117621607898,0.0,0.004736275912440423,0.7884143290620064,0.0,0.12074116267771647
270,2178,0.97639081738,2.812171e-05,0.97639081738,65536,10,0.012240603642190304,0.0,0.0010251384845061848,0.0002845072203614607,0.9862045338531472,0.00024370103986331166,1.5157599919115523e-06
271,2181,0.9980818761,8.353735e-06,0.9980818761,65536,10,0.023953452533359215,0.08760896467150404,0.0,0.015205536957681563,0.0033240322797352373,0.0,0.8699080135577291
272,2184,0.98976726286,0.000411605,2.2057118104,65536,10,0.0460996261972001,0.052270262588325234,0.0,0.0075641689451522755,0.6923453330217809,0.00014274887997770222,0.2015778603675637
273,2187,0.98032482429,4.204699e-05,0.98032482429,65536,10,0.015054628444826103,0.0,0.0013773737038594413,0.005337221331788677,0.20571927373865942,0.0,0.772511502780869
274,2190,0.98906696133,0.0008299882,3.061857683,65536,10,0.053883653561939,0.009589040066326498,0.0,0.0062183440851616275,0.7686176285971565,0.0,0.16169133368941674
275,2193,0.9705693753,0.001461057,0.9705693753,65536,10,0.05433410687899549,0.21163252494373075,0.0,0.012141243782685484,0.7080144586238748,0.0038352888831583677,0.01004237688755634
276,2196,0.98851886825,5.937902e-06,0.98851886825,65536,10,0.016620624901688613,0.004680582769471477,0.0,0.009449824176064704,0.1112485087937656,0.0,0.8580004593590091
277,2199,0.98952614389,0.0005273635,3.2840865234,65536,10,0.05152940634246968,0.01109013106446955,0.0,0.005453576389284497,0.7896992792627717,0.0,0.1422276069410054
278,2202,0.97645268067,0.0006974107,0.97645268067,65536,10,0.01437187142827758,0.0,0.0013250542425853654,0.0005754024796433193,0.9836116176494916,0.00010660530008194328,9.448899922953785e-06
279,2205,0.98111645279,0.0004744551,1.8649835697,65536,10,0.059338460542070044,0.4537440306253982,0.0,0.022354829326089825,0.01770179318994919,0.0026899838817177005,0.4441709024347734
280,2208,0.98600320536,0.0003801575,1.2950921008,65536,10,0.0463156542340938,0.3796960215800652,0.0,0.01871153888032478,0.0,0.0004634249000807796,0.5548133604054335
281,2211,0.98162006823,1.713251e-05,0.98162006823,65536,10,0.013948564364922224,0.0,0.0009433991427283576,0.006367277811909016,0.13656733442891564,0.0,0.8421734242515245
282,2214,0.98221657709,0.01268061,3.4900341951,65536,10,0.13669929761075006,0.10124239520969955,0.0,0.005132267899778879,0.6265665800412272,0.0,0.13035945923854395
283,2217,0.97490379836,0.0003411737,0.97490379836,65536,10,0.01508259994662657,0.019709628827788227,0.00048301482217513053,0.0004235219196018966,0.9636673100593139,0.0006228551242804298,1.1069300214714047e-05
284,2220,0.99402760449,5.952839e-06,0.99402760449,65536,10,0.01993234567193087,0.06506605832125052,0.0,0.01152647078631451,0.03200643386851971,0.0,0.8714686913519865
285,2223,0.98960003629,0.001025061,2.7962965869,65536,10,0.04465905661915072,0.007364105589325484,0.0,0.005786168310059267,0.8484439075971095,0.0,0.09374676188435435
286,2226,0.97928494205,0.0001223735,0.97928494205,65536,10,0.020119115440930015,0.0,0.0013069663193632148,0.00034786890008044825,0.9781446408195296,7.633998005726167e-05,5.06854000853775e-06
287,2229,0.98967426832,0.0002117862,2.7945733856,65536,10,0.05226361568336863,0.009387509685157138,0.0,0.007466820735964062,0.7326757905108592,0.0,0.19820626338465275
288,2232,0.96797735724,0.00372329,0.96797735724,65536,10,0.056290574775138005,0.34740617576426236,0.0,0.018791026573268702,0.0,0.0009546713413418989,0.5765575515459926
289,2235,0.98491361898,8.082289e-06,0.98491361898,65536,10,0.015770812461539732,0.0,4.615030017076861e-05,0.008542102384604797,0.1341458467927659,0.0,0.8414950880609229
290,2238,0.97154018332,0.02681399,3.5521937953,65536,10,0.1341789270625862,0.04977076772583222,0.0,0.004626995278651522,0.6981564232202658,0.0,0.11326688671266827
291,2241,0.97452850806,4.705036e-05,0.97452850806,65536,10,0.011147818958028011,0.0,0.0012421575409777175,0.00027616151996595894,0.987125157261027,0.00020698476007161197,1.719959995781454e-06
292,2244,0.99140722322,0.0001394482,1.3118718627,65536,10,0.03868683144610707,0.23835205220478706,3.6281799619695748e-06,0.02666297444585637,0.0,0.0010467793579664163,0.69524773436532
293,2247,0.9846230394,0.0002227228,1.9764576734,65536,10,0.05391675377794713,0.1837202928018277,0.0,0.012201696841462948,0.48052477515188563,0.0008583444010247477,0.2687781370258526
294,2250,0.97948259617,2.723054e-05,0.97948259617,65536,10,0.014095081205953883,0.0,0.0011780781216906547,0.005826366077650342,0.17123737879308895,0.0,0.8076630958016195
295,2253,0.95762713218,0.03827007,3.3643199298,65536,10,0.23808618614849086,0.10182682996369774,0.0,0.004830921858612018,0.544256919888405,0.0,0.11099914214079465
296,2256,0.95756215266,0.002802776,0.95756215266,65536,10,0.04507275673070504,0.27924257677023995,0.008438689554724047,0.009257801641571868,0.6369194446757716,0.009699731380503309,0.011368999246485567
297,2259,0.99012573967,6.289933e-06,0.99012573967,65536,10,0.01747597570239127,0.032766869055158306,0.0,0.00995007686437853,0.08918750148136288,0.0,0.8506195768967085
298,2262,0.9894788242,0.0007506758,3.3317607284,65536,10,0.04902053443606573,0.009639078177714033,0.0,0.00546238538413151,0.8050587674407481,0.0,0.13081923456134015
299,2265,0.9772400954,0.0007714235,0.9772400954,65536,10,0.01794952821658396,0.0,0.0013552514406552124,0.00046775848036326894,0.9801348671823309,7.900298008241587e-05,1.3591699982397563e-05
300,2268,0.98509379953,0.0002752241,2.3674959381,65536,10,0.05651749858594282,0.15919096976221098,0.0,0.013231517137180225,0.5107991143593568,0.0019633671404346523,0.25829753301487945
301,2271,0.98935006119,0.0002196397,0.98935006119,65536,10,0.05987097960594023,0.20877465762133593,0.0,0.010688770151092004,0.0,0.00013854357963060768,0.7205270490420046
302,2274,0.98175201815,1.319098e-05,0.98175201815,65536,10,0.013750335420087417,0.0,0.0007096487810555525,0.0066108836344689805,0.11947861897916855,0.0,0.859450513185218
303,2277,0.98752797072,0.00453761,3.8199202071,65536,10,0.0706229058083764,0.02819229264170899,0.0,0.004275719857762494,0.7863798484499305,0.0,0.11052923324222237
304,2280,0.97429466591,1.723761e-05,0.97429466591,65536,10,0.013079356732105826,0.023173746736973387,0.00041361305939236734,0.00030397352137489294,0.9627081817728037,0.00031988915734459895,1.239020006685241e-06
305,2283,0.99665733008,5.24497e-06,0.99665733008,65536,10,0.021716644088855836,0.07772054797854085,0.0,0.013717912238020977,0.011565734775273244,0.0,0.8752791609193096
306,2286,0.9900528271,0.0002936843,2.6714023059,65536,10,0.044814211034299146,0.04875941174235208,0.0,0.006978301899753693,0.7070996648947786,7.262166008576638e-05,0.192275788768729
307,2289,0.9780659704,1.726859e-05,0.9780659704,65536,10,0.019596931892659437,0.0,0.0013027233036737355,0.0003345976412837995,0.9786856084421848,7.628296023023014e-05,3.855759975929347e-06
308,2292,0.98923274175,0.0005620439,3.2782825284,65536,10,0.05258578965643586,0.008309326875696804,0.0,0.0068178867855460965,0.7856623198366364,0.0,0.1466246768456847
309,2295,0.95731555337,0.003129672,0.95731555337,65536,10,0.06276788592552958,0.21003572386473443,0.0,0.019848362052982294,0.684136165978558,0.006404834292048861,0.016807027886146405
310,2298,0.9861559001,4.45817e-06,0.9861559001,65536,10,0.015385367309923193,0.004226624821653,0.0,0.008765870826671036,0.1035714345038978,0.0,0.8680507025378477
311,2301,0.98862108673,0.001284871,3.7782896709,65536,10,0.055695639033955135,0.011180564144097436,0.0,0.004904715381207431,0.8129619708831335,0.0,0.11525711055760625
312,2304,0.93977858653,0.1050778,0.93977858653,65536,10,0.011161683214515125,0.0,0.09976799099003322,0.00032834931937191403,0.8885819735358287,0.00015721170027768996,2.7912399648924375e-06
313,2307,0.98572786062,0.0004876673,1.8131039311,65536,10,0.04822307268580984,0.4289688843809002,0.0,0.019246604478905673,0.0,0.0017747964179443065,0.5017866420364407
314,2310,0.97925158856,0.0003466215,1.6730475139,65536,10,0.05561551179834121,0.4646699865109927,0.0,0.02042173316362376,0.0,0.0011289419164520155,0.458163826610591
315,2313,0.9790493304,2.378704e-05,0.9790493304,65536,10,0.0135356091841454,0.0,0.0011783339226135454,0.006061123991611303,0.15255146949404355,0.0,0.8266734634075878
316,2316,0.9866690815,0.005895346,3.8782647002,65536,10,0.07446297582474451,0.03616863453391975,0.0,0.0057567589443560845,0.724497002546759,0.0,0.1591146281502269
317,2319,0.92435117005,0.008157809,0.92435117005,65536,10,0.055897566331936224,0.28309425388879017,0.037147269140522625,0.006778790235251244,0.5909610369741173,0.0165921552978602,0.009528928131525859
318,2322,0.99226510133,5.278511e-06,0.99226510133,65536,10,0.0182892266501247,0.031190041656902416,0.0,0.010228812609473547,0.09235060729471732,0.0,0.8479413117887816
319,2325,0.98951230446,0.0009777626,3.3183449741,65536,10,0.0482925657103656,0.009136011093588027,0.0,0.005421625840449684,0.825346901799427,0.0,0.11180289555616887
320,2328,0.97704861895,0.0004229777,0.97704861895,65536,10,0.01945589304442458,0.0,0.0013123409392661223,0.00034583881958202584,0.9788037677167276,7.639718000398467e-05,5.7622999796052185e-06
321,2331,0.98983093622,0.000234457,2.9197112723,65536,10,0.047179769499117764,0.03015044727668697,0.0,0.008140866327283834,0.6817318096780374,0.00013303478048575572,0.2326640724383884
322,2334,0.98551409463,0.0004721777,0.98551409463,65536,10,0.05175569878937016,0.2470650537445637,0.0,0.007424362167885467,0.0,0.00015451751987242244,0.6936003677782749
323,2337,0.9822874924,5.557308e-06,0.9822874924,65536,10,0.014190333520099973,0.0,0.00026825806099452595,0.006995681004250577,0.11686116609240012,0.0,0.8616845613222525
324,2340,0.97697343412,0.01985177,4.0614999112,65536,10,0.11869421148650315,0.059586970221460145,0.0,0.003943021170390193,0.7206654181082632,0.0,0.097110379013386
325,2343,0.93965171097,0.1049363,0.93965171097,65536,10,0.011102018016332397,0.0,0.09971705587561967,0.0002479361798023192,0.8886971272478315,0.00023463528041808894,1.2273999915548417e-06
326,2346,0.99410647375,0.0001155426,1.1382713286,65536,10,0.035999289390905125,0.1884100741233573,2.974999972290078e-06,0.030572370983186253,0.0,0.0005957501998881613,0.7444195403026966
327,2349,0.98520604425,0.0003991096,2.4577234766,65536,10,0.053332437076230726,0.19298329596036362,0.0,0.010790941708244968,0.4988090438576057,0.000741789822164626,0.2433424915753901
328,2352,0.97699083802,6.372858e-05,0.97699083802,65536,10,0.01392790353655247,0.0,0.0013790882008426525,0.005410160177131363,0.18169485221692588,0.0,0.7975879958685438
329,2355,0.98929780664,0.000418311,3.7857064993,65536,10,0.05167433813566571,0.009995420519719411,0.0,0.006335934122871812,0.7725609649276987,0.0,0.15943334229404552
330,2358,0.96681489002,0.001707626,0.96681489002,65536,10,0.04637880878739667,0.22450366020334692,0.00044420393834604784,0.010835269246796323,0.7020179783212857,0.006892348286137381,0.008927731216686063
331,2361,0.98776291978,4.103264e-06,0.98776291978,65536,10,0.015859343611409626,0.030459426278233927,0.0,0.009635714019816489,0.07764226733364782,0.0,0.8664032487568812
332,2364,0.98957590941,0.0004058596,3.8964551432,65536,10,0.05242902043931036,0.01145250100768468,0.0,0.005447038784464639,0.7928771376520446,0.0,0.13779430211649435
333,2367,0.93965785212,0.1057585,0.93965785212,65536,10,0.014012426136513741,0.0,0.09971928913731809,0.00048596875908208954,0.8856705419469766,0.00010008854018267228,1.1685479938380795e-05
334,2370,0.98165284561,0.0004863769,2.3755231947,65536,10,0.0609211499577643,0.17041835621582097,0.0,0.017394039087724956,0.46375428802484464,0.0030275551387246103,0.28448461157512056
335,2373,0.98877397415,0.0001520484,1.3103186357,65536,10,0.0394156848957291,0.35154479883010176,0.0,0.018047900023036523,0.0,0.00022776902084529956,0.5907638472302861
336,2376,0.97869942757,1.921108e-05,0.97869942757,65536,10,0.013015978013933718,0.0,0.0009461691603457149,0.006440169304346095,0.12885926938760472,0.0,0.8507384141337682
337,2379,0.99014498545,4.939087e-05,4.3023926883,65536,10,0.10435519713207712,0.8909891246362633,0.0,0.001145211473131342,0.0030376364732764677,0.0,0.0004728302852505506
338,2382,0.97135625209,8.366629e-05,0.97135625209,65536,10,0.013352892063839685,0.016146677473222397,0.0005164012419038353,0.00038071287886887124,0.9690497121194185,0.0005486072825711855,4.996940172113418e-06
339,2385,0.99486145063,6.47932e-06,0.99486145063,65536,10,0.019594984255434777,0.07462951865597484,0.0,0.012782539285850802,0.011004260106969208,0.0,0.8819886976957722
340,2388,0.9902122428,0.0002277589,3.237529872,65536,10,0.044159157908645164,0.04407104548089842,0.0,0.0062881875884278305,0.7311216994884435,5.57103399391389e-05,0.17430419919364532
341,2391,0.97559334015,4.267578e-05,0.97559334015,65536,10,0.019203072758959633,0.0,0.001306818962035029,0.00032610873970444416,0.9790839428591379,7.630658019007583e-05,3.7500999922943286e-06
342,2394,0.98932850527,0.0004293533,3.503710766,65536,10,0.05363302297524704,0.009514448294510633,0.0,0.007038695106667245,0.7633084895464017,0.0,0.16650534407717268
343,2397,0.92896074477,0.007657092,0.92896074477,65536,10,0.07476560025271362,0.3406269712106744,0.0,0.03591327591115393,0.0,0.008337594101482378,0.5403565585239762
344,2400,0.98327659764,5.54929e-06,0.98327659764,65536,10,0.014447119067446276,0.0,0.0,0.00732783276992915,0.11386091298189473,0.0,0.8643641351807261
345,2403,0.9428359545,0.06370453,4.1631179378,65536,10,0.24278774974613157,0.09764028567599464,0.0,0.003828612814351776,0.5694062100205497,0.0,0.08633714174297089
346,2406,0.97052086777,0.0002171236,0.97052086777,65536,10,0.010061341697222207,0.0,0.0014011904834018987,0.0003076593399439632,0.9880579406192124,0.00016960374023403113,2.264119971966183e-06
347,2409,0.98903597325,0.0002442197,1.711978772,65536,10,0.0404548965045152,0.3263283902436628,1.6713200374339821e-06,0.020998903164664167,0.0,0.0007080749808338738,0.6115080637862853
348,2412,0.98599430278,0.0003050081,2.1741944684,65536,10,0.04976031520937347,0.15322939497884586,0.0,0.012106635824391332,0.48709898676733016,0.0006886647605729017,0.297116002459487
349,2415,0.97605933313,3.589615e-05,0.97605933313,65536,10,0.013275017386380329,0.0,0.0013790219012936047,0.00573836280420084,0.16407417431679214,0.0,0.8155334235913302
350,2418,0.96154668137,0.04140733,4.1926815745,65536,10,0.21968784444565098,0.09846237887040611,0.0,0.004711981672226767,0.5496788503087343,0.0,0.12745894470297986
351,2421,0.92688176779,0.00665399,0.92688176779,65536,10,0.054690467583935816,0.2469604087466537,0.03788076008449671,0.008087929731997004,0.627436237412395,0.015167026412043141,0.009777170028479035
352,2424,0.98991802663,5.1712e-06,0.98991802663,65536,10,0.016642379051817136,0.028703747007861567,0.0,0.009884991214524309,0.08583319888430302,0.0,0.858935683841494
353,2427,0.98952150604,0.0003552037,3.9547038705,65536,10,0.05470199148082674,0.011647040643869642,0.0,0.0056916456564782645,0.792960004064632,0.0,0.13499931815419414
354,2430,0.97432590984,0.0004874088,0.97432590984,65536,10,0.0189770550306225,0.0,0.0013184074623564964,0.00035186352060051523,0.9792709761861889,7.665658031424602e-05,5.041219934007369e-06
355,2433,0.98625468105,0.0001783989,3.0266653664,65536,10,0.05284669456384026,0.18123174362904598,0.0,0.010852468597253872,0.50577493175968,0.0012812242201440235,0.24801293723003548
356,2436,0.98861366868,1.648897e-05,0.98861366868,65536,10,0.05437117761960004,0.20200417980761276,0.0,0.008868557259619297,0.0,0.00012465042071632066,0.7346314348924503
357,2439,0.97895717644,9.768735e-06,0.97895717644,65536,10,0.012941099421576929,0.0,0.0006168103429631832,0.00666149595744253,0.10667697716468763,0.0,0.8731036171133298
358,2442,0.98922164009,0.0001864689,4.700734864,65536,10,0.0520253710517071,0.014585822855144738,0.0,0.0044749061854213075,0.8140797131246111,0.0,0.11483418678311362
359,2445,0.97015655605,2.262388e-05,0.97015655605,65536,10,0.01139713214502063,0.0,0.0008795728027659253,0.0002664262411588206,0.9871859537720915,0.0002696616189908985,1.253420012223837e-06
360,2448,0.99837948564,5.482458e-06,0.99837948564,65536,10,0.022187099151029573,0.07827979392038956,0.0,0.015624807221314341,0.002434560122216796,0.0,0.8814737395850475
361,2451,0.99036825296,0.000129948,3.0760412388,65536,10,0.04286345137447157,0.04098052801220183,0.0,0.007041122628276638,0.7029770950414617,6.419459977299509e-05,0.2060736083438152
362,2454,0.97389250689,5.553096e-05,0.97389250689,65536,10,0.013901281758745856,0.0,0.0013829327411538574,0.005140877707465555,0.1898325044618525,0.0,0.7897424033307786
363,2457,0.98943620543,0.0002484521,4.1384328788,65536,10,0.054393709154970354,0.011444338635976773,0.0,0.006703428607462141,0.7584611419646718,0.0,0.1689973816369167
364,2460,0.9605176194,0.002507593,0.9605176194,65536,10,0.05047418376302697,0.18275340674672438,5.8318479996281e-05,0.014140955326093739,0.7335674393928991,0.009299557072719617,0.009706139218539888
365,2463,0.98483507479,5.187984e-06,0.98483507479,65536,10,0.014318307621593366,0.003481644709233249,0.0,0.008457896167774613,0.0913959780358923,0.0,0.8823461734655046
366,2466,0.98936578522,0.0004185917,4.5874108869,65536,10,0.055993019768244945,0.01192396600130844,0.0,0.004912849468363034,0.815050490711938,0.0,0.11211967405014536
367,2469,0.96797866066,0.000459806,0.96797866066,65536,10,0.010327415218814086,0.0,0.0014574446229055043,0.0003439083202060661,0.9877295492773844,0.00013742404066832898,4.258520026198944e-06
368,2472,0.98078670499,0.0004730691,2.3619336079,65536,10,0.055551629762499735,0.45565933948280896,0.0,0.02148534233615652,0.015088450026342268,0.0020871083459665426,0.4501281300462257
369,2475,0.9851686678,0.0003719869,1.7909096437,65536,10,0.04467352365492922,0.3899113507126221,0.0,0.01835037123213811,0.0,0.0005056863814815066,0.5465590680188298
370,2478,0.97509476615,3.366877e-05,0.97509476615,65536,10,0.01256246111945,0.0,0.0011806259203993492,0.006230065957521267,0.13712938826085352,0.0,0.8428974587417767
371,2481,0.98762424923,0.003483631,4.8561407177,65536,10,0.06520420429338082,0.029181989947092653,0.0,0.0048810355767377744,0.7648152441066817,0.0,0.1359175260761061
372,2484,0.89081270329,0.01916695,0.89081270329,65536,10,0.07167180352488375,0.2525932300413758,0.06603340128307796,0.006905542811809503,0.5759310961182141,0.021486751481369623,0.005378174739270062
373,2487,0.99265614792,8.37389e-06,0.99265614792,65536,10,0.017431840636792588,0.06167651467585367,0.0,0.011522622362315948,0.01924490054509523,0.0,0.8901241217799454
374,2490,0.98931819388,0.001030749,3.9471283995,65536,10,0.04584243168001938,0.0061790619301362575,0.0,0.005460452704590466,0.8515010992428282,0.0,0.09101695444242597
375,2493,0.97231789879,5.588928e-05,0.97231789879,65536,10,0.018647057822869927,0.0,0.0013097846837622706,0.00032288518100067823,0.9796401554721488,7.640250025015034e-05,3.714340013877656e-06
376,2496,0.98981370452,0.0004090335,3.7581989093,65536,10,0.04891432687573007,0.009027581146827914,0.0,0.007642455011932523,0.7262629832606523,0.0,0.2081526537048613
377,2499,0.98392939187,0.001403524,0.98392939187,65536,10,0.047686672422238945,0.2395734076400312,0.0,0.007884514386457535,0.0,0.00013060633919168376,0.704724799212079
378,2502,0.97965020951,9.033937e-06,0.97965020951,65536,10,0.013469123288580772,0.0,4.609544005259859e-05,0.006704623957898915,0.10867452409605834,0.0,0.8711056332174183
379,2505,0.92982726086,0.05748752,4.7903356589,65536,10,0.34798375422106953,0.17613887646321272,0.0,0.00284973696853714,0.4058325740913404,0.0,0.06719505825584143
380,2508,0.96758483677,5.109548e-05,0.96758483677,65536,10,0.009637674158790863,0.0,0.0014317966435639022,0.0002821112809915778,0.988461979575647,0.0001848529609699793,1.5853799932169538e-06
381,2511,0.99138139356,0.0001384066,1.5509697192,65536,10,0.034849367135065076,0.22715256320416352,7.876399725621068e-07,0.0250165326988855,0.0,0.00030108533803826533,0.7126796639838748
382,2514,0.98497085679,0.0004532321,2.8067821876,65536,10,0.051881924015358155,0.17018597439182423,0.0,0.011424907276253702,0.5036290510582901,0.0008295869586025388,0.26204855629967033
383,2517,0.972282101,3.539221e-05,0.972282101,65536,10,0.013102194572360382,0.0,0.0013829056617946053,0.005345975068025413,0.1656317428642882,0.0,0.8145371818335188
384,2520,0.98909176269,0.00067302,4.8285837125,65536,10,0.05186922299427425,0.010430704412312851,0.0,0.005971904097709995,0.7768087900788919,0.0,0.15491937841681028
385,2523,0.96051071452,0.003873292,0.96051071452,65536,10,0.04273137683934895,0.2110770656016182,0.007472104981843005,0.00893200623064486,0.7137529067943265,0.00797442158993411,0.008060117962281853
386,2526,0.98686656155,5.897294e-06,0.98686656155,65536,10,0.014927344250729719,0.025537465045696546,0.0,0.009265291762789458,0.07146649668249173,0.0,0.8788034022582928
387,2529,0.9894894899,0.0004952744,4.7667496619,65536,10,0.05173583686004026,0.011573969900199493,0.0,0.0053103821376866344,0.8025433405052652,0.0,0.1288364705968094
388,2532,0.96953965979,0.00183958,0.96953965979,65536,10,0.01586805818822674,0.0,0.0013537900411312797,0.0004019367999159478,0.9822866737108413,7.910030013621444e-05,1.0440959745428782e-05
389,2535,0.98334042509,0.0004732383,3.1401593653,65536,10,0.05618787286714479,0.1799415547474954,0.0,0.013640163139577504,0.48648507505695887,0.0020321253036732064,0.2617132088851497
390,2538,0.99016206754,7.139693e-05,1.3034555342,65536,10,0.03471737312662399,0.2851585698957796,0.0,0.019500513644696096,0.0,0.00011592937992641862,0.6605076139529618
391,2541,0.97454123923,2.176257e-05,0.97454123923,65536,10,0.012125313844260131,0.0,0.0009488096410253703,0.006475284936582288,0.11268573136008264,0.0,0.8677648602180464
392,2544,0.98046787303,0.01745662,5.3968819984,65536,10,0.1326858294331949,0.09322567471293575,0.0,0.003438946512945588,0.683624369574439,0.0,0.08702517976648436
393,2547,0.96604502667,0.0001567958,0.96604502667,65536,10,0.012250633296287226,0.014825057806928998,0.0004512124804016134,0.0003281211211729635,0.971681266574377,0.00046265404080163893,1.0546800201334358e-06
394,2550,0.99627637347,6.424829e-06,0.99627637347,65536,10,0.01916021779119352,0.07226313477446175,0.0,0.01340734157791599,0.0065975371546694445,0.0,0.8885717687017607
395,2553,0.99023959647,0.0001793768,3.8700574854,65536,10,0.04274211966536995,0.03751950182653701,0.0,0.006632572569448617,0.7200910140668834,3.4298019880450336e-05,0.1929804938518812
396,2556,0.9698270294,6.697043e-05,0.9698270294,65536,10,0.018044017364624944,0.0,0.0013100163812465714,0.0003115362399135228,0.9802547425539975,7.6308060183782e-05,3.379400055644798e-06
397,2559,0.98932735215,0.0004979483,4.5732236537,65536,10,0.05364391799435124,0.010013746030521242,0.0,0.006615072549176704,0.7745827166346012,0.0,0.15514454679135004
398,2562,0.88191990684,0.006204526,0.88191990684,65536,10,0.07430402580631854,0.367917075524166,0.0,0.04048516585377021,0.0,0.039194237067932104,0.47809949574781235
399,2565,0.98092448832,9.547757e-06,0.98092448832,65536,10,0.012979916855810137,0.0027991640376153846,0.0,0.006770547121423702,0.08298835288100849,0.0,0.894462019104141
400,2568,0.9893790297,0.000277342,5.489411091,65536,10,0.054565852656060496,0.012532474308321695,0.0,0.00498530401027939,0.8039447097480218,0.0,0.12397165927731663
401,2571,0.96430986366,0.001150848,0.96430986366,65536,10,0.00995423020556023,0.0,0.001464969337581916,0.0003612588201075065,0.9880727555571319,0.00014267919963837305,4.106879985992893e-06
402,2574,0.98886883949,0.0001678305,2.3413208021,65536,10,0.03819410806471336,0.41360672176002583,0.0,0.01718007407062835,0.0,0.000391768379644711,0.5306273277249884
403,2577,0.97700924243,0.0004058825,2.427734392,65536,10,0.05636277699665641,0.47216139057620343,0.0,0.020726199308086845,0.0,0.0014150429152321655,0.44933459020382244
404,2580,0.97048382488,3.465392e-05,0.97048382488,65536,10,0.012181524006295888,0.0,0.0013813240796857707,0.005735310063482579,0.13986192318956991,0.0,0.8408399186609675
405,2583,0.93115969325,0.0501135,5.2696000218,65536,10,0.4034774426517996,0.21940882421322028,0.0,0.002917013599079951,0.30903847873948426,0.0,0.06515824079641651
406,2586,0.90342515527,0.01368335,0.90342515527,65536,10,0.06703778240497286,0.19328339030918962,0.06491598498601849,0.008120680620743078,0.6478228832491523,0.015922635254828118,0.002896643175092015
407,2589,0.98967789078,2.584854e-06,0.98967789078,65536,10,0.015564572505479116,0.03151148919912992,0.0,0.01032836301572613,0.05119192817494624,0.0,0.891403647104713
408,2592,0.98984333782,0.0005518943,4.9052343924,65536,10,0.049346398218882016,0.00949563682986776,0.0,0.005861324639644923,0.782084362852877,0.0,0.15321227745872823
409,2595,0.96787957739,0.0003955028,0.96787957739,65536,10,0.018055737479416478,0.0,0.0013145074631265056,0.0003209527204003845,0.9802284301367791,7.677958030284498e-05,3.592620007413602e-06
410,2598,0.99007486304,0.0003451449,4.0772907202,65536,10,0.04336935508353674,0.026857225850246177,0.0,0.00802297396876628,0.680695352120975,8.86726202718198e-05,0.24096642035620364
411,2601,0.98738514818,1.762488e-05,0.98738514818,65536,10,0.049075444813376876,0.18549193241178963,0.0,0.008555096221494994,0.0,0.00011568439990484971,0.7567618421534332
412,2604,0.97452826677,1.469768e-05,0.97452826677,65536,10,0.012414928265377283,0.0,0.000290584160524517,0.006603373275220744,0.09731502116494402,0.0,0.8833760931339333
413,2607,0.98914590101,0.0003264105,6.0744570297,65536,10,0.04569338392035461,0.013896692607882543,0.0,0.003534501117852206,0.8492036567491966,0.0,0.08767176560471385
414,2610,0.96322591191,2.680901e-05,0.96322591191,65536,10,0.009750484958925866,0.0,0.0012917709798949465,0.0002447959600101122,0.988481248741545,0.0002306646195290237,1.0347399855230476e-06
415,2613,0.99278050211,0.0001630852,1.3093262384,65536,10,0.03172074557404152,0.1701798749852062,0.0,0.02874686186678908,0.0,0.0004903941411634765,0.7688621234328004
416,2616,0.98592897828,0.0003384029,3.6871240452,65536,10,0.05101838782603483,0.18467332990227678,0.0,0.009811733362124563,0.5165330930037425,0.0006480515010723127,0.23731540440474846
417,2619,0.967167743,6.236343e-05,0.967167743,65536,10,0.012756700109558237,0.0,0.0013860148222541227,0.004804632931535299,0.1636416750386415,0.0,0.8174109770980137
418,2622,0.98937475095,0.0001963647,5.5246531503,65536,10,0.05332527972158035,0.010952919028875317,0.0,0.006213205764914162,0.7573665220533561,0.0,0.17214207343127355
419,2625,0.9420197313,0.003990388,0.9420197313,65536,10,0.04808170746078816,0.17290739887761397,0.0002890199398580747,0.01403141391790169,0.7367276390245829,0.020117607943687228,0.007845212835567848
420,2628,0.98267768452,6.374374e-06,0.98267768452,65536,10,0.013310026281255521,0.02177512527455799,0.0,0.007361869089226289,0.06535038882302002,0.0,0.8922025905319408
421,2631,0.98939121016,0.000355076,5.8919019528,65536,10,0.055169033824466814,0.011463705983390332,0.0,0.00520487078710055,0.7958403855378741,0.0,0.1323220038671675
422,2634,0.92951465257,0.1069819,0.92951465257,65536,10,0.013440534695918797,0.0,0.09990283066595528,0.0003559397797489877,0.8861980511380375,9.795780032026886e-05,4.685920000244544e-06
423,2637,0.97596001899,0.0005014679,3.2705144582,65536,10,0.06140975471742196,0.5133144930193171,0.0,0.0213819819107101,0.013751601941968323,0.0028979508398174576,0.38724421757076216
424,2640,0.98807929174,0.0002647534,1.9616847658,65536,10,0.03864486948246604,0.35262856434222656,0.0,0.01733805253281068,0.0,0.00024893632024332904,0.59113957732225
425,2643,0.96861639791,4.166937e-05,0.96861639791,65536,10,0.011471221506984243,0.0,0.0011839343020563558,0.006019280269161322,0.11361717792442262,0.0,0.8677083859973734
426,2646,0.98924347045,0.0001516299,6.4870799845,65536,10,0.04398714928486169,0.012630665906552192,0.0,0.00438481431533148,0.8179993841377395,0.0,0.1209979863555159
427,2649,0.84949810557,0.01706761,0.84949810557,65536,10,0.08166991510810284,0.2444945417673326,0.08257012493487059,0.008066212792467727,0.5436255534779633,0.03694232029406843,0.0026313316252064957
428,2652,0.99339219029,2.836684e-06,0.99339219029,65536,10,0.016878145375872882,0.06440352676421615,0.0,0.012300871671410411,0.008746510927669092,0.0,0.8976709452608349
429,2655,0.99012522228,0.0004747866,5.0047735844,65536,10,0.04316241275409513,0.008046461215746575,0.0,0.005868454931168458,0.7843689335763105,0.0,0.15855373752268154
430,2658,0.96383864723,6.424946e-05,0.96383864723,65536,10,0.017455903108855714,0.0,0.0013126200605248922,0.0003068264598199201,0.9808449138708293,7.644174003335821e-05,3.294759944659403e-06
431,2661,0.98940993767,0.0005213596,5.1890879593,65536,10,0.05413300531229933,0.009986482093336082,0.0,0.007058423221762896,0.7735166915792923,0.0,0.15530539779330893
432,2664,0.97965469068,0.001454853,0.97965469068,65536,10,0.0434609393436784,0.2334914020599097,0.0,0.007789216298564069,0.0,0.0007337487138560688,0.7145246935839901
433,2667,0.97496093426,7.319949e-06,0.97496093426,65536,10,0.012138158959561078,0.00240339926073079,0.0,0.006136601930005451,0.07681102219958869,0.0,0.9025108176501139
434,2670,0.91758738987,0.06413103,6.3034848574,65536,10,0.39033607658035524,0.18782380478980407,0.0,0.002136267612971235,0.3735122779492815,0.0,0.04619157306758933
435,2673,0.95826154997,4.693984e-05,0.95826154997,65536,10,0.008906447252868882,0.0,0.0014850855380513465,0.00031529391946326997,0.989129875429854,0.00016130425975255716,1.993600019381785e-06
436,2676,0.99021482211,9.841858e-05,2.2797182062,65536,10,0.03406896346178826,0.2988197732954138,0.0,0.019803922062887235,0.0,0.00019142839863005352,0.647115912781281
437,2679,0.98603763828,0.0003290828,3.4203180578,65536,10,0.04810189056069727,0.14487739798193267,0.0,0.011384016963672201,0.5079984929211626,0.0007093137389080667,0.28692888783362747
438,2682,0.96383709547,9.450811e-05,0.96383709547,65536,10,0.012020796830060649,0.0,0.0013858404221431184,0.005088223367045916,0.1473907065940032,0.0,0.834114432786745
439,2685,0.98944358537,0.0004031543,6.6869573561,65536,10,0.047173963716329106,0.009238975921465439,0.0,0.005266960955847553,0.7794676781500337,0.0,0.15885242125631976
440,2688,0.92819339569,0.01724295,0.92819339569,65536,10,0.05294586031038165,0.16832543677517892,0.04880216017513704,0.008214346167185487,0.7105346115097907,0.00907328374817775,0.002104301314148484
441,2691,0.98525171843,4.405552e-06,0.98525171843,65536,10,0.013652863962579101,0.027938695464595934,0.0,0.008572274580196474,0.05758294173992125,0.0,0.8922532242527071
442,2694,0.98937987254,0.0004328041,6.3396640953,65536,10,0.0550829572263982,0.010656563543154328,0.0,0.005480569541122314,0.7973426501606875,0.0,0.13143725952863808
443,2697,0.96091238435,0.001627519,0.96091238435,65536,10,0.016700176688516557,0.0,0.0013315904221743013,0.00033885327937883806,0.9815453021697019,7.661226018075027e-05,7.465180071772867e-06
444,2700,0.98514601077,0.0003047661,4.5404263651,65536,10,0.052698058251180686,0.1837219190202227,0.0,0.010965860222098492,0.5030387940313236,0.0011365263211527304,0.2484388421540229
445,2703,0.9909023407,9.377154e-05,1.2913663805,65536,10,0.028434326470953144,0.20029603300136797,0.0,0.021704829621942312,0.0,0.00013684386008919422,0.7494279670456484
446,2706,0.96680643252,2.254661e-05,0.96680643252,65536,10,0.011020174930155058,0.0,0.0009451457805959354,0.006044248054483113,0.08979716390946313,0.0,0.8921932673252999
447,2709,0.98918994096,0.0001593568,7.585077555,65536,10,0.04611267611813353,0.013881670491996808,0.0,0.003544262400928429,0.8466011125809627,0.0,0.08986027840797946
448,2712,0.95557201315,2.297372e-05,0.95557201315,65536,10,0.01018525056395033,0.0,0.000948474002027705,0.0002788570187851873,0.988297229416058,0.0002891932190526589,9.957799994373456e-07
449,2715,0.99879647293,6.113402e-06,0.99879647293,65536,10,0.019220898288247874,0.07147263386934458,0.0,0.016498956965352866,0.0,0.0,0.8928075108770536
450,2718,0.99046238811,0.0002280317,5.0795051087,65536,10,0.040148197862515625,0.02751518151644033,0.0,0.006876088717699426,0.7119992594927502,3.997770001202592e-05,0.21342129471058396
451,2721,0.95849993216,7.490378e-05,0.95849993216,65536,10,0.012416457685106238,0.0,0.0013892474430414888,0.004698140011753159,0.17050453718628356,0.0,0.8109916176738123
452,2724,0.98949155834,0.0003246476,6.635584503,65536,10,0.05441033616943339,0.010746831095794761,0.0,0.006434557990562421,0.7743716697981003,0.0,0.15403660494610813
453,2727,0.52380936997,0.01027052,0.52380936997,65536,10,0.13732469041030199,0.3518367597565905,0.001863225507667077,0.13044565316718743,0.0,0.23376828974542493,0.14476138141283
454,2730,0.97586387934,8.918479e-06,0.97586387934,65536,10,0.012009694579401818,0.018234779666392222,0.0,0.006448530787192621,0.056386647744259596,0.0,0.9069203472227579
455,2733,0.98964104877,0.0003783253,7.710308874,65536,10,0.0469016085262945,0.010450688619371536,0.0,0.004853984259718069,0.814381566320656,0.0,0.12341215227395776
456,2736,0.95514663326,0.003555994,0.95514663326,65536,10,0.012767320261078172,0.0,0.001383094762885544,0.00034656870124124113,0.9854037453746617,9.522296012422821e-05,4.047939996744406e-06
457,2739,0.98668712639,0.0002341843,3.5830039839,65536,10,0.04145905732454472,0.46109501019604315,0.0,0.015912127515213655,0.0,0.0004295398020181264,0.481104265162181
458,2742,0.98034081064,0.0004426756,3.0066018709,65536,10,0.049313491418093,0.4521775431968936,0.0,0.01916706572121365,0.0,0.0010374806565105114,0.4783044190072908
459,2745,0.9593724043,5.298041e-05,0.9593724043,65536,10,0.011099949121825594,0.0,0.0013862597209134766,0.005404488129260033,0.1254619220019296,0.0,0.8566473810260737
460,2748,0.94821569644,0.04384586,7.8977848387,65536,10,0.30169400010202296,0.2020767511402425,0.0,0.0027051517621132855,0.4327972129580071,0.0,0.0607268840376129
461,2751,0.93360914263,0.01704477,0.93360914263,65536,10,0.047891684134480264,0.19430711203035167,0.03834982063579769,0.006633874702385039,0.7068328160111265,0.004527618176676767,0.0014570743091843945
462,2754,0.98891595276,9.500517e-06,0.98891595276,65536,10,0.014258645786495393,0.05875238613164261,0.0,0.010546437970589038,0.006185079751013038,0.0,0.9102574503602598
463,2757,0.98952649809,0.0005164256,6.9257191521,65536,10,0.053450266668737666,0.009335024926248018,0.0,0.005741453647473872,0.7887105249719237,0.0,0.14276272978561685
464,2760,0.95278544767,0.001767248,0.95278544767,65536,10,0.01564678988724326,0.0,0.001330081144424001,0.00031518860105887313,0.9826251572668796,7.644322036339329e-05,6.339880013356628e-06
465,2763,0.9900325754,0.000319511,6.2959884091,65536,10,0.042982599691634094,0.024593985209198484,0.0,0.007311048660836462,0.6905953113603991,4.8476419952831124e-05,0.23446857865797938
466,2766,0.98596943156,1.405972e-05,0.98596943156,65536,10,0.043485905834627935,0.1785914972441834,0.0,0.007827544124700091,0.0,9.714449875910994e-05,0.7699979082977301
467,2769,0.96482686606,1.330629e-05,0.96482686606,65536,10,0.01149314727829694,0.0,0.0,0.005925108158178599,0.07985842560898265,0.0,0.9027233189545406
468,2772,0.98943214141,0.0003265614,9.1319562193,65536,10,0.03881881616784119,0.011268542096415366,0.0,0.0034912131834741885,0.8527049409921609,0.0,0.09371648756010421
469,2775,0.94725196969,6.28948e-05,0.94725196969,65536,10,0.008331361666528963,0.0,0.0014239824589043575,0.00028047502056976657,0.9897754047552302,0.00018732195880387473,1.4541400167944115e-06
470,2778,0.99058165528,0.000184968,2.2176840281,65536,10,0.03140481692617657,0.2244566661959672,0.0,0.022793583694016652,0.0,0.00016981141955135562,0.7211751217642884
471,2781,0.98737976637,0.0002860743,5.1625305363,65536,10,0.04733505253158215,0.14844636407957054,0.0,0.00930734112144255,0.5392909132828702,0.0004728615212291247,0.25514746746330536
472,2784,0.95068387233,7.219337e-05,0.95068387233,65536,10,0.011542119110741536,0.0,0.0013900300237524024,0.004837650259529428,0.14849940061083178,0.0,0.8337307999951488
473,2787,0.98966464117,0.0004194107,8.7610448947,65536,10,0.04257734502679361,0.007858189454828867,0.0,0.005384589901390892,0.7770274357501231,0.0,0.16715243986686357
474,2790,0.95744513933,0.005901521,0.95744513933,65536,10,0.03918315542514006,0.1350776343072419,0.006479776950704748,0.008196227298191762,0.8051482701363718,0.004378082746746772,0.0015368531356031146
475,2793,0.97714091172,1.447429e-05,0.97714091172,65536,10,0.011719700916398281,0.023585517059756898,0.0,0.006639377899428284,0.047550481339016494,0.0,0.9105049227853999
476,2796,0.9895466551,0.0003968759,9.0958084875,65536,10,0.04714940481618859,0.008041720423261322,0.0,0.005107714107661742,0.7854517435042414,0.0,0.15424941714864615
477,2799,0.9462867283,0.003076978,0.9462867283,65536,10,0.014442633971993735,0.0,0.0013510270442567132,0.00034930884059330937,0.9837717983628059,7.774696029772037e-05,7.484820042652317e-06
478,2802,0.98849594379,0.0002724637,5.5955241583,65536,10,0.04376590331468688,0.13427944250787424,0.0,0.010504046996125508,0.49273489800898995,0.00032552729864557197,0.318390181873678
479,2805,0.98954449459,0.0001480424,2.4482529072,65536,10,0.03222975304109384,0.27706698578088546,0.0,0.018559367300089474,0.0,0.0001244241195182609,0.6720194697584126
480,2808,0.95200801573,6.268775e-05,0.95200801573,65536,10,0.01006121962883404,0.0,0.0013879277617624588,0.005649419495945113,0.09963513983196268,0.0,0.8832662932814961
481,2811,0.98889051295,0.0008981358,10.717004363,65536,10,0.04149686670749697,0.013672951342820651,0.0,0.0028265736028033808,0.8785148845631796,0.0,0.06348872378370177
482,2814,0.91658337821,0.006316304,0.91658337821,65536,10,0.01805482484928218,0.013804141480995177,0.00779378865841854,0.0014755397382652713,0.9525393027015604,0.006191821430764001,0.000140581140711699
483,2817,0.99485654247,5.626859e-06,0.99485654247,65536,10,0.015013354689600664,0.06205954415621885,0.0,0.012226050773546672,0.0,0.0,0.9107010503806372
484,2820,0.99012767155,0.0004919864,7.9563140093,65536,10,0.041234114358575866,0.023643364257951282,0.0,0.0064121783935307,0.7239708409784285,1.7818740030371497e-05,0.2047216832714823
485,2823,0.94018537659,0.0001067955,0.94018537659,65536,10,0.01186707591316227,0.0,0.0013943751821301432,0.0044407564804754196,0.16906234300848483,0.0,0.8132354494157501
486,2826,0.98988521798,0.0005163012,9.2023557934,65536,10,0.04557713211734909,0.0066013233593159165,0.0,0.006662036055147745,0.7453867227794712,0.0,0.1957727856887124
487,2829,0.94938947375,0.00592422,0.94938947375,65536,10,0.036241070356807216,0.23827329764768385,0.0,0.01371762649034534,0.0,0.012658172976536203,0.6991098325286264
488,2832,0.96072662001,1.017165e-05,0.96072662001,65536,10,0.010634760557709748,0.017542925739746335,0.0,0.005525620773141587,0.04341523395681377,0.0,0.922881458972585
489,2835,0.94321540884,0.06604918,11.377996423,65536,10,0.25812562238258707,0.10599205362736136,0.0,0.0032786120390510343,0.5395799943377204,0.0,0.09302371761328021
490,2838,0.93780092612,0.004981971,0.93780092612,65536,10,0.01341061684000514,0.0,0.0013746340846349915,0.000365724100697506,0.9847562048544505,8.808980022601024e-05,4.730319991541982e-06
491,2841,0.98830385363,0.0002165806,4.4439893496,65536,10,0.035340768108359934,0.42304307788613593,0.0,0.015405936460072982,0.0,0.0003455831201469969,0.5258646344252916
492,2844,0.97145161538,0.0007770293,5.4198272252,65536,10,0.06071690011117635,0.49171535122604487,0.0,0.02255755557042107,0.0,0.0024025417509445654,0.42260765134141326
493,2847,0.93497897464,0.0002052417,0.93497897464,65536,10,0.010462549846898962,0.0,0.0013917079233539615,0.004946656294473393,0.12976728906075402,0.0,0.8534317968745211
494,2850,0.98079708123,0.02690915,12.779096345,65536,10,0.07908769625851063,0.02445637447381207,0.0,0.003352877057654596,0.8187277903262244,0.0,0.07437526188379778
495,2853,0.92967369125,0.01735312,0.92967369125,65536,10,0.03837570192405335,0.12406694654942331,0.03433610040313238,0.006583692317335893,0.7942917238623823,0.001475035073077773,0.000870799870594792
496,2856,0.97836012549,1.290977e-05,0.97836012549,65536,10,0.01130907498028513,0.050109831457580176,0.0,0.006951140679076436,0.004401648537941082,0.0,0.9272283043451146
497,2859,0.98949619182,0.000907008,12.19670013,65536,10,0.04526797267991622,0.003834142292068145,0.0,0.005190543755889704,0.8010598346800527,0.0,0.14464750659207395
498,2862,0.92129609164,0.003385539,0.92129609164,65536,10,0.014007121212751408,0.0,0.0013421923219989122,0.0003068583003081525,0.9842620037448296,7.705872008281136e-05,4.765700040087419e-06
499,2865,0.99006802783,0.0005426031,9.8542708395,65536,10,0.04129863867085266,0.018450033105305873,0.0,0.007035578452374114,0.6984924347218562,4.904652020517167e-05,0.23467426852940565
500,2868,0.99093303842,4.90872e-05,1.4636584186,65536,10,0.02353908949218019,0.13770505163968735,0.0,0.02323897481285245,0.0,0.00011049524015097356,0.815406388815131
501,2871,0.93345854449,2.823205e-05,0.93345854449,65536,10,0.009341819153994305,0.0,0.0007127449205585233,0.005328060493906119,0.060883126392861565,0.0,0.9237342490386786
502,2874,0.98929815051,0.0002795324,16.894391365,65536,10,0.040207430351682706,0.007066819652304916,0.0,0.0029264704736494786,0.8759322053657116,0.0,0.07386707415664162
503,2877,0.8764589956,0.1065239,0.8764589956,65536,10,0.0074793198901417016,0.0,0.10025723446891648,0.0002664845809579485,0.8917888756799264,0.0002069068199655812,1.1785600127975283e-06
504,2880,0.99124673648,0.0001809616,2.4776328341,65536,10,0.024707206788707598,0.13681356029552613,0.0,0.0240265081227004,0.0,0.0001584964209082234,0.814294228372158
505,2883,0.98933091573,0.000303432,11.361364164,65536,10,0.042542336936854025,0.10897012298777317,0.0,0.007227222021317623,0.6061831442237277,0.0001538866004949646,0.23492328722983286
506,2886,0.8982876135,0.001666592,0.8982876135,65536,10,0.010010167345468736,0.0,0.00140280286241194,0.004092485591437043,0.18468595778139935,0.0,0.7998085864192864
507,2889,0.98986654024,0.0006685058,17.915714378,65536,10,0.03979715688855964,0.0032435542746986658,0.0,0.005572714252960719,0.7721085865376082,0.0,0.17927798804617232
508,2892,0.17903442854,0.007263679,0.17903442854,65536,10,0.1487301782763347,0.17878781128534246,0.003313143197804894,0.15452776007453273,0.0,0.4389234891448959,0.07571761802107506
509,2895,0.94117059151,2.794508e-05,0.94117059151,65536,10,0.009400225756479115,0.015259969997788942,0.0,0.004996043126964147,0.04046285125104802,0.0,0.9298809098677197
510,2898,0.98994615195,0.0004000442,23.377327025,65536,10,0.041153558288268076,0.0038073483396279598,0.0,0.004039945302587097,0.8310384272308915,0.0,0.11996072083862848
511,2901,0.8666358652,0.008824698,0.8666358652,65536,10,0.01348251352686649,0.0,0.0013821980227776472,0.0002807303609376073,0.9847719527091587,8.022332027266091e-05,2.382059990672214e-06
