# games_eh_e5.csv -- memory-two Wright-Fisher run eh_e5 (parameters: runs.csv), one row per sampled game, ipt order 0..511.
# Reduced by provenance/robustness/reduce.py from the packed files eh_e5.{idx,bin} and atoms512.bin.
# Columns:
#   ipt      the game (data/games/games.csv; gid = 2000 + ipt)
#   isl      the task index of the game in the kit's slurm array (isl = 3*(ig - 1) + ie with ie = 1); it fixes the seeds
#   E        realised efficiency: mean per-round payoff of the population over the sampled second half of the
#            ten replicates, divided by Emax = max(1, (1 + u + v)/2)  (the 'ef' column of the .idx)
#   efsd     standard deviation over the ten replicates of each replicate's pay/Emax, as the simulator wrote it (the .idx)
#   pay      mean per-round payoff of the population, the numerator of E
#   ndist    number of distinct strategies with a non-zero count in the summed abundance
#   nrep     replicates found (10 at every game)
#   S_abc    pooled share of the population in the atom abc (efficient-stable-competitive, eps -> 0 atoms):
#            the abundance summed over the ten replicates and the sampled half, normalised, summed over the atom
#            (the atom 101 is empty at every game and has no column)
ipt,isl,E,efsd,pay,ndist,nrep,S_000,S_100,S_010,S_001,S_110,S_011,S_111
0,1366,0.98420536774,0.0002694026,0.98420536774,65536,10,0.038916632563859875,0.018231286521324223,7.52676000870138e-05,0.0015358125578293833,0.941174507017036,2.7685479992668083e-05,3.880825986832077e-05
1,1369,0.98221766922,8.08736e-05,0.98221766922,65536,10,0.055743619618393116,0.0,0.0002828065205086033,0.0019477362197200478,0.9419185831199235,5.939799908082612e-07,0.00010666054145591274
2,1372,0.98479025287,0.0003918895,0.98479025287,65536,10,0.042030713491702426,0.015973660243819687,0.00015628160154323406,0.0016985756813939037,0.9401159909816754,6.7405199356732295e-06,1.8037479927338908e-05
3,1375,0.98034098962,0.0002568455,0.98034098962,65536,10,0.05453242921112318,0.0,0.0003367469808620783,0.0019384013813635594,0.9431096304663621,2.4398880150436195e-05,5.839308013902746e-05
4,1378,0.98386447414,8.541222e-05,0.98386447414,65536,10,0.05807769432344802,0.0,0.0002004579201460067,0.0020681743382709684,0.9396120848777062,1.3600400157527926e-06,4.022850041312355e-05
5,1381,0.98637367685,0.0003604669,0.98637367685,65536,10,0.03157547385018352,0.013108114468629396,4.975351998444082e-05,0.0013255734770496437,0.953864746864385,3.4324160067603e-05,4.201365969893912e-05
6,1384,0.98220755167,0.0001380248,0.98220755167,65536,10,0.050765323900908446,0.0,0.0007839318405563646,0.0017385729204523344,0.946649160517715,1.2767619975472586e-05,5.024320039402228e-05
7,1387,0.98564692948,0.0002935986,0.98564692948,65536,10,0.04624130718248037,0.016506659075153016,0.00010192568024786564,0.0018014987061045924,0.9353192163557252,7.534879977060938e-06,2.1858120311371366e-05
8,1390,0.98394921385,0.0005624672,0.98394921385,65536,10,0.03335626066316276,0.015678869097277084,6.846652004725936e-05,0.0012850743430049,0.9495139394966633,4.732054029023402e-05,5.006933955301034e-05
9,1393,0.98408754156,5.374764e-05,0.98408754156,65536,10,0.05198055212586652,0.0,0.0005887790607243206,0.0017908792027210834,0.9456023989105878,0.0,3.739070010577688e-05
10,1396,0.98752466764,0.0004013265,0.98752466764,65536,10,0.03134903656244206,0.02419163682935733,0.0006254099777699278,0.0017995981867045838,0.941521520229199,4.400736054595456e-05,0.00046879085398041103
11,1399,0.98108631103,0.0001531387,0.98108631103,65536,10,0.048768094202941176,0.0,0.0004610521609261259,0.0016099419846081844,0.9488595971160482,4.718741995615242e-05,0.0002541271155185842
12,1402,0.98741450857,7.356941e-05,0.98741450857,65536,10,0.061046186154046916,0.0,6.04225800953995e-05,0.002154136402289569,0.9366993601839279,1.6148599988428657e-06,3.827981963908467e-05
13,1405,0.98662781486,0.0001218744,0.98662781486,65536,10,0.026126648604449607,0.01369518954929936,2.565338009881102e-05,0.0012526820665530057,0.9585517426301845,6.258108011666125e-05,0.0002855026892994071
14,1408,0.98375257075,2.721883e-05,0.98375257075,65536,10,0.04734836593161766,0.0,0.0013099724580551207,0.0016341766141319976,0.9496476701564268,1.1339179929546654e-05,4.8475659841285316e-05
15,1411,0.98708047925,0.001960394,0.98708047925,65536,10,0.06416584704590655,0.020163359314788444,0.009328714140343638,0.002314377409215798,0.9036924877979398,3.7618660207565475e-05,0.00029759563159777235
16,1414,0.97748049076,0.01679648,0.97748049076,65536,10,0.0319063421118611,0.01884598027756026,0.015678372950433655,0.001086177957438303,0.93201620177706,8.10978797357003e-05,0.00038582704591295095
17,1417,0.98631820471,2.844162e-05,0.98631820471,65536,10,0.049474303586629756,0.0,9.587042021350607e-05,0.005762577193334153,0.3110218047763358,0.0,0.6336454440234878
18,1420,0.98899920531,8.32723e-05,0.98899920531,65536,10,0.027858956077863553,0.017879902989811274,2.1131360060754807e-05,0.0013998194035945634,0.9527563483487317,4.568850031952944e-05,3.815331962253547e-05
19,1423,0.98174409726,0.0001162037,0.98174409726,65536,10,0.04472408876111687,0.0,0.0014050045815994041,0.0014954779846617612,0.9522848328127038,5.0662600027456856e-05,3.993325988868326e-05
20,1426,0.98786494058,0.0001850773,0.98786494058,65536,10,0.05408331156333487,0.027824091739275504,0.00024284539663931145,0.0017943920823290842,0.9160012732376717,3.413310026209638e-05,1.995288048609463e-05
21,1429,0.98484460218,0.0006195581,0.98484460218,65536,10,0.0258579049062132,0.012030223849298135,0.0006075207716450276,0.0010331373202728878,0.9603308326731232,0.00010493446001135089,3.5446019438911424e-05
22,1432,0.98517021225,2.037446e-05,0.98517021225,65536,10,0.043095051277317845,0.0,0.0006027505796783826,0.00547778327117922,0.34171013127500394,0.0,0.6091142835968194
23,1435,0.98754190141,0.0002358734,1.0815705493,65536,10,0.05729396056889302,0.004880855039560007,0.0002590245407334878,0.00414758305712525,0.9197377752622888,0.0,0.013680801531398933
24,1438,0.98045960528,0.0002219686,0.98045960528,65536,10,0.0443891771368169,0.0,0.00045184338046311496,0.0014026450402037287,0.9534386183198272,7.208972012076264e-05,0.00024562640256942846
25,1441,0.98921122464,7.962225e-05,0.98921122464,65536,10,0.05310190360093738,0.0,0.0,0.005992387838569677,0.23572863521265813,0.0,0.7051770733478351
26,1444,0.9877271345,0.0001611886,0.9877271345,65536,10,0.026838357595678985,0.017684196556359912,2.3723960035765552e-05,0.0014750641570146562,0.9533095845182661,8.954249977593921e-05,0.0005795307128695195
27,1447,0.98307840178,2.384358e-05,0.98307840178,65536,10,0.04365952192666957,0.0,0.001285922760896491,0.0015112021824220897,0.9534760761899299,2.2288919890397244e-05,4.498802018645282e-05
28,1450,0.98702034463,0.0006392175,1.1373867253,65536,10,0.055336742701178415,0.003422022239064978,0.0002878948402954208,0.0037013476420448667,0.930888436457953,0.0,0.006363556119463023
29,1453,0.97906480451,0.01263501,0.97906480451,65536,10,0.02644763827343352,0.012681328908257844,0.011730462619455616,0.0009181805579965914,0.9480882616807098,9.617009972801362e-05,3.795786041975187e-05
30,1456,0.98700624793,2.953054e-05,0.98700624793,65536,10,0.04444027996705269,0.0,0.00010823721992506075,0.005732866779705923,0.3069023774753742,0.0,0.6428162385579439
31,1459,0.98787597501,0.0004331797,1.0751833732,65536,10,0.05578809117485706,0.005563613604722423,6.399114078053043e-05,0.0043754138770648,0.9214497332210794,0.0,0.012759156981494865
32,1462,0.98069651646,0.0001839279,0.98069651646,65536,10,0.041981569976535425,0.0,0.0013325404402593991,0.001403329757287465,0.9551393948462067,6.639713992563067e-05,7.676783977685785e-05
33,1465,0.99812131467,8.62861e-06,0.99812131467,65536,10,0.05380386419180663,0.01920943088995387,0.0,0.005997165717317154,0.009025679294314139,0.0,0.911963859906609
34,1468,0.98594582083,0.0001826919,0.98594582083,65536,10,0.02497184908914776,0.010949153378784307,0.0,0.0012783207533404307,0.9618194059196632,0.00013004155986947005,0.0008512292991931977
35,1471,0.98497796166,2.614404e-05,0.98497796166,65536,10,0.038914066859286556,0.0,0.0006171280202087556,0.005211399272549523,0.32611939428062064,0.0,0.6291380115673406
36,1474,0.98695227741,0.000262082,1.2616411437,65536,10,0.05690549803105444,0.003588246592200324,0.00010230086021941235,0.004147713186569949,0.9267840874297182,0.0,0.008472153900238154
37,1477,0.98119562558,0.0001409189,0.98119562558,65536,10,0.036749902309672615,0.0,0.00033026474085016993,0.0011362269212134883,0.9611286565773332,0.00013057664029236818,0.000524372810638226
38,1480,0.98995664438,3.957893e-05,0.98995664438,65536,10,0.04676507756369423,0.0,0.0,0.00613923138976327,0.18056539234866503,0.0,0.766530298697876
39,1483,0.98318657296,0.0008144606,0.98318657296,65536,10,0.050194739043613774,0.06700869995585905,0.0026925468015219435,0.0077624646488110745,0.8571841947859168,0.001671343204879833,0.013486011559397815
40,1486,0.98192051813,4.259113e-05,0.98192051813,65536,10,0.04131248427333218,0.0,0.0013758430997029224,0.001377933978325268,0.9558414213288936,5.406365975998339e-05,3.8253659992164505e-05
41,1489,0.98661026538,8.991858e-05,1.2096574103,65536,10,0.05521494993266787,0.002421819338218442,0.0,0.0038273092284825156,0.9091532558138291,0.0,0.029382665686802735
42,1492,0.98374109255,3.180582e-05,0.98374109255,65536,10,0.02292374410372899,0.01013103645060623,2.1571640030490318e-05,0.0008876904370004664,0.9658605479696148,0.00014615685953325882,2.9252539486296196e-05
43,1495,0.98680220931,3.129548e-05,0.98680220931,65536,10,0.04010172328677217,0.0,0.000268024439966061,0.005681540944201556,0.28634667386652546,0.0,0.6676020374625348
44,1498,0.98655188011,0.000319316,1.2823247582,65536,10,0.056687080735584414,0.004676314463512102,2.565437997331427e-05,0.004205316330801411,0.9111167111611247,0.0,0.02328892292900421
45,1501,0.98035805969,0.0001555522,0.98035805969,65536,10,0.03656009215972934,0.0,0.0011863797204241992,0.0012159926222271027,0.9608740962181603,0.00011311498014164417,5.0324299316964e-05
46,1504,0.99663502512,8.403047e-06,0.99663502512,65536,10,0.04657736423542982,0.014934153267238902,0.0,0.005035683520800415,0.009657624045101326,0.0,0.92379517493143
47,1507,0.98060499918,0.0009758275,0.98060499918,65536,10,0.039177860940220334,0.0645875271593501,0.0004617970632549731,0.004671230462179787,0.8740259269469395,0.000978915840717369,0.01609674158733852
48,1510,0.98357954862,2.896391e-05,0.98357954862,65536,10,0.0406490922325093,0.0,0.0012049836994362697,0.0013816384605822454,0.9567100501879895,2.3418459900528537e-05,3.081695958002331e-05
49,1513,0.98627692351,0.0001618259,1.3879150848,65536,10,0.05656838589025744,0.002628763494338873,0.0,0.004017955252704166,0.9227932068669321,0.0,0.013991688495768491
50,1516,0.981126681,0.0001318586,0.981126681,65536,10,0.023076000504752177,0.011293345145262616,0.00010319742017811583,0.0006758462788642649,0.9646592514112354,0.00015571097973222524,3.664825997431547e-05
51,1519,0.98945228683,5.166221e-05,0.98945228683,65536,10,0.04221603988363624,0.0,0.0,0.0060518548552002775,0.20795974015494476,0.0,0.7437723651062181
52,1522,0.98748958608,0.0002463431,1.1813229912,65536,10,0.054596944862723235,0.005486828359258118,3.23442001711718e-05,0.00463749715153471,0.9262078840621402,0.0,0.009038501364171104
53,1525,0.98027070059,5.637854e-05,0.98027070059,65536,10,0.03966782732906683,0.0,0.0014783831381738263,0.0013269163785633686,0.9574229132744955,6.664693965826932e-05,3.73129400466828e-05
54,1528,0.98426954709,0.01225713,1.201500912,65536,10,0.12848306017724817,0.004389268932221859,0.0,0.010689312900357165,0.7706289864359253,0.0,0.08580937155424646
55,1531,0.98483853507,0.0001631878,0.98483853507,65536,10,0.02380913341891191,0.009413219166771443,0.0,0.001098042942038204,0.9654770672518842,0.0001685414800851182,3.3995740305567285e-05
56,1534,0.98543602059,2.258091e-05,0.98543602059,65536,10,0.036765401215984914,0.0,0.0005405884788615271,0.005386782255614038,0.2688046847081098,0.0,0.6885025433414222
57,1537,0.98599424158,0.001114801,1.4631037599,65536,10,0.0470320691667801,0.002459215102954967,2.646192005994366e-05,0.00339531796222012,0.937706794192076,0.0,0.009380141655909275
58,1540,0.97942613494,0.0001294678,0.97942613494,65536,10,0.03243450663722668,0.0,0.0004002199000824187,0.0010109622012553154,0.9659814905206665,0.00012614914019763685,4.6671600567064274e-05
59,1543,0.99472708296,1.184354e-05,0.99472708296,65536,10,0.0412854553845463,0.005210980487830024,0.0,0.00502969614360977,0.03537521442152121,0.0,0.9130986535624926
60,1546,0.97646470453,0.001092624,0.97646470453,65536,10,0.08170296867114571,0.07876624929962507,0.005491621090975269,0.020785392759626497,0.7531044926936109,0.005044440349244379,0.05510483513577281
61,1549,0.98201399942,2.427624e-05,0.98201399942,65536,10,0.03849606296469291,0.0,0.0015067611363507782,0.0012748721379879366,0.9586307990216166,5.418139969731358e-05,3.7323339657334344e-05
62,1552,0.98618040396,0.0002128396,1.4518232021,65536,10,0.053473477231529946,0.002705297640280419,0.0,0.003752268495812761,0.9272799024553254,0.0,0.012789054177053678
63,1555,0.9817436868,6.095701e-05,0.9817436868,65536,10,0.022235106995035944,0.00940976725054282,6.851394056220424e-05,0.0007994266683419404,0.9673017918235676,0.00015309808124055828,3.2295240711866545e-05
64,1558,0.98797688037,3.214747e-05,0.98797688037,65536,10,0.0395006903437854,0.0,0.0,0.005856656282919011,0.26450511841458935,0.0,0.6901375349587054
65,1561,0.98666085075,0.0002350238,1.4086896131,65536,10,0.05654700396586235,0.006181309696777091,1.5418240055541906e-05,0.004338525316838105,0.9172416148862494,0.0,0.015676127894217757
66,1564,0.97887063233,0.0001386186,0.97887063233,65536,10,0.034992713982472556,0.0,0.0014899969171488748,0.0011861394961259978,0.962100056283944,0.00011619737936357334,0.00011489594094896495
67,1567,0.99031459996,0.0006991578,1.1257091742,65536,10,0.057347552337209284,0.017123734085604313,9.204769999563422e-05,0.004049643843130899,0.19420443001716026,0.0004416843204217536,0.726740907696478
68,1570,0.9753777842,0.001320904,0.9753777842,65536,10,0.046236594669726364,0.06826581763701506,0.0,0.007424157848689083,0.8345563242789876,0.0015706284041584098,0.04194647716142351
69,1573,0.9839254728,5.071804e-05,0.9839254728,65536,10,0.034821474956042583,0.0,0.0010624552164456515,0.005228056894045847,0.2229779201933303,0.0,0.7359100927401351
70,1576,0.98623057273,0.0002744301,1.6006984491,65536,10,0.05411937216900069,0.0022930468556454937,0.0,0.003995450616466327,0.9302563068461543,0.0,0.00933582351273244
71,1579,0.97914697152,0.0002094728,0.97914697152,65536,10,0.02457822295284947,0.0,0.00031567836013583035,0.0006744905211069937,0.9729990068772121,0.00015800246030187563,0.0012745988283914124
72,1582,0.99325832563,1.052374e-05,0.99325832563,65536,10,0.03733897113162539,0.005001789775618677,0.0,0.0054412222061177825,0.03543095587048335,0.0,0.9167870610161564
73,1585,0.98773432474,0.0001557689,1.2158585121,65536,10,0.049439408501145664,0.007701181021223443,2.695923978089672e-05,0.004738939063184625,0.8729759293014218,4.072173976421935e-05,0.065076861133479
74,1588,0.98047409065,4.413536e-05,0.98047409065,65536,10,0.03689914835576361,0.0,0.001569295797587579,0.001238330317925947,0.9601786253090153,6.873463974508698e-05,4.5865579971531496e-05
75,1591,0.98709732306,0.0009220319,1.4459433443,65536,10,0.056357386145746306,0.0026853900372007205,0.0,0.004302257410332353,0.8809771894689105,0.0,0.055677776937809655
76,1594,0.98312980935,0.0001019665,0.98312980935,65536,10,0.022579297970651467,0.009182840803184105,0.0,0.0009079175359838305,0.9671234396708912,0.00018204331922900332,2.44607000594368e-05
77,1597,0.98627450464,5.196695e-05,0.98627450464,65536,10,0.03597679467466586,0.0,0.0002581316792964582,0.005540049552009591,0.25531385694333936,0.0,0.7029111671506897
78,1600,0.98593879739,0.0003703439,1.6141859315,65536,10,0.05474488600352364,0.004591574127817395,1.1839859950557637e-05,0.00413381073432186,0.9225452207267878,0.0,0.013972668547598616
79,1603,0.97759965861,0.0002682984,0.97759965861,65536,10,0.02843292702710777,0.0,0.0011299584171705075,0.0009583603169439926,0.9692839576997727,0.00013839517973465777,5.6401359271956245e-05
80,1606,0.99797548142,4.619147e-05,0.99797548142,65536,10,0.0460089375255005,0.019354783414396184,0.0,0.008747063298019655,0.03284547206966973,0.0,0.8930437436924149
81,1609,0.9645664212,0.001754813,0.9645664212,65536,10,0.09870577397517769,0.09301847122087725,0.004712129146270197,0.029341575411758674,0.6135455671175876,0.006298460072956023,0.15437802305537218
82,1612,0.98201063221,4.366228e-05,0.98201063221,65536,10,0.03136845769434952,0.0,0.001444614836663725,0.005048812961566701,0.1834357472905328,0.0,0.7787023672168926
83,1615,0.98610312476,0.0001359915,1.678493893,65536,10,0.05076704625727059,0.0020645989045455127,0.0,0.003701299931309672,0.9274761145959886,0.0,0.015990940310884025
84,1618,0.97946781426,0.0001981338,0.97946781426,65536,10,0.021757204984190554,0.00952351471629281,0.0001277507811166231,0.0006595971817949049,0.9676973216360863,0.00020548560054882122,2.9125099970757306e-05
85,1621,0.99073241747,8.120669e-06,0.99073241747,65536,10,0.03650800456847183,0.005777167808526122,0.0,0.005780065800065817,0.05138171853314443,0.0,0.9005530432897922
86,1624,0.98671695645,0.0004157934,1.476702867,65536,10,0.0546159421495907,0.005769383798837698,1.543315981403017e-05,0.004446856884553573,0.9237409408845118,0.0,0.011411443122692148
87,1627,0.97891059648,3.775452e-05,0.97891059648,65536,10,0.035703291241436876,0.0,0.001792180257051269,0.001189052139072152,0.9611588712826475,0.00011317957951839579,4.3425500265227015e-05
88,1630,0.98815577891,0.0002082879,1.3630566774,65536,10,0.05560745002087454,0.0055758092669863455,7.352721997079801e-05,0.00422721098223009,0.7511199495150994,0.00026727746019830406,0.18312877553464063
89,1633,0.97572682829,0.001377552,0.97572682829,65536,10,0.039721341723202554,0.07066867929033512,0.0,0.006370434993821166,0.8301210020544724,0.001019978612107289,0.05209856332606106
90,1636,0.98388106125,2.060498e-05,0.98388106125,65536,10,0.032960349119776806,0.0,0.0005761307976397756,0.0053517674540610035,0.19741690998378067,0.0,0.7636948426447281
91,1639,0.98596627486,0.0005356123,1.7798424405,65536,10,0.05198636673769443,0.0021733334988236035,0.0,0.0038292256158329006,0.9163930377294287,0.0,0.02561803641822007
92,1642,0.977178282,0.0003094145,0.977178282,65536,10,0.024920741725864722,0.0,0.00040992603962498403,0.0007413754994292051,0.9737194425348286,0.00015239292021142637,5.6121280040622216e-05
93,1645,0.99537829106,1.901791e-05,0.99537829106,65536,10,0.03779825497281797,0.020233136851142218,0.0,0.005867262385741911,0.03263510666047384,0.0,0.9034662391298225
94,1648,0.98825416758,0.0003615097,1.1894758413,65536,10,0.04485335364155964,0.011945698160063195,3.520683899456205e-05,0.00495148955096516,0.8757579778443675,7.86967785866547e-05,0.06237757718546273
95,1651,0.98030025462,4.349388e-05,0.98030025462,65536,10,0.034057729086475676,0.0,0.0014876685548885428,0.0011702968994306813,0.9631869960601778,6.857087967023196e-05,2.8738519365810668e-05
96,1654,0.98350397985,0.004898095,1.6812731609,65536,10,0.09942053247259616,0.0432575841057073,0.0,0.004276811517413904,0.7995782539151919,0.0,0.053466817989089845
97,1657,0.98088940262,6.991115e-05,0.98088940262,65536,10,0.021480767207770878,0.00870211182903712,9.629000009568863e-07,0.0007735432974876777,0.9688333868261547,0.00018744095969334384,2.1786979861665224e-05
98,1660,0.98720763477,4.766952e-05,0.98720763477,65536,10,0.036086448844759735,0.0,0.0,0.005784308798705133,0.22802599064341164,0.0,0.7301032517131213
99,1663,0.98607395883,0.0003574304,1.718888688,65536,10,0.05488065867877218,0.004575548588213247,9.560999974331536e-06,0.0042344265505104995,0.91725460262261,0.0,0.0190452025599188
100,1666,0.97629455976,0.0002768117,0.97629455976,65536,10,0.03083339791406594,0.0,0.0014483915940353912,0.001084452014866163,0.9664486868984538,0.00013560315922228394,4.9468419355503246e-05
101,1669,0.99052757824,0.0005218072,1.2038198937,65536,10,0.053237667491164084,0.014458075801365855,0.00012042065995227674,0.0029560931602976566,0.1452051626808335,0.0004193400400051231,0.7836032401663804
102,1672,0.96266519486,0.002584578,0.96266519486,65536,10,0.08366254184444323,0.1289369038575436,0.0,0.025100323949630413,0.4209065777600247,0.004850601319437176,0.33654305126892103
103,1675,0.98164948116,4.415991e-05,0.98164948116,65536,10,0.029696517515666144,0.0,0.001150014076356671,0.005125866057150761,0.1488209523055544,0.0,0.8152066500452747
104,1678,0.98595530837,0.0004235779,1.8866986589,65536,10,0.050872797131297574,0.002450408396245921,0.0,0.003770914798363288,0.9304921302286064,0.0,0.0124137494454875
105,1681,0.97707034651,5.457671e-05,0.97707034651,65536,10,0.020299625213305823,0.009572816414071142,0.0001155699794891358,0.0005418955563009456,0.9692576044582664,0.00018899675877835688,2.3491619784176688e-05
106,1684,0.99272771691,1.273105e-05,0.99272771691,65536,10,0.03568219742831039,0.005116175891236134,0.0,0.0056248333638991115,0.05205574032432198,0.0,0.9015210529922313
107,1687,0.98685596976,0.0001998807,1.4894393567,65536,10,0.05232166343132692,0.009250738869366287,0.0,0.004580586873173469,0.8819354911158532,5.282550038625501e-05,0.05185869420989414
108,1690,0.97892664028,7.236835e-05,0.97892664028,65536,10,0.03351245718514901,0.0,0.0017244928769298516,0.0011159400207103568,0.9634974824576711,0.00011184057970730881,3.778687984449153e-05
109,1693,0.98669068165,0.0007497748,1.6154169217,65536,10,0.05648983004519079,0.0046868133232458396,0.0,0.0047910494147574935,0.816274705219833,0.0,0.11775760199697277
110,1696,0.97862530871,0.001028663,0.97862530871,65536,10,0.033985381990376824,0.0578834264588332,0.0,0.0032412534871730644,0.8562433314790485,0.0005781717167878306,0.04806843486778044
111,1699,0.98450163287,2.538343e-05,0.98450163287,65536,10,0.032676203324833474,0.0,0.00025628325900356317,0.005513947074873852,0.1967319242370096,0.0,0.7648216421042708
112,1702,0.9842833247,0.004291082,1.9200253331,65536,10,0.05357713084120287,0.0021851689822359726,0.0,0.003689060602702721,0.9217297697877485,0.0,0.018818869786109464
113,1705,0.97514186427,0.0005056418,0.97514186427,65536,10,0.023721032309178953,0.0,0.0011171374423784067,0.0008366741240911874,0.9741031955838161,0.00016215476035868795,5.980578017668418e-05
114,1708,0.99806381465,2.652532e-05,0.99806381465,65536,10,0.04386726585937989,0.022121313668185934,0.0,0.01128605184760681,0.041257781827021354,0.0,0.8814675867978063
115,1711,0.9883543764,0.0002941288,1.1061075345,65536,10,0.04759297505631565,0.012008805118380072,0.0,0.004298114063872525,0.6145467013030927,0.0001228030808205106,0.3214306013775186
116,1714,0.97965870113,2.929636e-05,0.97965870113,65536,10,0.028567455388103808,0.0,0.0015285637549165279,0.004654893378063252,0.1572981232555509,0.0,0.8079509642233708
117,1717,0.9858018251,0.0003488837,1.9220247498,65536,10,0.0772563508152694,0.6307409206526705,0.0,0.003612244967515727,0.2756143135058159,0.0,0.012776170058729358
118,1720,0.97832383752,7.559413e-05,0.97832383752,65536,10,0.020205109775038893,0.007932191584536744,3.660122011860006e-05,0.0005728533407523876,0.9709699198590342,0.0002663989606264153,1.6925259882729118e-05
119,1723,0.98957609023,1.157729e-05,0.98957609023,65536,10,0.03435157709263313,0.004997118928880289,0.0,0.005669444229413907,0.05024548666870998,0.0,0.9047363730803638
120,1726,0.98602472537,0.0004432804,1.7756148375,65536,10,0.05429793143685164,0.005937779681863102,0.0,0.004365141858145713,0.9190564937654039,0.0,0.016342653257735876
121,1729,0.97691303902,5.174583e-05,0.97691303902,65536,10,0.03328999546329895,0.0,0.0018611507734680953,0.001105283395483206,0.9635699938483653,0.00013195455946525238,4.162195992356376e-05
122,1732,0.98772339506,0.0003218499,1.4618113332,65536,10,0.0556374927391009,0.008998157310363693,1.3289079829032712e-05,0.0038932788724560068,0.6717199622672918,0.00036436239500646587,0.259373457335952
123,1735,0.96871899137,0.001400847,0.96871899137,65536,10,0.056517484514480174,0.10998202811829519,0.0,0.015042360751144915,0.6269341925058683,0.0024200227926753576,0.18910391131753668
124,1738,0.98187102616,5.748419e-05,0.98187102616,65536,10,0.029401432204332365,0.0,0.001049822418081662,0.005241405563483755,0.15061948239684886,0.0,0.8136878574172541
125,1741,0.98602882137,0.0002041897,2.0712382761,65536,10,0.05121024488738522,0.002178956565360618,0.0,0.00373822671452132,0.9338690888443689,0.0,0.009003482988364297
126,1744,0.97513808131,0.0004181555,0.97513808131,65536,10,0.02159087820491734,0.0,0.00038444487961726955,0.0006446961806438481,0.9771578092141452,0.00018087136011468217,4.130016055301049e-05
127,1747,0.99483617097,2.425721e-05,0.99483617097,65536,10,0.036374409086108485,0.021179963064614806,0.0,0.006263242913813098,0.03546221753017906,0.0,0.9007201674052857
128,1750,0.98741805693,0.0002524514,1.448823858,65536,10,0.04910870208080473,0.007348228819157425,0.0,0.004605165351825039,0.8499734884430873,5.853612033014034e-05,0.08890587918479458
129,1753,0.97834185159,5.384028e-05,0.97834185159,65536,10,0.03203346811305463,0.0,0.0017061823155714098,0.0010701371397334317,0.9650469822717233,0.00011202369949313775,3.120646044652391e-05
130,1756,0.98642648014,0.0004622553,1.8755589422,65536,10,0.05239427200035249,0.0019733756377294694,0.0,0.004195044382796716,0.8813234571524435,0.0,0.060113850826678014
131,1759,0.97779450598,0.001288806,0.97779450598,65536,10,0.03160037433578633,0.04933497401252932,0.0,0.0025911362034211883,0.8781144885452626,0.000492628259518583,0.037866398643482437
132,1762,0.98547119969,2.190972e-05,0.98547119969,65536,10,0.03336000385715044,0.0,0.0,0.005676862284688766,0.18914044945506317,0.0,0.771822684403105
133,1765,0.98553738364,0.0007115542,2.0273774401,65536,10,0.05394501801525524,0.005127663054068328,0.0,0.004129317991611778,0.9211911022206304,0.0,0.015606898718435472
134,1768,0.97342641729,0.0005478863,0.97342641729,65536,10,0.024499142097150713,0.0,0.001399756118904964,0.0008786787206240741,0.9730136812434194,0.000158778779829869,4.996304007641625e-05
135,1771,0.99159610747,0.0003725781,1.2298115786,65536,10,0.04813645106432663,0.010723672969182491,1.9546159844627432e-05,0.002575140099298673,0.10353689667179666,0.00037366063925819894,0.8346346323962928
136,1774,0.98957607033,0.0001398182,0.98957607033,65536,10,0.04789570991935712,0.03818862139350749,0.0,0.0022841963587034754,0.0,0.0003721357353065689,0.9112593365931261
137,1777,0.97915266062,4.534928e-05,0.97915266062,65536,10,0.027168308269248206,0.0,0.0014139610332150883,0.0045968378093483,0.13106783739998126,0.0,0.8357530554882049
138,1780,0.98496110982,0.001834325,2.1440217908,65536,10,0.05969163675840655,0.00787302732613726,0.0,0.003609356245096675,0.905044178531116,0.0,0.023781801139245724
139,1783,0.97569994682,0.0003038252,0.97569994682,65536,10,0.019909966633718905,0.008539780851895117,0.0002080672421922567,0.0005368132240456264,0.9705039728066313,0.0002797104813369798,2.1688760179585603e-05
140,1786,0.99143434468,1.396666e-05,0.99143434468,65536,10,0.03438757771388818,0.005010996301510518,0.0,0.005700829936436577,0.0648336191385565,0.0,0.8900669769096065
141,1789,0.98621672309,0.000343019,1.7831838504,65536,10,0.05436317647417117,0.005850049035704453,0.0,0.004451868925545694,0.9008677918557269,0.0,0.03446711370885101
142,1792,0.97677765101,9.303015e-05,0.97677765101,65536,10,0.03168748515645693,0.0,0.001808921654735146,0.0010651695783873867,0.9652768599506864,0.00012990887968065303,3.1654780044351735e-05
143,1795,0.98690477379,0.0006018096,1.7405761928,65536,10,0.05393958751460301,0.0036555286450902814,0.0,0.00528126506926352,0.8351402305984026,0.0,0.1019833881726403
144,1798,0.97444963505,0.002723283,0.97444963505,65536,10,0.041318802434228294,0.08703791905826629,0.0,0.0075940256092070476,0.7590648989620916,0.0010781345580656123,0.1039062193781382
145,1801,0.98215520838,1.961244e-05,0.98215520838,65536,10,0.029487667144555085,0.0,0.0004178303183721645,0.0053360527447607,0.1505252801499443,0.0,0.8142331696423478
146,1804,0.98466590814,0.001694556,2.2236717897,65536,10,0.05329303984864173,0.002125153419549464,0.0,0.0037587360622683766,0.9251195375833206,0.0,0.015703533086220117
147,1807,0.97288988816,0.0005182021,0.97288988816,65536,10,0.021535237973201084,0.0,0.0006818827384930792,0.0007722090801580001,0.9768026558484073,0.00016552007997551382,4.2494279763697184e-05
148,1810,0.99762781187,2.358126e-05,0.99762781187,65536,10,0.03963203879491375,0.03660675091941051,0.0,0.009311544238985158,0.02052862295341198,0.0,0.8939210430932801
149,1813,0.98768868558,0.0003997932,1.353249244,65536,10,0.04600774290550116,0.01304305888034965,0.0,0.004757637637389175,0.7834856358825255,0.0001299485185371477,0.1525759761756974
150,1816,0.97780117632,7.960299e-05,0.97780117632,65536,10,0.02774075937696703,0.0,0.0018217654343330118,0.0040276879615835795,0.1927765844998052,0.0,0.7736332027273147
151,1819,0.95920689438,0.02847592,2.0776571208,65536,10,0.32186418870646466,0.19157021488055878,0.0,0.002806995339135422,0.45576888346191335,0.0,0.02798971761192838
152,1822,0.97748743807,0.0002983974,0.97748743807,65536,10,0.020714819331529,0.00815521433862001,0.00011910338088139674,0.0006743466585289672,0.969784840779453,0.0003616108788409207,0.00019006463214727462
153,1825,0.98762905385,1.065247e-05,0.98762905385,65536,10,0.03234666101368815,0.00456458438346116,0.0,0.005484148267045287,0.04611766393697771,0.0,0.9114869423988272
154,1828,0.98513797964,0.003087112,2.0876459139,65536,10,0.0569650646975339,0.005170969656248553,0.0,0.004264016188599331,0.912105477438862,0.0,0.021494472018754946
155,1831,0.97485034878,7.630353e-05,0.97485034878,65536,10,0.031111424665651023,0.0,0.001998558292395776,0.0010295787577917867,0.9656588235842662,0.00015552665940806498,4.608804048551364e-05
156,1834,0.98724641901,0.000480551,1.5146134026,65536,10,0.05669601580497483,0.009801479020241038,1.504347980740633e-05,0.004308126953624825,0.5376828975138929,0.0005012840186537219,0.3909951532088057
157,1837,0.9873911931,0.0002683801,0.9873911931,65536,10,0.03991700027705589,0.038317266691821276,0.0,0.0013634809786695335,0.0,0.00011555084124830362,0.9202867012112051
158,1840,0.97895211782,3.801894e-05,0.97895211782,65536,10,0.026626570526970133,0.0,0.001144011276471744,0.004594681283572184,0.11449791456566458,0.0,0.8531368223473361
159,1843,0.9859642961,0.0002602192,2.3512937608,65536,10,0.05087982736021599,0.0022921752446216576,0.0,0.003798942060285714,0.9310890083942536,0.0,0.01194004694062193
160,1846,0.97283424212,8.4776e-05,0.97283424212,65536,10,0.018703370407656027,0.009116064565876684,0.0002117257803381257,0.0005786307202966935,0.971136753205843,0.00022650170002156133,2.6953619965313988e-05
161,1849,0.99374630059,1.658409e-05,0.99374630059,65536,10,0.035148632428428646,0.024336431093488566,0.0,0.006258495651809765,0.03338298604764891,0.0,0.9008734547786245
162,1852,0.98667971117,0.0003723866,1.7387339246,65536,10,0.05067566869884431,0.008410639937113653,0.0,0.004717722682729771,0.8558280505318046,4.5113120064047e-05,0.08032280502944263
163,1855,0.97595852545,0.000113865,0.97595852545,65536,10,0.03036762193517547,0.0,0.0018108396517038374,0.0010250278768590313,0.9666308236169454,0.0001295746792870164,3.611224001706913e-05
164,1858,0.97092503386,0.04958117,1.9987402064,65536,10,0.132826909880081,0.0024394609606279605,0.0,0.004306898067159937,0.807525843087045,0.0,0.05290088800508856
165,1861,0.9764758173,0.001999845,0.9764758173,65536,10,0.035348161786464063,0.06545325522411506,0.0,0.004154338083695188,0.8137797244193093,0.0006130420166662051,0.08065147846975014
166,1864,0.98312427555,1.912405e-05,0.98312427555,65536,10,0.03034742539738222,0.0,9.194345950083602e-05,0.005490270442438746,0.17375938826362514,0.0,0.7903109724370477
167,1867,0.98602734724,0.0003137595,2.3456666191,65536,10,0.0524432126375648,0.002315097754099262,0.0,0.004147135049192925,0.9284735515216016,0.0,0.01262100303754254
168,1870,0.97029921156,0.0004965679,0.97029921156,65536,10,0.02023713028336976,0.0,0.0013587639522369501,0.0007508964562931442,0.9774525398496706,0.00015783401895168092,4.283543947947722e-05
169,1873,0.99271814403,0.0003502045,1.2089057867,65536,10,0.04589711300356895,0.008801400495471607,2.0229339952450314e-05,0.002510246409201248,0.00023563783876394997,0.00037866292084938415,0.9421567099921924
170,1876,0.98810465864,0.0002250582,1.2018401878,65536,10,0.046583438206854205,0.012056464569158702,0.0,0.0035103472637055917,0.4718345225964281,0.00012526200066947983,0.46588996536318344
171,1879,0.97633435331,7.198202e-05,0.97633435331,65536,10,0.026006596745964748,0.0,0.0015129327536044113,0.004074143772809607,0.12046111094362996,0.0,0.8479452157839914
172,1882,0.97699792546,0.01357953,2.3661668507,65536,10,0.17023265598594128,0.08336007072003498,0.0,0.003465512296926098,0.696907605521953,0.0,0.04603415547514392
173,1885,0.97455239396,0.0003839013,0.97455239396,65536,10,0.01936368443489304,0.00820922942624289,0.00022811588021453741,0.0005460978404731929,0.971281683977749,0.000358379800223087,1.2808640204794702e-05
174,1888,0.98956542722,1.209087e-05,0.98956542722,65536,10,0.03312195051469197,0.004635872695553274,0.0,0.005730162391165146,0.05797682626729701,0.0,0.8985351881312933
175,1891,0.98604620875,0.0002960469,2.1030516796,65536,10,0.05340845871342544,0.0059089584901982056,0.0,0.004399350856796485,0.9182904219799649,0.0,0.017992809959614456
176,1894,0.97418300055,0.0001350184,0.97418300055,65536,10,0.02983706619775837,0.0,0.0019260152553344475,0.0010067894383967474,0.9670347009891873,0.00015317241933511527,4.225569998678689e-05
177,1897,0.98690504253,0.0002922347,1.8273163678,65536,10,0.054636977771162644,0.006228030058382091,9.618059929564105e-06,0.004384816572342867,0.7907244641671984,0.00022312839901588886,0.1437929649719678
178,1900,0.98539867359,0.0008499304,0.98539867359,65536,10,0.03679233061835832,0.04201574060259281,0.0,0.00124958839815194,0.0,0.00014469891951621059,0.9197976414613809
179,1903,0.97927426152,1.824483e-05,0.97927426152,65536,10,0.02716299301569686,0.0,0.0005741356775261407,0.004774965258916338,0.12234587464385077,0.0,0.8451420314040106
180,1906,0.98601635976,0.0005135435,2.530037095,65536,10,0.04985527836338991,0.0021945121958998515,0.0,0.003806890173973125,0.9077441109500058,0.0,0.03639920831673118
181,1909,0.97063406451,0.0003567703,0.97063406451,65536,10,0.01915748958404452,0.0,0.0004658898793484982,0.0006698725201773822,0.979491323916469,0.00017531313968408984,4.0110960274320144e-05
182,1912,0.99665469262,1.971087e-05,0.99665469262,65536,10,0.037082739298707694,0.03621803303586144,0.0,0.008432412241608784,0.021787826035423643,0.0,0.8964789893883983
183,1915,0.98715681522,0.0002699278,1.6388345565,65536,10,0.04827282041106303,0.013101922584930106,0.0,0.004607475830712127,0.7863775059782347,0.00011332481880299291,0.14752695037625713
184,1918,0.97516698734,7.775116e-05,0.97516698734,65536,10,0.02701459377344535,0.0,0.0019288973371555202,0.00374189119367046,0.18485304283729095,0.0,0.7824615748584369
185,1921,0.98595350872,0.0009578494,2.3247897918,65536,10,0.0526621851162345,0.002077336126139613,0.0,0.004348273857979973,0.8887277387214131,0.0,0.05218446617823379
186,1924,0.97534869215,0.001046858,0.97534869215,65536,10,0.030773714162706762,0.0471159084635887,8.391191819706866e-05,0.0026589975110834847,0.897389277223415,0.0009622751183572996,0.021015915602651338
187,1927,0.98504792667,9.664915e-06,0.98504792667,65536,10,0.030611435599169616,0.004490595290664402,0.0,0.005400978125816767,0.04847220265712383,0.0,0.9110247883272252
188,1930,0.96891124587,0.02700198,2.3811183108,65536,10,0.09662447769631766,0.0034718490236562804,0.0,0.004106385887340699,0.8741084786878388,0.0,0.02168880870484745
189,1933,0.97252085201,0.0001391829,0.97252085201,65536,10,0.02964383989510516,0.0,0.0019887650336173346,0.0009712554759883556,0.9672001932954625,0.0001556887793054828,4.025752052287064e-05
190,1936,0.98925011279,0.0003895036,1.5302462682,65536,10,0.049897398426863325,0.019627637380301655,5.963600024717448e-06,0.002903850259569158,0.12055969545486883,0.0002042422002221394,0.8068012126781516
191,1939,0.98989432235,8.444997e-05,0.99666117808,65536,10,0.048805978937782,0.02258466971227962,0.0,0.003083846469264313,0.0,5.976477937386313e-05,0.9254657401013003
192,1942,0.97584486537,5.540617e-05,0.97584486537,65536,10,0.025245408506281552,0.0,0.0014107238937343168,0.004103777818645182,0.09384684458573313,0.0,0.8753932451956045
193,1945,0.98588467171,0.0001333135,2.6254956052,65536,10,0.04908877901994275,0.0020520141916637487,0.0,0.003681434400683276,0.9403115984799502,0.0,0.00486617390775921
194,1948,0.97163300177,0.0002258226,0.97163300177,65536,10,0.018689989161111347,0.008054399697095295,0.00024854193846846864,0.0005840656416167651,0.9720963893611383,0.00029712428044799535,2.9489920124258485e-05
195,1951,0.9921290679,1.579263e-05,0.9921290679,65536,10,0.033887634737920246,0.014339620508802336,0.0,0.005965638006595866,0.05460489967762661,0.0,0.8912022070690769
196,1954,0.98609027965,0.000396366,2.0627005654,65536,10,0.0532534500433377,0.005790244065950224,0.0,0.004602142569440193,0.9071013724988786,0.0,0.029252790822394112
197,1957,0.9733509059,0.0001398153,0.9733509059,65536,10,0.029207440731813278,0.0,0.002082175870892874,0.0009873699362049502,0.9675369313417134,0.00015240207928595234,3.368004008702445e-05
198,1960,0.98624164572,0.0007295998,2.1559589101,65536,10,0.051465436487139554,0.003944265590302667,0.0,0.004937454389814812,0.854089135134278,0.0,0.08556370839846461
199,1963,0.97660253568,0.001465189,0.97660253568,65536,10,0.0364943265804095,0.06524775119269209,0.0,0.0061296025029215495,0.7478528415878285,0.0005752416126471894,0.14370023652350045
200,1966,0.98029270469,2.912685e-05,0.98029270469,65536,10,0.02787888640220926,0.0,9.191823970861024e-05,0.005083357666971855,0.12744837038645762,0.0,0.8394974673046518
201,1969,0.98481907877,0.00122207,2.6726681835,65536,10,0.05053739384563816,0.0020187267317760245,0.0,0.003698491612992651,0.9310932998726164,0.0,0.012652087936976234
202,1972,0.96756837316,0.0004485069,0.96756837316,65536,10,0.017677424041662004,0.0,0.0013281763423617207,0.0006637956220408678,0.9801327878139171,0.00015718018052508575,4.0635999492787844e-05
203,1975,0.99391553882,0.0004775242,1.1433911179,65536,10,0.046446105572116925,0.008336652410747316,2.3185520067690036e-05,0.002571095283935508,0.0,0.00043182978018687496,0.9421911314329453
204,1978,0.98774903101,0.0001510017,1.4811412471,65536,10,0.04531503163183386,0.011810240802655863,0.0,0.004218519055839735,0.6743293045569734,0.00014597937964724633,0.2641809245730507
205,1981,0.97446880393,5.901437e-05,0.97446880393,65536,10,0.02623468033755371,0.0,0.0018169623893496117,0.0037799201660496935,0.14790581461928407,0.0,0.8202626224877608
206,1984,0.98603409708,0.0002661161,2.6172272225,65536,10,0.05117016300596153,0.002068337191318558,0.0,0.004056901548097647,0.861910382268801,0.0,0.08079421598582116
207,1987,0.97185810698,0.002447868,0.97185810698,65536,10,0.028915731713748612,0.040165679668851165,0.0026869590502662626,0.0016667866053952593,0.9113469647856789,0.0020462683083241886,0.013171609867736293
208,1990,0.9871763513,6.616113e-06,0.9871763513,65536,10,0.031269309615924605,0.004458521408401428,0.0,0.005542764712752549,0.05472874386106487,0.0,0.9040006604018569
209,1993,0.98577342182,0.0003571395,2.4524001876,65536,10,0.05261029380760829,0.005928827940262989,0.0,0.004216400442993094,0.8968489041259293,0.0,0.0403955736832061
210,1996,0.97162602719,0.0001835239,0.97162602719,65536,10,0.029127116952839593,0.0,0.0019205114151714623,0.0009872516186071477,0.9677510049742531,0.00015337925948644517,6.073577969778844e-05
211,1999,0.98680872898,0.0005540084,1.8791767788,65536,10,0.052615625509073824,0.009787875234749019,0.0,0.004288357953411845,0.7099039595629125,0.0002975225399058586,0.2231066591999471
212,2002,0.987627131,7.763234e-05,0.987627131,65536,10,0.037294851653813445,0.027880280068436656,0.0,0.0009179305123568842,0.0,8.139577930338086e-05,0.93382554198609
213,2005,0.97610524463,2.324676e-05,0.97610524463,65536,10,0.025320172747547234,0.0,0.0010599232560494867,0.004179866737183492,0.09206536287552458,0.0,0.877374674383696
214,2008,0.9857894122,0.0003280373,2.8404020124,65536,10,0.0492424615846501,0.0022135415369571605,0.0,0.0036407896671911636,0.9168048710208171,0.0,0.028098336190384477
215,2011,0.96894478295,0.0003327189,0.96894478295,65536,10,0.018461437238211628,0.0,0.00042516935890821997,0.0006872223387932203,0.9801958191645984,0.0001926258594757462,3.772604001432814e-05
216,2014,0.99522253068,2.978674e-05,0.99522253068,65536,10,0.03550381720273014,0.03086752201490565,0.0,0.00786976345147285,0.02272477587574268,0.0,0.9030341214551486
217,2017,0.98641524158,0.000212253,1.9665690583,65536,10,0.05068459933693165,0.008431108468512395,0.0,0.004744397697521811,0.8521850020067357,7.77177402472264e-05,0.08387717475005056
218,2020,0.97233653912,0.0001025041,0.97233653912,65536,10,0.028812727208937097,0.0,0.002073539913031028,0.0009925393204147004,0.9679385766982597,0.00015210353937447754,3.05133199952118e-05
219,2023,0.9855627663,0.001539117,2.4937432885,65536,10,0.05296598530044501,0.0027457625843390274,0.0,0.004316623864356952,0.9067564304359415,0.0,0.03321519781491706
220,2026,0.97285049516,0.002278836,0.97285049516,65536,10,0.03583124613950209,0.0616325929994785,0.0,0.004801671666400633,0.8615957122041193,0.001281730292028837,0.034857046698470624
221,2029,0.98191770928,1.19489e-05,0.98191770928,65536,10,0.028676445343579417,0.0,0.0,0.00531337966158785,0.08867004813530081,0.0,0.8773401268595331
222,2032,0.98381294044,0.006050338,2.775140311,65536,10,0.0572357629415598,0.0024424728157034278,0.0,0.004070340098065798,0.9227415259301068,0.0,0.013509898214567426
223,2035,0.96998957213,0.0002487441,0.96998957213,65536,10,0.02800643806043904,0.0,0.0018541803574563356,0.0009530034604508137,0.9689786012624955,0.0001554173396850219,5.2359519467521825e-05
224,2038,0.99076738575,0.0002728758,1.5035669115,65536,10,0.0451797055354024,0.013197027219903396,0.0,0.0025186007550776603,0.0014162817273295097,0.00023978360526102864,0.9374486011570266
225,2041,0.9890955742,0.0002681031,1.2648639203,65536,10,0.04323298571891198,0.024450652219860994,0.0,0.0024682841275866186,0.0,5.897845984522135e-05,0.9297890994737948
226,2044,0.97269698103,8.541751e-05,0.97269698103,65536,10,0.024724261716004812,0.0,0.0015116928948666105,0.003831509920072947,0.09795071225836906,0.0,0.871981823210691
227,2047,0.97952053804,0.01399252,2.879732988,65536,10,0.11863233286194974,0.052890272393845826,0.0,0.003639984626597297,0.7642729127984295,0.0,0.060564497319178484
228,2050,0.96968624342,0.001307737,0.96968624342,65536,10,0.01873938147519706,0.00851581206774195,0.0015364527426829711,0.0006428531814052205,0.9690371885202426,0.00045573901952127786,0.0010725729932095814
229,2053,0.98985213255,1.531068e-05,0.98985213255,65536,10,0.03262159069948862,0.013276058004541177,0.0,0.005883265570312265,0.053764554228668784,0.0,0.8944545314969891
230,2056,0.98559631617,0.0003641518,2.4274159272,65536,10,0.052820932856967595,0.006109551637393583,0.0,0.004413276223065706,0.91367474789948,0.0,0.022981491383093692
231,2059,0.97068768345,0.0001839477,0.97068768345,65536,10,0.028523200739657906,0.0,0.0020800754908403395,0.0009854462388255649,0.9682264828517362,0.00015271767941454946,3.207699953317034e-05
232,2062,0.98679170324,0.0002333808,2.25545506,65536,10,0.05230556805099093,0.006519463444353982,0.0,0.004236115957648078,0.7898140458850391,0.00017733592056962694,0.1469474707413985
233,2065,0.98595079575,0.0001711359,0.98595079575,65536,10,0.033664109028975,0.029362100738961037,0.0,0.0007065899617659797,0.0,8.633976017458692e-05,0.9361808605101236
234,2068,0.97691181892,1.710436e-05,0.97691181892,65536,10,0.025988397000632373,0.0,0.00041796891834703986,0.004303499240050573,0.09803696832721169,0.0,0.871253166513777
235,2071,0.98391921845,0.006037381,3.0190177582,65536,10,0.05795394315033302,0.006576080494007095,0.0,0.00370442456582146,0.9117771163731018,0.0,0.019988435416737147
236,2074,0.9652606078,0.0002872565,0.9652606078,65536,10,0.01679185734554837,0.0,0.0010943178960019374,0.0006290241785242211,0.9812842552603541,0.00016000171929334472,4.054360026254991e-05
237,2077,0.9961229548,0.000159576,1.0311429024,65536,10,0.04762270092480474,0.006271498706452882,2.8500999851556752e-06,0.003528432615829006,0.0,0.0005288993020345629,0.9420456183508937
238,2080,0.98702106814,0.0003993368,1.8096992729,65536,10,0.04750511316175623,0.01255731934301869,0.0,0.004796790734534545,0.8008245073205992,0.00014518366025832044,0.13417108577983333
239,2083,0.97124388376,9.70278e-05,0.97124388376,65536,10,0.025301630664436813,0.0,0.001926740253528019,0.0036288479216538367,0.1248880134372251,0.0,0.8442547677231578
240,2086,0.98603609962,0.000213876,2.837742564,65536,10,0.05006585705934839,0.001947231560668067,0.0,0.004084133266602037,0.8930902356891077,0.0,0.050812542424275166
241,2089,0.9744624392,0.001163754,0.9744624392,65536,10,0.030055014754824732,0.0531048927913047,0.0003342808755070828,0.002010371561247895,0.8968578105088455,0.0012986704454220539,0.01633895906284746
242,2092,0.98428570628,9.58584e-06,0.98428570628,65536,10,0.029247149081255017,0.004046543249373781,0.0,0.005382089514776174,0.05007431382661095,0.0,0.9112499043279847
243,2095,0.98355972531,0.005589756,2.832536748,65536,10,0.05626091420948862,0.003423405075420449,0.0,0.004147344916951199,0.9142971775226713,0.0,0.02187115827546809
244,2098,0.9691381779,0.0003511142,0.9691381779,65536,10,0.028170775066378006,0.0,0.00191784859246805,0.0009679938784624331,0.9687461984033445,0.00015363807927215549,4.354598007437528e-05
245,2101,0.98687214062,0.0003455703,1.8961630241,65536,10,0.05132705688323723,0.008915881722701533,0.0,0.004165124901367171,0.585465475962531,0.000354508657985835,0.3497719518721772
246,2104,0.9903934872,6.770277e-05,0.9903934872,65536,10,0.05395874690079182,0.014696382652442004,0.0,0.002559726226283705,0.0,0.0001831155222882746,0.9286020286981942
247,2107,0.97239799459,5.641723e-05,0.97239799459,65536,10,0.02430479260609351,0.0,0.0014100614721738673,0.0038311466907124947,0.07206488245706225,0.0,0.8983891167739556
248,2110,0.98578890166,0.0001942492,3.1619371558,65536,10,0.049384683487144365,0.0020827911966181892,0.0,0.0036651487728421852,0.9273463107151985,0.0,0.017521065828196097
249,2113,0.96676926726,0.0001542877,0.96676926726,65536,10,0.017165862644435058,0.007834798474862043,0.00023454755865698248,0.0005423762182393525,0.9739274408654608,0.0002736340586068563,2.1340179747033473e-05
250,2116,0.99319979884,1.822471e-05,0.99319979884,65536,10,0.033916188942123095,0.02695276192559614,0.0,0.007082267142088728,0.024293776021710792,0.0,0.9077550059684814
251,2119,0.98615957255,0.0004227171,2.3454996475,65536,10,0.05191970196064097,0.008708924432223071,0.0,0.004441771343409351,0.8492395456514298,4.2664760225325464e-05,0.0856473918520712
252,2122,0.9693518367,0.0001493366,0.9693518367,65536,10,0.027947759722069455,0.0,0.002075146071799371,0.0009776765188272759,0.9688181981085515,0.00015244049910352966,2.87790796812794e-05
253,2125,0.98143767694,0.01013716,2.6352176687,65536,10,0.06955520324005221,0.0040420250630915895,0.0,0.005100871038896571,0.8060678454069916,0.0,0.11523405525096861
254,2128,0.97873251706,0.001948033,0.97873251706,65536,10,0.03259780498431688,0.02203358111072516,0.0,0.003515047937126362,0.8649328123437671,0.00029776651752727357,0.0766229871065371
255,2131,0.97844945031,2.160297e-05,0.97844945031,65536,10,0.026762692047251613,0.0,0.0,0.004656114873309589,0.11471671528402459,0.0,0.8538644777954155
256,2134,0.9847481956,0.002814466,3.1677349182,65536,10,0.05332922538597603,0.0025392849184743918,0.0,0.003966805192312234,0.929231751577239,0.0,0.010932932925997793
257,2137,0.96746888167,0.0002449528,0.96746888167,65536,10,0.026747190432628645,0.0,0.0018709361803172818,0.0008909432991184471,0.9702884073685661,0.00015676991985514024,4.5752799513666635e-05
258,2140,0.99117198678,0.0002060079,1.4315853208,65536,10,0.044526507831514274,0.01087881788913969,1.978159976811259e-06,0.00248242192263667,0.0,0.0003305495228816181,0.9417797246738513
259,2143,0.98758102576,0.0003824348,1.5884237787,65536,10,0.04531998156308154,0.01138605024099991,0.0,0.0036214280633310274,0.5108464876167135,0.00013105881983505545,0.428694993696038
260,2146,0.97064325922,0.0001331656,0.97064325922,65536,10,0.024957895501756214,0.0,0.001816565416023397,0.003640475283915173,0.10931757331541096,0.0,0.8602674904828946
261,2149,0.98320640503,0.005698196,3.1670960224,65536,10,0.0725317239777792,0.018726013106722846,0.0,0.003685601855498153,0.8071019777824104,0.0,0.0979546832775904
262,2152,0.97095736732,0.002117753,0.97095736732,65536,10,0.025876288010448938,0.04185672624077845,0.0020391381483469404,0.0013861231182668516,0.9201238302184612,0.0016470605564451307,0.007070833707251474
263,2155,0.98706025872,1.165507e-05,0.98706025872,65536,10,0.030620049099144772,0.012290462785339499,0.0,0.005681832897015028,0.05294059970475852,0.0,0.8984670555137417
264,2158,0.98553734806,0.0007477304,2.842081825,65536,10,0.05290697276022671,0.006041069827698987,0.0,0.004417272726190723,0.9250852948341283,0.0,0.011549389851754735
265,2161,0.96767751662,0.0002359529,0.96767751662,65536,10,0.027969330144039083,0.0,0.00208444621173013,0.0009776222785099421,0.9687739685658552,0.00015293481931831572,4.169798054855296e-05
266,2164,0.98661201567,0.0003361572,2.3268242362,65536,10,0.0532977496005371,0.006431288099910161,0.0,0.004469704368162554,0.7531891434061952,0.00020464736023152643,0.18240746716496345
267,2167,0.98719485399,9.059585e-05,0.98719485399,65536,10,0.03493265856723608,0.024276730579862512,0.0,0.0008547623159026891,0.0,9.001351936936848e-05,0.9398458350176296
268,2170,0.97301093348,1.208746e-05,0.97301093348,65536,10,0.024472563822855127,0.0,0.001046929954656238,0.0038600159958904457,0.06756506064481368,0.0,0.9030554295817846
269,2173,0.9855202335,0.0005666427,3.3987936568,65536,10,0.05058265519483828,0.002736569085810702,0.0,0.003660452521550409,0.9103255090090571,0.0,0.032694814188747305
270,2176,0.96330450154,0.0003132441,0.96330450154,65536,10,0.01688869170214779,0.0,0.000701900836504561,0.0006263013984884766,0.9815756369030102,0.00017110839946188,3.636076040054437e-05
271,2179,0.99742706142,2.57608e-05,0.99742706142,65536,10,0.03714148027304687,0.03424748874743135,0.0,0.00932377099300924,0.001130077414986423,0.0,0.9181571825715247
272,2182,0.98647202551,0.0006510436,2.1983683225,65536,10,0.049436516161250194,0.0073936777636141905,0.0,0.004825731051586555,0.8505583035692355,0.00013449596027472296,0.08765127549403845
273,2185,0.96792446368,0.0001202095,0.96792446368,65536,10,0.02478862514312104,0.0,0.0022244955869010073,0.003416636415118724,0.19265342590159318,0.0,0.7769168169532651
274,2188,0.98443698674,0.003054965,3.0475246562,65536,10,0.053146225385026974,0.001925616357814786,0.0,0.003890758302804573,0.8991192541937515,0.0,0.04191814576060072
275,2191,0.97685355594,0.001831886,0.97685355594,65536,10,0.028340934846820057,0.03853803875391467,0.0,0.0018380025287968126,0.9163678223601567,0.000656833516082593,0.01425836799422948
276,2194,0.98079224593,1.138605e-05,0.98079224593,65536,10,0.027089250646426873,0.0038166804005565075,0.0,0.004826472471789214,0.04265662800384183,0.0,0.9216109684773853
277,2197,0.98489962283,0.001507138,3.2687318049,65536,10,0.05401912542715528,0.0024970776428568835,0.0,0.00407253664449921,0.9192064649321272,0.0,0.020204795353360852
278,2200,0.93302593546,0.1051295,0.93302593546,65536,10,0.02620178595200209,0.0,0.10013720267853422,0.0009031141206657706,0.8725639365693506,0.00015403577965791558,3.9924899774920084e-05
279,2203,0.98858330214,0.0004821134,1.8791771461,65536,10,0.04759189077804803,0.021237261037488308,0.0,0.0029229193449224374,0.012413693207275199,0.00018935118150532798,0.9156448844507606
280,2206,0.98936819371,0.0001131516,1.2995119341,65536,10,0.04287266194730494,0.01905251373266249,0.0,0.002306004934275257,0.0,5.900675984967094e-05,0.935709812625908
281,2209,0.96835162577,0.0001045828,0.96835162577,65536,10,0.02370828051992153,0.0,0.0015112026979959502,0.0036239105854972056,0.0734538965252942,0.0,0.897702709671291
282,2212,0.98022400204,0.01137918,3.4829541323,65536,10,0.11151729462910362,0.043055354600329894,0.0,0.003656934223047429,0.8001162497569385,0.0,0.04165416679057859
283,2215,0.96445748677,0.000747904,0.96445748677,65536,10,0.017616164143318735,0.008152615804621819,0.0007258187679996356,0.0006384704776460332,0.9714234017118144,0.0005159644992855695,0.0009275645953142626
284,2218,0.99059529695,1.286415e-05,0.99059529695,65536,10,0.03225869995056007,0.025387578307651117,0.0,0.006695834109487225,0.018130711261599614,0.0,0.9175271763707019
285,2221,0.98558317964,0.0004268279,2.784946221,65536,10,0.052949609765109255,0.005983619466977772,0.0,0.004515119532112481,0.9107687021761427,0.0,0.025782949059658312
286,2224,0.96598700003,0.000209655,0.96598700003,65536,10,0.027374687606204973,0.0,0.0020802919802983518,0.0009705876839105881,0.9693919969892494,0.00015268102012003611,2.9754720221288377e-05
287,2227,0.98566159315,0.0006307963,2.7832426725,65536,10,0.052691090521206844,0.004052139885337558,0.0,0.004660624807198995,0.8093052205009509,0.0,0.12929092428530453
288,2230,0.98519461145,0.0001469282,0.98519461145,65536,10,0.03131935670050911,0.024992366804519817,0.0,0.0006500847575014893,0.0,8.926956242085253e-05,0.9429489221750483
289,2233,0.97429442011,2.442833e-05,0.97429442011,65536,10,0.025621928518298347,0.0,9.194963965066937e-05,0.004113641199101724,0.07921643071010928,0.0,0.8909560499328408
290,2236,0.98331140645,0.004585718,3.5952323299,65536,10,0.06021910348709608,0.007102092990220192,0.0,0.003717380150494204,0.9158472633492106,0.0,0.013114160022980565
291,2239,0.92589950795,0.1044547,0.92589950795,65536,10,0.015278648758228016,0.0,0.0998647459466866,0.0005526601825445195,0.884119810571915,0.00015618904043382764,2.794550017714161e-05
292,2242,0.99240013554,0.0001721195,1.3131857262,65536,10,0.04353083849884628,0.008883555376436501,2.219179978922236e-06,0.0025665297450751727,0.0,0.00040032844088759545,0.9446165287587753
293,2245,0.98734364254,0.0003477248,1.9819188059,65536,10,0.0452006448101532,0.01244707442574656,0.0,0.004202727435817805,0.668415653803856,0.00013998602008332727,0.26959391350434303
294,2248,0.96604215842,0.0002212189,0.96604215842,65536,10,0.0239183316879097,0.0,0.0019255725119689943,0.0035079751374141378,0.14541380769932924,0.0,0.8252343129633658
295,2251,0.98512856014,0.002041987,3.4609374953,65536,10,0.05423126662948305,0.004418251683584456,0.0,0.003885377925460776,0.875011934967923,0.0,0.06245316879354836
296,2254,0.97290951831,0.001720497,0.97290951831,65536,10,0.024899670452256942,0.05142809563899594,0.00037887393528875123,0.0015048072089053717,0.9158371215264385,0.0012268675482538453,0.004724563689860671
297,2257,0.98362145438,5.687659e-06,0.98362145438,65536,10,0.028492044990022027,0.011619713553667253,0.0,0.005388845009821556,0.045388006539897385,0.0,0.9091113899065918
298,2260,0.98488150449,0.00132898,3.3162806909,65536,10,0.05210365614364771,0.003260158437846649,0.0,0.004207138641203928,0.9250312137725376,0.0,0.015397833004764059
299,2263,0.93133734817,0.1055703,0.93133734817,65536,10,0.026098883980438806,0.0,0.10028050951882497,0.0008982094818945406,0.8725372766387436,0.00015353959988442987,3.158078021950936e-05
300,2266,0.98705310078,0.0002989735,2.3722047666,65536,10,0.050671988488183294,0.009978926646527839,0.0,0.0044762937080444634,0.7416835027521943,0.00023980102014990346,0.19294948738490017
301,2269,0.99012766191,8.860655e-05,0.99012766191,65536,10,0.039137061635429814,0.022112197151578118,0.0,0.0011932812722371157,0.0,9.024568217162016e-05,0.937467214258583
302,2272,0.96830681433,3.100413e-05,0.96830681433,65536,10,0.023600224130626783,0.0,0.0012375718943392407,0.003589455676115111,0.05300392515305614,0.0,0.9185688231458625
303,2275,0.9856086808,0.000188041,3.8124960787,65536,10,0.049039081100445636,0.002487691118969525,0.0,0.003644845760192138,0.9148904375150135,0.0,0.029937944505377297
304,2278,0.96080036822,0.0004406971,0.96080036822,65536,10,0.016776988560254214,0.00837374594981492,0.0002668087809686109,0.0005488657811558738,0.9737676933866346,0.00024014236169312182,2.5755179478750902e-05
305,2281,0.99503641065,1.902941e-05,0.99503641065,65536,10,0.034829251146115285,0.030764582483174388,0.0,0.008261500284403677,0.0035021920485018647,0.0,0.9226424740377737
306,2284,0.9862895427,0.0002562194,2.6612480532,65536,10,0.05047115876147518,0.008334529604611236,0.0,0.0046677226097707305,0.8097866429540708,7.395884075440113e-05,0.12666598722931724
307,2287,0.96409200331,0.0002113529,0.96409200331,65536,10,0.026714639375069595,0.0,0.002073094254696621,0.0009525792192797844,0.970080051531298,0.00015236149947768987,2.7274120175513136e-05
308,2290,0.98542925677,0.001469199,3.265677913,65536,10,0.05234699011828962,0.0027130310146508277,0.0,0.004547415516184152,0.8462877929612915,0.0,0.0941047703895828
309,2293,0.97385653864,0.002901204,0.97385653864,65536,10,0.03241964756276613,0.02228542367320686,0.0,0.004134918107064809,0.9050303379056184,0.0010359200630808208,0.0350937526882629
310,2296,0.97644829182,8.720838e-06,0.97644829182,65536,10,0.0254600845914184,0.003607174826701177,0.0,0.004112420664200751,0.03383064564771144,0.0,0.9329896742699673
311,2299,0.98544655731,0.0005660258,3.7661573262,65536,10,0.050978278616325166,0.0021942126884307825,0.0,0.003978378892357544,0.9179917062457916,0.0,0.024857423557094374
312,2302,0.96324623307,0.0006402038,0.96324623307,65536,10,0.0267472572725728,0.0,0.0019194730162708615,0.0009418650192791296,0.9701596056926614,0.0001546656994667397,7.713329974626365e-05
313,2305,0.98966786019,0.0002989037,1.8203509909,65536,10,0.04390958360201073,0.016037826163890073,0.0,0.002484162707711107,0.0,0.0002337446952856489,0.9373346828311031
314,2308,0.98866016052,0.000305592,1.6891220223,65536,10,0.04192041149210919,0.02393223977518154,0.0,0.0023935669989212866,0.0,6.494750037870893e-05,0.9316888342334093
315,2311,0.96498513343,0.0001559637,0.96498513343,65536,10,0.023385031714053855,0.0,0.0019241715713234973,0.0035413556735834654,0.10333519176635009,0.0,0.8678142492746892
316,2314,0.98487046845,0.001960889,3.8711949566,65536,10,0.05652028500865874,0.005413642240174786,0.0,0.003915835183053923,0.8532449745224869,0.0,0.08090526304562659
317,2317,0.96779712492,0.001385924,0.96779712492,65536,10,0.022913666535991757,0.04257799338412793,0.0019037212776028135,0.0010806387938186279,0.9278622715106547,0.0012059952539131605,0.0024557132438909664
318,2320,0.98735556886,1.093916e-05,0.98735556886,65536,10,0.029911570240986424,0.010796633915805048,0.0,0.00581717713008456,0.04391977112023589,0.0,0.9095548475928829
319,2323,0.98530173188,0.0006568729,3.3042247532,65536,10,0.051886483312798735,0.005893949211271085,0.0,0.004486952353214918,0.91760348772635,0.0,0.020129127396365316
320,2326,0.96253044893,0.0002271957,0.96253044893,65536,10,0.02673765668941117,0.0,0.0020825665915400826,0.000943295318054023,0.9700507729017863,0.0001530462791869359,3.2662220035627576e-05
321,2329,0.98634328001,0.0002581933,2.9094237082,65536,10,0.052068574922685434,0.006531178376503133,0.0,0.004249323068166098,0.7809855951142656,0.0001502863005134425,0.1560150422178659
322,2332,0.98652553789,7.275541e-05,0.98652553789,65536,10,0.03240421874632932,0.021739214366084426,0.0,0.0007733216512135565,0.0,9.16610033491671e-05,0.9449915842330229
323,2335,0.9693313894,1.695746e-05,0.9693313894,65536,10,0.02432111630391571,0.0,0.0005280851977436615,0.0036698693518786587,0.05374190276204119,0.0,0.9177390263844257
324,2338,0.98573303587,0.0002020021,4.0979155603,65536,10,0.04930692912373008,0.002036297380301052,0.0,0.0038356688300717366,0.9249398323538711,0.0,0.019881272312026015
325,2341,0.95579645295,0.0003544351,0.95579645295,65536,10,0.014861982410695954,0.0,0.0013218340717422374,0.0005204940382785324,0.983114348619857,0.00015736989934540452,2.3970960035199998e-05
326,2344,0.99453044501,0.0002974723,1.138756784,65536,10,0.043938088437269714,0.008483588379270218,2.387740040356894e-06,0.002798714682653206,0.0,0.00044440691090329214,0.9443328138498632
327,2347,0.98679096823,0.0004006337,2.4616772737,65536,10,0.047754999405940454,0.011222903556712495,0.0,0.004407735608073795,0.7532828276207206,0.0001305327608340219,0.18320100104771805
328,2350,0.96227452768,0.0001378695,0.96227452768,65536,10,0.02361472839373091,0.0,0.0022232956995004664,0.0033161838718332357,0.16344440256764056,0.0,0.8074013894672933
329,2353,0.98320666451,0.007538829,3.7623977685,65536,10,0.059431086720874646,0.0022024246067139856,0.0,0.004048380999959849,0.8836360846674501,0.0,0.050682023005001124
330,2356,0.97539402606,0.0006238493,0.97539402606,65536,10,0.024760017477257434,0.018023972897873896,0.00022578254954483905,0.0010940858620017162,0.9482926090567292,0.0003779487483202335,0.007225583408272496
331,2359,0.97936202356,1.309302e-05,0.97936202356,65536,10,0.026403477847141983,0.011392769841300247,0.0,0.004751147952853121,0.032561700173535775,0.0,0.92489090418517
332,2362,0.98537902845,0.0003152557,3.8799299245,65536,10,0.050830574991940304,0.0031491472117914027,0.0,0.004162434297799121,0.9169891425859623,0.0,0.02486870091250618
333,2365,0.96121675896,0.0003914816,0.96121675896,65536,10,0.0267566156365168,0.0,0.0020891538120234973,0.0009370823394481041,0.9700276204326173,0.0001539370194050263,3.559076000221294e-05
334,2368,0.98638507271,0.0005635147,2.3869748146,65536,10,0.05141363264438977,0.012976791037771744,0.0,0.004356459105641623,0.522031674879381,0.0003433414223269673,0.40887810091048893
335,2371,0.98951247766,7.592966e-05,1.311297297,65536,10,0.039986655150867224,0.015284691110080543,0.0,0.002212115251425347,0.0,6.769887859154907e-05,0.9424488396090348
336,2374,0.96278303697,5.712332e-05,0.96278303697,65536,10,0.022799961064415498,0.0,0.001510376172224197,0.003509183257092109,0.06090906484233539,0.0,0.9112714146639344
337,2377,0.98487500325,0.0002081537,4.2794934834,65536,10,0.07408570659427635,0.717827148399913,0.0,0.0031627488497822168,0.19404221823911522,0.0,0.010882177916911321
338,2380,0.95850266831,0.001070417,0.95850266831,65536,10,0.01711260278783456,0.0074662133448003066,0.0004133338787313815,0.0006197767615186403,0.9737615251850351,0.0004137498011900383,0.00021279824088859145
339,2383,0.99195063169,1.326637e-05,0.99195063169,65536,10,0.03241368838535373,0.028792748462785008,0.0,0.007434698617713028,0.0039920134015304694,0.0,0.9273668511326224
340,2386,0.98526774275,0.0001886521,3.2213636746,65536,10,0.05327572479040772,0.009817364168026348,0.0,0.00463154086687434,0.8763197622050242,5.941979972202215e-05,0.0558961881699446
341,2389,0.95996406641,0.0001404987,0.95996406641,65536,10,0.02606434643212468,0.0,0.00207839325492797,0.0009191350199580781,0.9707564534536547,0.00015276587951968488,2.8905959795803505e-05
342,2392,0.982786665,0.009158317,3.4805428131,65536,10,0.05769140151389378,0.004063455245498212,0.0,0.004610778283024903,0.8401098001547623,0.0,0.09352456480282056
343,2395,0.98316422055,0.0005736333,0.98316422055,65536,10,0.028859248989090026,0.02391995375089437,0.0,0.0007229057914631042,0.0,0.00016847671822626514,0.9463294147503261
344,2398,0.9709863114,1.320536e-05,0.9709863114,65536,10,0.024773253343060145,0.0,0.0,0.0037611001234204725,0.048388942055659384,0.0,0.9230767044778616
345,2401,0.98469305912,0.00188158,4.3479391277,65536,10,0.052724386180090524,0.004193915077978745,0.0,0.003677602983956465,0.9209254046346452,0.0,0.01847869112332842
346,2404,0.92375659029,0.1058259,0.92375659029,65536,10,0.021882069944386226,0.0,0.10028263686496597,0.0007901468004692009,0.8768304310303807,0.0001549791198110753,5.9736240001365887e-05
347,2407,0.99065638387,0.0001761812,1.7147836332,65536,10,0.04168798696643943,0.010303970922576296,7.299600040849058e-07,0.00238365314101305,0.0,0.0002200871348405156,0.9454035718751265
348,2410,0.98721242402,0.0002241163,2.1768805209,65536,10,0.04430502495587898,0.0119286442699253,0.0,0.004017910138888061,0.6415211603882635,0.0001388568597228261,0.2980884033873291
349,2413,0.96057170599,0.0001924784,0.96057170599,65536,10,0.02318457766430211,0.0,0.0022215951072416017,0.003359472094137161,0.1053402416871939,0.0,0.8658941134471253
350,2416,0.98461608994,0.003233845,4.2932723063,65536,10,0.05563592176557568,0.00548213683154322,0.0,0.0038430843500801897,0.8603668966282083,0.0,0.07467196042459029
351,2419,0.96953336852,0.001470194,0.96953336852,65536,10,0.022181429473157828,0.04329512490660005,0.0008894241297958571,0.0010931685271859351,0.930141180802464,0.0006851599333526528,0.001714512227443288
352,2422,0.98314058703,8.836164e-06,0.98314058703,65536,10,0.027700855081735896,0.010058192217533488,0.0,0.005298521319245103,0.03787547680197392,0.0,0.9190669545795107
353,2425,0.98500110195,0.0009500394,3.9366377048,65536,10,0.05196188692449776,0.00487209874218735,0.0,0.004435385366273007,0.9084747738371317,0.0,0.030255855129910886
354,2428,0.95816804743,0.0003813147,0.95816804743,65536,10,0.026253491541560328,0.0,0.0020849219138518527,0.0009410240603275554,0.9705356530441088,0.00015349393975709266,3.141550040917398e-05
355,2431,0.98649477915,0.0004750583,3.0274021909,65536,10,0.0499953626136378,0.010901829135935185,0.0,0.004358272880933344,0.7521603745689391,0.00024123379989963152,0.18234292700065508
356,2434,0.98899858228,0.0001096614,0.98899858228,65536,10,0.03673208034925782,0.019800397101827714,0.0,0.0010894333497298025,0.0,9.608302226996634e-05,0.9422820061769148
357,2437,0.96318383697,2.799447e-05,0.96318383697,65536,10,0.023013983040633904,0.0,0.0010604234553158506,0.0034979491557906644,0.04269339401402503,0.0,0.929734250334235
358,2440,0.98567565194,0.0001698106,4.6838844945,65536,10,0.04940270360758314,0.0021263641022225216,0.0,0.0037364837030774774,0.9234243506156231,0.0,0.02131009797149409
359,2443,0.95260462549,0.0003737425,0.95260462549,65536,10,0.01559208530155156,0.0,0.00046186177698611666,0.000511476357449066,0.9832415191049674,0.00017370951906424346,1.934794001118123e-05
360,2446,0.99775193718,2.18976e-05,0.99775193718,65536,10,0.03610730179704434,0.0320860234702425,0.0,0.009680947889782422,0.0005635845826305175,0.0,0.921562142260287
361,2449,0.98629434594,0.0003656833,3.0633878587,65536,10,0.04833716394621874,0.0076771973343734735,0.0,0.004588351695729593,0.8603663432832865,0.00012088117931651846,0.07891006256107512
362,2452,0.95715201883,0.0001622909,0.95715201883,65536,10,0.023306103161698514,0.0,0.0022286845119039093,0.0032112475772436808,0.16202400494063418,0.0,0.8092299598085269
363,2455,0.98600804989,0.0004165456,4.1240942165,65536,10,0.04862199679764442,0.002639800024594927,0.0,0.004162907418742167,0.8737365040535511,0.0,0.07083879170546782
364,2458,0.97433541963,0.0008746946,0.97433541963,65536,10,0.026529057907802408,0.016874274576023317,3.3307399951155498e-06,0.0015528500330261083,0.9424505194501569,0.0007045658165909738,0.01188540147640516
365,2461,0.97395218819,2.093547e-05,0.97395218819,65536,10,0.024725572844282687,0.0035963423954649427,0.0,0.003977758215124199,0.030589998044708838,0.0,0.9371103285004191
366,2464,0.98528749208,0.0004067244,4.5685009887,65536,10,0.05025135857371526,0.0020708345777223167,0.0,0.003959834235050175,0.917971743106528,0.0,0.025746229506985605
367,2467,0.92288742738,0.1062027,0.92288742738,65536,10,0.02494759448595526,0.0,0.10032562858532466,0.000885636124608009,0.8736388687640865,0.0001544494599420114,4.782258009145967e-05
368,2470,0.98893559497,0.0005721875,2.3815577903,65536,10,0.04541198586771515,0.020044200949490505,0.0,0.002731905012070335,0.007680263033156267,0.0001270732391570198,0.9240045718984105
369,2473,0.98882289071,0.0001485412,1.7975525499,65536,10,0.04165974496489394,0.01844048012712237,0.0,0.0022424750833591983,0.0,5.956504072744685e-05,0.9375977347838974
370,2476,0.9571349035,0.0002400011,0.9571349035,65536,10,0.022173641748498157,0.0,0.0019228950301768285,0.003370749735278815,0.08647166290091912,0.0,0.8860610505851293
371,2479,0.98434933905,0.004229609,4.8400380098,65536,10,0.06231772279608902,0.010115390171769512,0.0,0.0038054756317423707,0.865431552057815,0.0,0.05832985934258375
372,2482,0.96177437483,0.002310332,0.96177437483,65536,10,0.02284872066050156,0.032709466435362836,0.0016860028239982607,0.0010968864738080011,0.9395955981053212,0.00115996979616645,0.0009033557048433212
373,2485,0.98798888657,1.149374e-05,0.98798888657,65536,10,0.029604019879857658,0.02252115998087463,0.0,0.006456459446070059,0.007784782960882935,0.0,0.9336335777323156
374,2488,0.9853814491,0.0004683554,3.9314217873,65536,10,0.051817482645988865,0.005875006956973374,0.0,0.004461059153521878,0.8920207543249038,0.0,0.04582569691861201
375,2491,0.95437383578,0.0003075755,0.95437383578,65536,10,0.025614972086699012,0.0,0.0020811418318170422,0.0009212031203695942,0.9711997166817089,0.00015307611942494683,2.9890159992680017e-05
376,2494,0.98501211481,0.0006310672,3.7399678734,65536,10,0.052606645911033416,0.00411256915195393,0.0,0.004959610645718579,0.8238834812028843,0.0,0.1144376930884086
377,2497,0.98535922319,0.0001467959,0.98535922319,65536,10,0.029815678386912035,0.020088394614209696,0.0,0.0006899095451912995,0.0,9.283611819553275e-05,0.9493131813354915
378,2500,0.96439715881,5.624746e-05,0.96439715881,65536,10,0.0239607869402267,0.0,9.197273947943066e-05,0.003523301955344537,0.04681659649396686,0.0,0.9256073418709818
379,2503,0.98552304251,0.0003055724,5.0772722762,65536,10,0.049891735236030466,0.002557855066114991,0.0,0.003826795205970202,0.9236548065193991,0.0,0.020068807972484913
380,2506,0.94928144267,0.001479,0.94928144267,65536,10,0.01749872662738233,0.0,0.0017801470107704487,0.0007058294771841342,0.9797975678844,0.00015532399919290682,6.240500107266908e-05
381,2509,0.99144644328,0.0002037967,1.5510714865,65536,10,0.04205504412963228,0.009594868298706672,7.439200019787385e-07,0.002621363394480826,0.0,0.00025691904179342526,0.9454710612153845
382,2512,0.98665042447,0.0004459107,2.8115682994,65536,10,0.04604238136285525,0.011576197240451983,0.0,0.004377400699229015,0.729891800613727,0.0001448328000937553,0.20796738728364275
383,2515,0.95455961145,0.0002009476,0.95455961145,65536,10,0.02281107079020157,0.0,0.002226073228175859,0.0032193983946868844,0.13099482306857752,0.0,0.8407486345183579
384,2518,0.98359945587,0.006102058,4.8017711718,65536,10,0.058351306544512,0.0018829119269307049,0.0,0.004056559063413239,0.8533797024654942,0.0,0.08232951999965077
385,2521,0.97112175898,0.0005880483,0.97112175898,65536,10,0.022188761880376558,0.014852851891737469,8.940109894387403e-05,0.0010205411178176981,0.9613429501739146,0.00035598241889377077,0.00014951141831532624
386,2524,0.97761380481,2.019737e-05,0.97761380481,65536,10,0.02532326727293327,0.009426512445010719,0.0,0.00438982702418657,0.022498499875752347,0.0,0.9383618933821172
387,2527,0.9843964373,0.001731267,4.7422144777,65536,10,0.05416479525798899,0.003451527879744381,0.0,0.004383890057378519,0.9140857822326819,0.0,0.023914004572205532
388,2530,0.95175538456,0.0006934304,0.95175538456,65536,10,0.025706696542938452,0.0,0.0020885091719312606,0.0009387528181129259,0.9710422614661981,0.00015382071938864394,6.995928142685794e-05
389,2533,0.98675670405,0.000347814,3.1510687717,65536,10,0.05013626642027249,0.012225440870532024,0.0,0.0044197828991259375,0.6653636629899345,0.00025165356232763076,0.2676031932578075
390,2536,0.98961229146,4.228773e-05,1.3027318055,65536,10,0.03840090473241626,0.011349999489222138,0.0,0.00220597343635568,0.0,7.836295830874306e-05,0.9479647593836966
391,2539,0.95502558888,6.079086e-05,0.95502558888,65536,10,0.021964802835134377,0.0,0.0015099002172994356,0.0033235207454094472,0.0479922278592511,0.0,0.9252095483429048
392,2542,0.9810256212,0.008652393,5.3999520643,65536,10,0.09510656005920283,0.030221202086548205,0.0,0.003464104297584108,0.864852906107071,0.0,0.006355227449596823
393,2545,0.94795249712,0.0007815546,0.94795249712,65536,10,0.016060493024466667,0.0062245433713150385,0.00023708135959443598,0.0006447584592640108,0.9765584890049899,0.0002473388402771465,2.729594007438839e-05
394,2548,0.99417179139,1.813038e-05,0.99417179139,65536,10,0.03274095472708339,0.028082483811265775,0.0,0.008272989943298246,0.002183360650512826,0.0,0.9287202108678407
395,2551,0.98547275978,0.0001159508,3.8514277194,65536,10,0.052529564682622376,0.009161662779296769,0.0,0.0043842038314691675,0.8027264342985564,6.826192051687756e-05,0.1311298724875492
396,2554,0.95024763816,0.0002374119,0.95024763816,65536,10,0.025166184689379242,0.0,0.0020780317729965168,0.0009049479608994688,0.9716726783773736,0.00015285899960481414,2.5298199717463176e-05
397,2557,0.98370102309,0.005506317,4.547215618,65536,10,0.0552999027409438,0.00414771830957494,0.0,0.004576768768399946,0.8421542814740784,0.0,0.09382132870700273
398,2560,0.97922060128,0.001012332,0.97922060128,65536,10,0.027466234286279385,0.023432308407270074,0.0,0.0009022685218492316,0.0,0.00027961118487250346,0.9479195775997289
399,2563,0.9666329491,3.476505e-05,0.9666329491,65536,10,0.023505474720232903,0.0032642374223889026,0.0,0.0034398772657599948,0.024872350995290973,0.0,0.9449180595963275
400,2566,0.98551767443,0.0001967856,5.4679869798,65536,10,0.04937192190351984,0.0021759911437243826,0.0,0.0039165598497908636,0.9194375119966045,0.0,0.025098015106359103
401,2569,0.95089998076,0.0008620689,0.95089998076,65536,10,0.025402423230562656,0.0,0.002089303478897922,0.000908899261880998,0.9713906640082985,0.00015485328007213965,5.3856740284065616e-05
402,2572,0.98996194625,0.0003393914,2.3439089245,65536,10,0.04134281235486034,0.013990312497803938,0.0,0.002270788871536121,0.0,0.00012593880169595493,0.9422701474741034
403,2575,0.98785173911,0.0005402498,2.4546765138,65536,10,0.04186445429147553,0.02769394129303465,0.0,0.0026879552968861954,0.0,7.56698391387453e-05,0.927677979279465
404,2578,0.95085608372,0.0004690792,0.95085608372,65536,10,0.022232056466890283,0.0,0.002220395554087405,0.0032218312195051437,0.08999629434624634,0.0,0.8823294224132684
405,2581,0.98543916329,0.0004777391,5.5767772962,65536,10,0.05063998587943634,0.002515007939788208,0.0,0.003918091050742707,0.8518576552702211,0.0,0.09106925985981155
406,2584,0.96302066016,0.0008656062,0.96302066016,65536,10,0.02046470346408644,0.0329780817248712,0.0007030857897509288,0.0009007825748486966,0.9445784616366102,0.0002558950729249391,0.00011898973690788487
407,2587,0.98256174816,1.045954e-05,0.98256174816,65536,10,0.026928465974862554,0.011581463643099428,0.0,0.0054707176635401915,0.016474383881081443,0.0,0.939544968837416
408,2590,0.98488415415,0.001205699,4.8806588283,65536,10,0.05263559838366865,0.004965834192911452,0.0,0.004648516844074902,0.9118864306841163,0.0,0.025863619895227813
409,2593,0.94641697118,0.0003721363,0.94641697118,65536,10,0.025212004056118682,0.0,0.00208544745453724,0.0009336639008560746,0.971583064568215,0.0001534389997099497,3.238102057641671e-05
410,2596,0.98629828938,0.0003674939,4.0617381702,65536,10,0.049607937775196384,0.006238289211632857,0.0,0.004452468236354742,0.7853400086875114,0.000162108440714817,0.15419918764858975
411,2599,0.98739035882,7.118208e-05,0.98739035882,65536,10,0.03309021624229485,0.016983295582190572,0.0,0.000985067281078349,0.0,0.00010060583782397921,0.9488408150566122
412,2602,0.95516528613,7.244399e-05,0.95516528613,65536,10,0.022654685498729045,0.0,0.0005744611968164782,0.0032554350750903815,0.038082351818452945,0.0,0.9354330664109111
413,2605,0.98537359997,0.0004364138,6.0512909019,65536,10,0.049309090144187294,0.002715804286200139,0.0,0.0036103728124707597,0.9278792859410439,0.0,0.016485446816098398
414,2608,0.93960579235,0.001094738,0.93960579235,65536,10,0.014353493828123691,0.0,0.0013169444096855587,0.000657032176792005,0.9834754571866189,0.00015701891889799885,4.0053479814289745e-05
415,2611,0.99267472745,0.0001109789,1.3091867377,65536,10,0.040207316523327076,0.007676993894208662,0.0,0.002847912669173224,0.0,0.00041990195655108707,0.9488478749567405
416,2614,0.9861866956,0.000508188,3.6880878426,65536,10,0.04771236934766,0.012049048739478313,0.0,0.004434629777090188,0.767438203452228,0.00015200788064774294,0.16821374080289567
417,2617,0.94593263777,0.0002430278,0.94593263777,65536,10,0.02249653790908244,0.0,0.002228246673114414,0.0031078292013925627,0.1270002876393124,0.0,0.8451670985771007
418,2620,0.97961389038,0.01277777,5.4701486574,65536,10,0.07257759641395238,0.0030714341231383962,0.0,0.004912053217664106,0.8506473223650918,0.0,0.0687915938801541
419,2623,0.96865252349,0.001360542,0.96865252349,65536,10,0.023518472422437965,0.014930766736773767,3.611027993119938e-05,0.0014114930392537934,0.9505338726739222,0.0009498856786950618,0.008619399168984177
420,2626,0.96975164145,3.150522e-05,0.96975164145,65536,10,0.02384326090761241,0.008623935371324177,0.0,0.0037469899214388662,0.019385176925394924,0.0,0.9444006368742233
421,2629,0.98467827227,0.00145088,5.8638360394,65536,10,0.052071577477054154,0.0023153208412522376,0.0,0.003996139868362972,0.9092928146072333,0.0,0.03232414720609798
422,2632,0.9445509122,0.000557224,0.9445509122,65536,10,0.025353852327785184,0.0,0.002091967614584785,0.0009283874992870109,0.9714347506581889,0.00015440459952755734,3.6637300585191186e-05
423,2635,0.98637148885,0.0004358042,3.3054040664,65536,10,0.05015629821480614,0.038477265397033555,0.0,0.004090674642790118,0.021978886327769922,0.0001958050608461289,0.8851010703567542
424,2638,0.98875465155,0.0001352868,1.9630255924,65536,10,0.039879648698025974,0.017007421673677883,0.0,0.0022631946619114936,0.0,7.249563927981728e-05,0.940777239327105
425,2641,0.94483539985,0.0002622581,0.94483539985,65536,10,0.021330235482182353,0.0,0.0019230101714213489,0.003209260421665908,0.05604459893943232,0.0,0.9174928949852967
426,2644,0.98361876558,0.00602546,6.4501953231,65536,10,0.06802436820581423,0.013618367213771203,0.0,0.0037110664420447414,0.8624442282445405,0.0,0.05220196989383016
427,2647,0.93669827361,0.01067372,0.93669827361,65536,10,0.02872126399476067,0.028825733932882038,0.01634111817049691,0.0015062898616937726,0.9172400737738188,0.0037583717036063545,0.003607148562740246
428,2650,0.98906299724,1.104688e-05,0.98906299724,65536,10,0.029846946930599645,0.024426338206448593,0.0,0.007464768370334526,0.003696644808626694,0.0,0.9345653016839903
429,2653,0.98508820041,0.0006304147,4.979313013,65536,10,0.0522198065244522,0.005925162789462029,0.0,0.004594184733706994,0.9168709921198928,0.0,0.020389853832486763
430,2656,0.94032442526,0.0005107511,0.94032442526,65536,10,0.024693699706971932,0.0,0.002080135856440945,0.0009083520027747191,0.9721359027536192,0.00015336033995080325,2.8549340236403654e-05
431,2659,0.9850711498,0.0005616295,5.1663326269,65536,10,0.051084601397903426,0.004474317069409983,0.0,0.004861986517673338,0.8271775783318689,0.0,0.11240151668314284
432,2662,0.98235229924,0.0001253249,0.98235229924,65536,10,0.027405382227991253,0.018172515354693327,0.0,0.0005958983121624158,0.0,0.00014000374270106298,0.9536862003624519
433,2665,0.95558034587,4.754048e-05,0.95558034587,65536,10,0.022486226213813115,0.00308137338745355,0.0,0.0031020883106739044,0.020860064559382878,0.0,0.9504702475286773
434,2668,0.98202585969,0.01067986,6.7461532324,65536,10,0.06545820212039777,0.010669667572220145,0.0,0.0036795358584653633,0.9077656598840008,0.0,0.012426934564912699
435,2671,0.90943014671,0.1076153,0.90943014671,65536,10,0.02404731145754533,0.0,0.1004312466691379,0.0008591606228021816,0.8744476208905715,0.0001555484401841818,5.911191975444951e-05
436,2674,0.99039578611,0.0003713933,2.2801348298,65536,10,0.03877421861724081,0.009982317871574614,0.0,0.0022527842580201767,0.0,0.00012601363903832357,0.9488646656141262
437,2677,0.98673511966,0.0002485733,3.4227374463,65536,10,0.04443263617962168,0.011995976526804413,0.0,0.004089414037216932,0.6295734784003321,0.00014655568081952186,0.3097619391752055
438,2680,0.9401724096,0.0003861135,0.9401724096,65536,10,0.022082725970278886,0.0,0.0022258803280394857,0.0031033322302212022,0.11456733052665641,0.0,0.8580207309448046
439,2683,0.98520035299,0.0006477323,6.6582803153,65536,10,0.04935877008357232,0.002264985036599675,0.0,0.0039961322114663465,0.8826319912519713,0.0,0.06174812141639043
440,2686,0.96165861196,0.0005323209,0.96165861196,65536,10,0.020400815801466805,0.012445760678241892,8.961699928457583e-05,0.0009336533546165548,0.965825277048356,0.00021379905902332237,9.107705901125932e-05
441,2689,0.97447588629,1.834325e-05,0.97447588629,65536,10,0.02427140188619592,0.010416181657646194,0.0,0.004157514916037091,0.016513724284068592,0.0,0.9446411772560512
442,2692,0.984702361,0.001109492,6.3096919354,65536,10,0.05226176573142113,0.003332146289442008,0.0,0.0042363759031894465,0.9104142658718986,0.0,0.029755446204049938
443,2695,0.93574276908,0.0005034462,0.93574276908,65536,10,0.024748813811152983,0.0,0.0020879669659483358,0.0009048327562821371,0.9720731639478848,0.0001541486392024458,3.107387954076473e-05
444,2698,0.9857494124,0.0004548119,4.5432073748,65536,10,0.05220663117043904,0.013637863779726193,0.0,0.004481299753095079,0.6732962742899489,0.00021509648062165694,0.25616283452616906
445,2701,0.98966894079,1.25865e-05,1.2897589858,65536,10,0.036349921550830555,0.007529251756230831,0.0,0.002178050481677149,0.0,8.26850622522716e-05,0.9538600911490096
446,2704,0.94089731672,8.85803e-05,0.94089731672,65536,10,0.021179999784302954,0.0,0.0014958015993761587,0.0031006853913550666,0.030849965588302893,0.0,0.9433735476366615
447,2707,0.98219800314,0.009652521,7.5314635944,65536,10,0.07903842420622138,0.02103486707530231,0.0,0.003403574939309511,0.8726277423585965,0.0,0.023895391420570494
448,2710,0.93071252162,0.006038928,0.93071252162,65536,10,0.01594333244769647,0.0,0.00045814288076121253,0.0006416928022846431,0.9827394911284706,0.00018428118081729178,3.305955999646302e-05
449,2713,0.99825346356,2.272745e-05,0.99825346356,65536,10,0.03388754582223399,0.029874918964794855,0.0,0.011528592373326126,0.0,0.0,0.9247089428396459
450,2716,0.98585837041,0.0003468161,5.0558937815,65536,10,0.04909266978441715,0.008110127801228747,0.0,0.004587495912832176,0.8236633535242095,0.00012815113981621268,0.11441820183749758
451,2719,0.93164145956,0.000619539,0.93164145956,65536,10,0.022272679536322296,0.0,0.002230355914286825,0.0029893464627565075,0.18283580713676664,0.0,0.7896718109498649
452,2722,0.98470997255,0.001104723,6.6035189273,65536,10,0.05226636823025019,0.0030064085594287615,0.0,0.004173420353448626,0.8716627851253899,0.0,0.06889101773148337
453,2725,0.92186635568,0.01644732,0.92186635568,65536,10,0.03897043780703933,0.03241991971414048,0.00033742544599003215,0.025360836275680754,0.0,0.018212932724280574,0.884698448032869
454,2728,0.95722710713,4.951923e-05,0.95722710713,65536,10,0.022413791667290406,0.007750360297752184,0.0,0.00320144901010579,0.013343269087595236,0.0,0.9532911299372563
455,2731,0.98450117012,0.001199857,7.6702639991,65536,10,0.052607442429846885,0.0023767572964596383,0.0,0.003978880442257269,0.9274172563890694,0.0,0.0136196634423682
456,2734,0.89825319353,0.1079832,0.89825319353,65536,10,0.023864613355607172,0.0,0.10036492786986537,0.0008586813398710249,0.8747229919153554,0.00015533023982783545,3.345527946473451e-05
457,2737,0.9890096999,0.0004197434,3.5914380557,65536,10,0.039945573023554636,0.01772959747566173,0.0,0.0024168276045024566,0.0,7.912617952074826e-05,0.9398288757167604
458,2740,0.98815176813,0.0001501734,3.0305572537,65536,10,0.04003458146637754,0.0206753802732288,0.0,0.0022294140055710253,0.0,6.553388001316287e-05,0.936995090374809
459,2743,0.93219475468,0.0005118745,0.93219475468,65536,10,0.02166143137523481,0.0,0.002223732408768042,0.0030964562969144818,0.07292283653315186,0.0,0.9000955433859319
460,2746,0.98531093947,0.0004310666,8.2067548855,65536,10,0.05095530082034999,0.002599937987467957,0.0,0.00388643982602871,0.887454571826666,0.0,0.05510374953948863
461,2749,0.9484343874,0.0008206599,0.9484343874,65536,10,0.0190426288260255,0.012029863626332746,0.0001140514200239323,0.0008250044817680319,0.9669677338219457,0.0001805417403245028,0.0008401760835793924
462,2752,0.98100831861,1.372524e-05,0.98100831861,65536,10,0.025904741993170315,0.020488136578291523,0.0,0.005748672280669479,0.005227462064192409,0.0,0.9426309870836761
463,2755,0.98428562589,0.001833854,6.8890381648,65536,10,0.052870358502080786,0.004966858684521366,0.0,0.004560757350800589,0.8980382011294691,0.0,0.03956382433312811
464,2758,0.92283410852,0.001097571,0.92283410852,65536,10,0.024322855661458736,0.0,0.0020830251607252244,0.0009065122838103199,0.9725079948933364,0.0001538733202786981,2.5738680374839316e-05
465,2761,0.98559224375,0.0002174941,6.2677506752,65536,10,0.05120253262339394,0.006998602930129462,0.0,0.004345042871505067,0.7930433377064611,0.0001498653803680646,0.1442606184881422
466,2764,0.9857542374,5.175948e-05,0.9857542374,65536,10,0.029289889564319715,0.014013624554950154,0.0,0.0007980063356361073,0.0,9.291846173714553e-05,0.9558055610833571
467,2767,0.93739863333,0.0001714238,0.93739863333,65536,10,0.022295319477758403,0.0,0.0,0.0030021910710678413,0.02841588962310717,0.0,0.946286599828066
468,2770,0.98367688805,0.004618249,9.0788381534,65536,10,0.06012907209265845,0.006658912944371094,0.0,0.003689809850943542,0.9037906754559101,0.0,0.025731529656116494
469,2773,0.92058314852,0.005490506,0.92058314852,65536,10,0.019897151649506853,0.0,0.0019007564586763883,0.0008223324806185047,0.9771574944902646,0.0001557077001665905,6.65572207651149e-05
470,2776,0.99064391763,0.0002071893,2.2178234191,65536,10,0.03721891389978965,0.008539997955599026,0.0,0.00235575230861216,0.0,0.00013053373826249384,0.9517548020977369
471,2779,0.98606375122,0.0002590954,5.1556497304,65536,10,0.047364670073719514,0.0113497224392022,0.0,0.004375938396425248,0.6914290272730764,0.00015413099968942035,0.24532651081788787
472,2782,0.91922049147,0.0006589246,0.91922049147,65536,10,0.02189677240235517,0.0,0.0022289264367945597,0.0030039573654535097,0.14013278963264725,0.0,0.8327375541627497
473,2785,0.98386737547,0.002146839,8.7097243738,65536,10,0.052290456365286654,0.002364272798093709,0.0,0.003963193754989824,0.8832669957022824,0.0,0.05811508137934592
474,2788,0.95684843566,0.0009591495,0.95684843566,65536,10,0.021148484342264885,0.012353750565486028,3.624318094848734e-05,0.0009513339628997573,0.963703914455931,0.0003483836895467221,0.0014578898029231444
475,2791,0.95951567214,7.235943e-05,0.95951567214,65536,10,0.022385768889659905,0.009435127177108534,0.0,0.0033835866674264124,0.011173735808858552,0.0,0.9536217814569466
476,2794,0.98284544156,0.002266139,9.0342116392,65536,10,0.05627812830906603,0.003457104002713748,0.0,0.004366285698085602,0.9120240450422659,0.0,0.023874436947869348
477,2797,0.91343724708,0.001236574,0.91343724708,65536,10,0.024373996875322483,0.0,0.0020930172960872025,0.0009089711393572988,0.9724405382491232,0.00015461361990914876,2.8862820187362257e-05
478,2800,0.98716609087,0.000478061,5.5879963337,65536,10,0.04524565149404541,0.009859810504837689,0.0,0.00339895251605345,0.5236248150450653,0.00011809939906482672,0.4177526710409333
479,2803,0.98870873617,9.833804e-05,2.4461851397,65536,10,0.03734045734035215,0.010730531973017538,0.0,0.0021857473031521245,0.0,7.959900000935736e-05,0.949663664383485
480,2806,0.91600688252,0.0005752423,0.91600688252,65536,10,0.02059536455676989,0.0,0.0022181342134772186,0.003042511457668516,0.05635099761190334,0.0,0.9177929921601834
481,2809,0.96895065331,0.0262282,10.500908081,65536,10,0.20009321870816282,0.10522098046825665,0.0,0.0031033418103494047,0.6519096115970839,0.0,0.03967284741614781
482,2812,0.90074091686,0.006580604,0.90074091686,65536,10,0.022715547339810054,0.011423118543813148,0.009995251955000846,0.0012179541809700027,0.9498350266768768,0.003862610697943842,0.000950490605588555
483,2815,0.99126667481,1.647849e-05,0.99126667481,65536,10,0.02893527212499684,0.025426361157342193,0.0,0.008752601261425805,0.0,0.0,0.9368857654562344
484,2818,0.98485417375,0.0003264927,7.9139380553,65536,10,0.052430591356345146,0.00875210763769259,0.0,0.00465919462701177,0.8216004419336511,6.824331978929155e-05,0.11248942112551052
485,2821,0.90142560515,0.0008573638,0.90142560515,65536,10,0.021859236871155603,0.0,0.0022335777748623063,0.0029803984413340535,0.1703773536618813,0.0,0.8025494332507664
486,2824,0.98490846074,0.001144384,9.1560899335,65536,10,0.05090020481596007,0.004928454686090699,0.0,0.004375402190156382,0.8367604650208214,0.0,0.10303547328697038
487,2827,0.97285821239,0.0001774553,0.97285821239,65536,10,0.023631206288249145,0.015367168852208669,0.0,0.00048473294993054425,0.0,0.00017576188363791165,0.9603411300259738
488,2830,0.92932476387,0.000140089,0.92932476387,65536,10,0.021203666230370313,0.00810317408216292,0.0,0.0027814568738752294,0.008455862421186575,0.0,0.9594558403924051
489,2833,0.98080303352,0.01167006,11.8314155,65536,10,0.06980751477047108,0.010592069783155656,0.0,0.003723144257841247,0.8895944243631072,0.0,0.026282846825428675
490,2836,0.86551505533,0.1109009,0.86551505533,65536,10,0.023496999272855028,0.0,0.1003377273887246,0.0009014608784534555,0.8750764161604925,0.00015578113935957847,3.161516012521401e-05
491,2839,0.98925560285,0.0002233943,4.4482689682,65536,10,0.03691657990329916,0.011836865903537228,0.0,0.0021084347969428634,0.0,9.719106261028864e-05,0.9490409283336106
492,2842,0.98681849726,0.0006409833,5.5055606201,65536,10,0.04230393528330192,0.03326438399754724,0.0,0.0029438796018394654,0.0,0.00010194488059776684,0.921385856236713
493,2845,0.89459038776,0.0005950542,0.89459038776,65536,10,0.021551469440305105,0.0,0.002227666723319499,0.003018836286950666,0.11273415248361997,0.0,0.8604678750658015
494,2848,0.98298191128,0.005250496,12.807563145,65536,10,0.06137512679935441,0.00597641263420267,0.0,0.0039405957757480325,0.8453856400470976,0.0,0.08332222474359713
495,2851,0.93017891281,0.001061016,0.93017891281,65536,10,0.01862952655204718,0.010268925287636278,0.00011419125863415693,0.0007842073324314584,0.9699607021322485,0.00016788161827449967,7.456581872805068e-05
496,2854,0.96147937902,4.317032e-05,0.96147937902,65536,10,0.0225666743179534,0.017250295236122187,0.0,0.0038852214313972087,0.0027693115097076016,0.0,0.9535284975048193
497,2857,0.98430756107,0.001155702,12.132744176,65536,10,0.05309317040073312,0.00517096421926622,0.0,0.004508236078721217,0.8961625480389699,0.0,0.04106508126230887
498,2860,0.87212643756,0.001216423,0.87212643756,65536,10,0.023955802871190948,0.0,0.002087867815772305,0.0009008120414296126,0.9728775416117749,0.00015420487990831954,2.3770779900600926e-05
499,2863,0.98532192621,0.0002911699,9.8070322969,65536,10,0.05037498325060005,0.00725853146932916,0.0,0.004594487218198511,0.8017389837575878,0.00014347655956008904,0.13588953774472426
500,2866,0.9893956875,3.830134e-05,1.4613876732,65536,10,0.03417882274255678,0.005782983801682487,0.0,0.002288278195816989,0.0,9.0447439051898e-05,0.9576594678208924
501,2869,0.88010048628,0.0003375532,0.88010048628,65536,10,0.020353459856005576,0.0,0.001238804676681941,0.0028377100614743484,0.019160911747616853,0.0,0.9564091136582206
502,2872,0.98444381733,0.0001887332,16.811493197,65536,10,0.0526630754555913,0.003032926247246213,0.0,0.003692117811613289,0.9065268437192113,0.0,0.03408503676633785
503,2875,0.81651257966,0.1094432,0.81651257966,65536,10,0.015077303217389447,0.0,0.10057965148538717,0.0007570377249338065,0.8833838926101324,0.00015596708101344033,4.614788114481956e-05
504,2878,0.99029842271,0.0001849127,2.4752625126,65536,10,0.035150712499251585,0.005574837387769008,0.0,0.002387056811521062,0.0,0.00014646729694514431,0.956740926004513
505,2881,0.98552782605,0.0005010226,11.317689913,65536,10,0.048201214906563164,0.011996043949327986,0.0,0.004436860701600293,0.7346301447403789,0.00015165217811366496,0.20058408352401524
506,2884,0.83400339727,0.001851735,0.83400339727,65536,10,0.021449218337985656,0.0,0.0022315028313407348,0.0029666793972849027,0.15496646976532685,0.0,0.8183861296680645
507,2887,0.98374906471,0.0007891928,17.804993448,65536,10,0.05335481719768177,0.0036881295412465836,0.0,0.0041346155930464795,0.8440982204628935,0.0,0.09472421720513169
508,2890,0.88687664021,0.02037838,0.88687664021,65536,10,0.03243165649463938,0.024492780149348015,0.00044228889692676164,0.019385797479432015,0.0,0.016359070246387192,0.9068884067332666
509,2893,0.89406172053,0.0002801462,0.89406172053,65536,10,0.02041228892312614,0.00752038987437686,0.0,0.0027030924412029286,0.009395113016250073,0.0,0.9599691157450445
510,2896,0.98101003647,0.00792333,23.166302927,65536,10,0.06253308086796729,0.0029428262732397108,0.0,0.004018750158642598,0.9017314106560157,0.0,0.02877393204413348
511,2899,0.73949710538,0.1180283,0.73949710538,65536,10,0.022560357164162177,0.0,0.10034566225305795,0.0008730649165636394,0.8760446393072686,0.0001550918392081673,2.118451974271415e-05
