# games_f2_e4.csv -- memory-two Wright-Fisher run f2_e4 (parameters: runs.csv), one row per sampled game, ipt order 0..511.
# Reduced by provenance/robustness/reduce.py from the packed files f2_e4.{idx,bin} and atoms512.bin.
# Columns:
#   ipt      the game (data/games/games.csv; gid = 2000 + ipt)
#   isl      the task index of the game in the kit's slurm array (isl = 3*(ig - 1) + ie with ie = 3); it fixes the seeds
#   E        realised efficiency: mean per-round payoff of the population over the sampled second half of the
#            ten replicates, divided by Emax = max(1, (1 + u + v)/2)  (the 'ef' column of the .idx)
#   efsd     standard deviation over the ten replicates of each replicate's pay/Emax, as the simulator wrote it (the .idx)
#   pay      mean per-round payoff of the population, the numerator of E
#   ndist    number of distinct strategies with a non-zero count in the summed abundance
#   nrep     replicates found (10 at every game)
#   S_abc    pooled share of the population in the atom abc (efficient-stable-competitive, eps -> 0 atoms):
#            the abundance summed over the ten replicates and the sampled half, normalised, summed over the atom
#            (the atom 101 is empty at every game and has no column)
ipt,isl,E,efsd,pay,ndist,nrep,S_000,S_100,S_010,S_001,S_110,S_011,S_111
0,1368,0.96445147676,0.01403536,0.96445147676,65536,10,0.04229576093847991,0.03331367640837343,0.0404651015623138,0.002124835984511825,0.8765176862738683,0.0007084846894059215,0.004574454143055569
1,1371,0.99784041148,0.001759918,0.99784041148,65536,10,0.0025444537755949775,0.0,0.001168980311790935,1.741309996155683e-05,0.9956993652923011,5.4400000018377276e-09,0.0005697820803844858
2,1374,0.96788990028,0.009993647,0.96788990028,65536,10,0.052462058385608926,0.02130337220807985,0.029457870303037648,0.0024922726683956602,0.8893844331011267,0.001995436078981938,0.0029045572548014654
3,1377,0.9556131791,0.01519246,0.9556131791,65536,10,0.04008364215351765,0.0,0.0609328797126143,0.001972725156796216,0.89588574745901,0.0006174362245416899,0.0005075692935532531
4,1380,0.99924175217,5.937229e-05,0.99924175217,65536,10,0.000824690792131563,0.0,2.8165599877955537e-06,1.8060319966836802e-05,0.9989430531208194,1.67799998254762e-08,0.00021136242713524776
5,1383,0.95866221775,0.008454482,0.95866221775,65536,10,0.06857588917280723,0.01211720189984527,0.019449816828753796,0.005307812583637847,0.8907422485056571,0.001610852345462717,0.002196178663836983
6,1386,0.99914221182,4.007843e-05,0.99914221182,65536,10,0.0004117405997921289,0.0,1.074961997645325e-05,1.4215859981811991e-05,0.9994308744392991,2.2087999981783734e-07,0.00013219860097815367
7,1389,0.97240213455,0.00717608,0.97240213455,65536,10,0.059585409955473186,0.031839377942881504,0.04421742090270718,0.0020247955190508633,0.8555311374478168,0.003866192607190851,0.002935665624855401
8,1392,0.947223264,0.01616515,0.947223264,65536,10,0.047265931940130866,0.01572362016047753,0.06352598717674451,0.004919664464813434,0.8656803224178314,0.0014355972018010978,0.0014488766381702553
9,1395,0.99927389113,2.855787e-05,0.99927389113,65536,10,0.00045836428040963887,0.0,7.494559988807657e-06,1.5191200006657828e-05,0.9989024307179354,0.0,0.0006165192416268613
10,1398,0.94565051513,0.008747159,0.94565051513,65536,10,0.12201201067399564,0.058937874877198766,0.07999721541479676,0.0096089402638216,0.7187275836899931,0.005788227794128106,0.00492814728607239
11,1401,0.9942281973,0.004460651,0.9942281973,65536,10,0.0018142901928447355,0.0,0.011489317925957384,8.377858138702557e-05,0.9858234619352158,2.0927040537435084e-05,0.000768224324024938
12,1404,0.99931381598,5.124251e-05,0.99931381598,65536,10,0.0011869492370738732,0.0,9.212199997540664e-07,1.930697995589272e-05,0.9987926683629921,1.8999999793963833e-08,1.3520000096001949e-07
13,1407,0.95119662969,0.005312971,0.95119662969,65536,10,0.07214813401722911,0.02695496987101588,0.009719798553136243,0.010540600659008944,0.8705031003970757,0.0033925122945337623,0.0067408842079827985
14,1410,0.99917263007,2.559341e-05,0.99917263007,65536,10,0.0003722608600807842,0.0,1.717348000574439e-05,1.2793019981325045e-05,0.9995973894598981,1.6407999822037557e-07,2.191000013550915e-07
15,1413,0.97327964756,0.005829616,0.97327964756,65536,10,0.33881377345037483,0.028282518875669575,0.2680799383321492,0.025873435780840535,0.323020486580706,0.014777626159228265,0.0011522208209385355
16,1416,0.93338735407,0.02001914,0.93338735407,65536,10,0.051588128084514615,0.037450271741793356,0.09314583140359,0.003976610152902862,0.8067868581529732,0.0024172887584985258,0.004635011705706384
17,1419,0.99932513843,4.253222e-05,0.99932513843,65536,10,0.00047863824007443346,0.0,1.3234200004518987e-06,3.7774600072497966e-05,0.7912845434031459,0.0,0.20819772033667985
18,1422,0.92578063774,0.006656405,0.92578063774,65536,10,0.18428106562568203,0.03656464198119033,0.01891103800486899,0.022617396248639038,0.7145220753684963,0.012327040550738525,0.01077674222045394
19,1425,0.99908114711,3.003247e-05,0.99908114711,65536,10,0.00034805868054196387,0.0,1.8158580026739334e-05,1.1259379998620444e-05,0.9991358075976916,7.472199977840385e-07,0.00048596854171512375
20,1428,0.98698022087,0.002074855,0.98698022087,65536,10,0.15268999642313397,0.19632153292883045,0.09087479640102182,0.0035669637190543554,0.5536470486369638,0.0017458784035048057,0.0011537834874338056
21,1431,0.94908723712,0.008748633,0.94908723712,65536,10,0.0585341951301855,0.0105385072470547,0.01403256440289681,0.009882431484582245,0.8960389263588505,0.005621130117461195,0.005352245258941951
22,1434,0.99918111018,4.897466e-05,0.99918111018,65536,10,0.00035687219948363246,0.0,8.219899970980437e-06,2.942118005473996e-05,0.7955180285249337,0.0,0.2040874581955798
23,1437,0.97627251659,0.009767618,1.0692281517,65536,10,0.11724443760266821,0.016800358233562386,0.03790620893679808,0.0045645540972047574,0.6986130756173174,0.0,0.1248713655124407
24,1440,0.97874577922,0.0137429,0.97874577922,65536,10,0.008402263395828734,0.0,0.03611327726387693,0.0007507911567110637,0.9527868399403499,0.00037859401962601143,0.0015682342236362353
25,1443,0.99946368812,3.925247e-05,0.99946368812,65536,10,0.0008993073609780512,0.0,0.0,5.961346012396289e-05,0.7313348407455604,0.0,0.2677062384333119
26,1446,0.89768516736,0.007706942,0.89768516736,65536,10,0.16544976908808887,0.037395457531384756,0.011543620548472732,0.03418664670856748,0.7207106705260266,0.013777264679387393,0.016936570918121886
27,1449,0.99904977975,2.704568e-05,0.99904977975,65536,10,0.0003193994798457927,0.0,1.6248519935078137e-05,1.1359419962689272e-05,0.9994833538163406,2.84619997102342e-07,0.00016935414388295685
28,1452,0.99506901367,0.0017923,1.1466615587,65536,10,0.03998968063169314,0.032936818561639485,0.001965749247595748,0.0004336893930823556,0.8824468177737118,0.0,0.04222724439228355
29,1455,0.93189415204,0.01646536,0.93189415204,65536,10,0.05383001922957052,0.01325521156558679,0.06516170711251744,0.009991881484879476,0.8507852964918865,0.0047159069491617776,0.00225997716642313
30,1458,0.99930205463,3.962589e-05,0.99930205463,65536,10,0.00042098193907961644,0.0,1.6372199966643359e-06,3.5282619957702266e-05,0.7636028810126886,0.0,0.23593921720829922
31,1461,0.96249620565,0.01109317,1.0475605676,65536,10,0.1748291546232538,0.015452264719878796,0.032813888069537174,0.01628073684466881,0.5838565689139431,0.0,0.17676738682863652
32,1464,0.99893324213,4.092675e-05,0.99893324213,65536,10,0.00032897725970155696,0.0,1.7488039965835494e-05,1.100191997988795e-05,0.9992826984347071,9.69819992234116e-07,0.00035886452562418494
33,1467,0.99779574305,0.0002130862,0.99779574305,65536,10,0.13723591986462838,0.29202869945426924,0.0,0.03319956632316677,0.17720535111042812,0.0,0.36033046324751017
34,1470,0.90010821636,0.009989883,0.90010821636,65536,10,0.12284451836329806,0.023171769884580407,0.0,0.02582683332444617,0.8042347842900086,0.017318565310433708,0.006603528827215118
35,1473,0.9991025031,4.209445e-05,0.9991025031,65536,10,0.000325507359669197,0.0,8.561939938896722e-06,2.7990740074420615e-05,0.7930151422130564,0.0,0.20662279774723608
36,1476,0.98977528386,0.004021626,1.2652498502,65536,10,0.03857731048862652,0.025211289552330218,0.00522024025235727,0.0013515104610459148,0.8748447607932162,0.0,0.05479488845243138
37,1479,0.92236489516,0.02815372,0.92236489516,65536,10,0.034265338393089054,0.0,0.12117761872024549,0.0032489201002221064,0.8351182746873469,0.00562314689903452,0.0005667012000313909
38,1482,0.99910227255,0.0001160229,0.99910227255,65536,10,0.002482503473049453,0.0,0.0,0.0002841365801935109,0.6209910355055525,0.0,0.37624232444122413
39,1485,0.87320064762,0.01073787,0.87320064762,65536,10,0.3817003652808115,0.08895373454573106,0.056212668393363176,0.09706963572639551,0.3208071274307109,0.04392524635009094,0.011331222272827738
40,1488,0.99898226076,4.389767e-05,0.99898226076,65536,10,0.00029485029930841533,0.0,1.695859987212232e-05,1.0357239950763861e-05,0.9972326323634862,6.815999941888649e-07,0.0024445198974257483
41,1491,0.99695132368,0.002869316,1.2223363153,65536,10,0.03766687124393357,0.10671900172877022,0.0,6.0897640415725235e-05,0.8333596969828795,0.0,0.022193532404010063
42,1494,0.93217321704,0.01293836,0.93217321704,65536,10,0.07172008028309691,0.026850605615735906,0.008473360600389843,0.013985483965283587,0.8661273737413111,0.011145185690256099,0.0016979101039645969
43,1497,0.99920781651,3.379325e-05,0.99920781651,65536,10,0.0003581625000397548,0.0,3.816599973517232e-06,2.8844520079636997e-05,0.7994804406326916,0.0,0.20012873574719184
44,1500,0.97898877721,0.00803894,1.2724942016,65536,10,0.06116760251209334,0.024855808767220825,0.005781429267477904,0.004209762572136729,0.7830832571027678,0.0,0.12090213977830265
45,1503,0.9961665658,0.006521504,0.9961665658,65536,10,0.0006057987783517812,0.0,0.0055442880539673155,1.0308519969152345e-05,0.992486942954333,1.7944399967206437e-06,0.0013508672534215933
46,1506,0.99791297625,0.0001892064,0.99791297625,65536,10,0.02476548740257985,0.21372477921337155,0.0,0.007071140481658461,0.27758648925496376,0.0,0.4768521036474316
47,1509,0.82920643433,0.01745335,0.82920643433,65536,10,0.22299890626667343,0.11034760759931612,0.0063702936315695805,0.05551115312807443,0.5412303558109122,0.04077803871930399,0.022763644844104917
48,1512,0.99898757827,4.12499e-05,0.99898757827,65536,10,0.0002953489192069056,0.0,1.540225985385438e-05,1.0462559960217044e-05,0.9995148183965438,2.709800005120951e-07,0.00016369688447025248
49,1515,0.99566356764,0.004605649,1.4011242197,65536,10,0.01645936935223742,0.004626731087601141,0.0,0.00033021697785264416,0.9449375909642087,0.0,0.03364609161810956
50,1518,0.9124442099,0.01914408,0.9124442099,65536,10,0.04825949483943593,0.017138200510017455,0.09648597174030023,0.007868867805346765,0.816453901696298,0.013793259228566335,3.04180009263814e-07
51,1521,0.99897758036,0.0001948165,0.99897758036,65536,10,0.0020007249374733894,0.0,0.0,0.0002551359578764835,0.6334006200105741,0.0,0.36434351909409524
52,1524,0.96069863728,0.00950991,1.1492732721,65536,10,0.1146347076378471,0.014582132823189936,0.011903413553866827,0.014527490006296887,0.6221882947157983,0.0,0.22216396126294757
53,1527,0.99886358082,5.228037e-05,0.99886358082,65536,10,0.0002900230590553587,0.0,1.7641899856351115e-05,1.0316999942630106e-05,0.9991811604489643,8.470199904387669e-07,0.0005000105722259439
54,1530,0.98777292464,0.004223502,1.2057774959,65536,10,0.1097528560108573,0.07955898384803302,0.0,0.015025544985741763,0.745881571792184,0.0,0.049781043363149834
55,1533,0.85226635466,0.0122227,0.85226635466,65536,10,0.1463183772220114,0.022808150030496983,0.0,0.035283623506461734,0.7506228582841108,0.033389554215309224,0.011577436741651768
56,1536,0.99905451101,3.367117e-05,0.99905451101,65536,10,0.00029563129949237624,0.0,7.365039942763327e-06,2.408046004463733e-05,0.8368008079701484,0.0,0.16287211523034628
57,1539,0.98862113199,0.005813917,1.4670017676,65536,10,0.03546970930051027,0.03554084640399392,0.002888818039785434,0.0012784172916778076,0.8513355971120087,0.0,0.07348661185205334
58,1542,0.98210968697,0.009109348,0.98210968697,65536,10,0.007765139027658195,0.0,0.024177956487829375,0.0005339721013700267,0.9662654913292912,0.0012571213538932055,3.19699993160631e-07
59,1545,0.99813986912,0.0002215945,0.99813986912,65536,10,0.008816775943544712,0.02285915959819422,0.0,0.0016739128485600517,0.4839236598148216,0.0,0.4827264917948794
60,1548,0.83236824084,0.01575335,0.83236824084,65536,10,0.40759354424435734,0.07471515619658238,0.06217237457384438,0.13552165209899966,0.23092593399692193,0.07042374329146564,0.018647595597864847
61,1551,0.9988880719,4.078072e-05,0.9988880719,65536,10,0.0002837074393580819,0.0,1.8116219836523105e-05,1.0335019961208132e-05,0.999262768309277,6.281000003019002e-07,0.00042444491159719644
62,1554,0.99781350822,0.002826224,1.4689490856,65536,10,0.01520668123436354,0.3254274456651042,0.0,2.6287620027499525e-05,0.620353877601092,0.0,0.03898570787940098
63,1557,0.92130185453,0.01153825,0.92130185453,65536,10,0.06730873085846927,0.009670505196117625,0.018716288905373666,0.016519050732333354,0.8703005167491711,0.015088742052720117,0.0023961655057766974
64,1560,0.99925833499,3.690706e-05,0.99925833499,65536,10,0.00043473703927164863,0.0,0.0,4.1260139916117695e-05,0.6980122355396555,0.0,0.3015117672811345
65,1563,0.97365883871,0.008164821,1.3901261935,65536,10,0.06875879948506716,0.020684099730226876,0.0028613463119397994,0.007614705130000555,0.7843246086264948,0.0,0.11575644071632636
66,1566,0.99876498888,5.238778e-05,0.99876498888,65536,10,0.0002785867593583071,0.0,1.902611987554218e-05,9.266239969865479e-06,0.9986984463577061,1.5110399851255276e-06,0.0009931634830731408
67,1569,0.96920843252,0.004505428,1.1017173979,65536,10,0.19788016575229617,0.1666798749922151,0.009588844905374342,0.13693498324485906,0.23486827823091067,0.03345983218822006,0.2205880206861639
68,1572,0.77816600178,0.01211701,0.77816600178,65536,10,0.24460944122954104,0.09189750190846972,0.0,0.07682323063989299,0.5148828220996958,0.04445070040732405,0.027336303715102633
69,1575,0.99894260096,4.680327e-05,0.99894260096,65536,10,0.00026884421933662977,0.0,1.3455619891719304e-05,2.299748001510694e-05,0.8135221396373385,0.0,0.18617256304340288
70,1578,0.99584736776,0.002582094,1.6163069582,65536,10,0.015590185162595244,0.01029819210055632,0.0,0.0002565851227528841,0.902405505316337,0.0,0.07144953229776715
71,1581,0.90500701151,0.02161998,0.90500701151,65536,10,0.04240646154995543,0.0,0.1122524825504927,0.006138076591975485,0.8187294135635929,0.01406026038302241,0.006413305361005405
72,1584,0.99825259137,0.0002673096,0.99825259137,65536,10,0.00534231187777875,0.02750300170336125,0.0,0.0007691418212247467,0.5296477261934653,0.0,0.4367378184041697
73,1587,0.95539635975,0.006444298,1.1760518667,65536,10,0.10198409612260087,0.029794858638775176,0.012429440264591664,0.022158039520793697,0.5616409369499109,0.002195894532345392,0.2697967339709303
74,1590,0.99880722705,6.820134e-05,0.99880722705,65536,10,0.0002687034390856363,0.0,1.8363839820099954e-05,9.569139955919811e-06,0.9991765969727869,8.069999971462333e-07,0.0005259596083886431
75,1593,0.99412221123,0.002541878,1.4562337079,65536,10,0.03789584669661847,0.013465251439209031,0.0,0.0012296491925377591,0.9277290010497403,0.0,0.01968025162190652
76,1596,0.84817094079,0.0111155,0.84817094079,65536,10,0.133407757788225,0.020697371353747454,0.0,0.03754386967267672,0.7629495179041164,0.03559871724792365,0.009802766033339861
77,1599,0.99910715966,3.768842e-05,0.99910715966,65536,10,0.00031963465974006755,0.0,3.3778999768864892e-06,2.821394008869129e-05,0.7699868368722009,0.0,0.22966193662796922
78,1602,0.98586047521,0.007163021,1.6140577018,65536,10,0.04079753538384977,0.03820427637883088,0.00013766701783408063,0.003167313788361968,0.8383116291605348,0.0,0.07938157827057596
79,1605,0.99540547075,0.003587803,0.99540547075,65536,10,0.0005225342383901031,0.0,0.007974924530586496,9.969219960300098e-06,0.9908422138155015,7.700440085161512e-05,0.0005733537947391765
80,1608,0.99615909536,0.0002176363,0.99615909536,65536,10,0.08241662259347884,0.10038102010027299,0.0,0.05759389197107146,0.2213600480548752,0.0,0.5382484172803317
81,1611,0.734245378,0.01591189,0.734245378,65536,10,0.40249766001570897,0.07889973262615631,0.026519347690105825,0.1470753983103902,0.20499787040074569,0.11263490300536055,0.0273750879515521
82,1614,0.99881961646,5.179386e-05,0.99881961646,65536,10,0.0002559042992909896,0.0,1.742713988826138e-05,2.28513000044469e-05,0.7934140063109829,0.0,0.20628981094985746
83,1617,0.99506309932,0.004915702,1.6937450997,65536,10,0.02941390319869248,0.08899346026741645,0.0,0.00023843912153472172,0.8275182562795923,0.0,0.05383594113277112
84,1620,0.89705648934,0.01024785,0.89705648934,65536,10,0.065782726284046,0.012057715634087257,0.05028345834834647,0.012077747099977746,0.8273934429804012,0.03020846224535781,0.0021964474077743107
85,1623,0.99803364908,0.0004247152,0.99803364908,65536,10,0.004391769495104975,0.04211221558070413,0.0,0.0005662316361711012,0.496371091836634,0.0,0.4565586914513791
86,1626,0.96938222418,0.009158057,1.4507600181,65536,10,0.07804667728151893,0.018210613662001274,0.003465233575216738,0.010550679021508831,0.7062407414708941,0.0,0.18348605498881754
87,1629,0.99872556054,7.041292e-05,0.99872556054,65536,10,0.00026182969947731395,0.0,2.0948299832455166e-05,8.786819966081724e-06,0.9994093322394089,1.364779993777655e-06,0.00029773816128876265
88,1632,0.9767578588,0.003670416,1.3473344488,65536,10,0.08650291698521742,0.16394554360543107,0.0035621161602147153,0.03589309336919389,0.5150519974531637,0.01239078913350492,0.18265354329324748
89,1635,0.73716112034,0.02209739,0.73716112034,65536,10,0.2425555983893506,0.08983186301604226,0.0,0.07326572042482658,0.5065641875988484,0.06355713982552075,0.02422549074542665
90,1638,0.99897744333,5.082317e-05,0.99897744333,65536,10,0.0002829555794660429,0.0,7.132299952336348e-06,2.4812220063451855e-05,0.7783309702563389,0.0,0.22135412964418752
91,1641,0.99170812283,0.008313706,1.7902074854,65536,10,0.02951278705237769,0.011164848388378373,0.0,0.0019013899048656163,0.9227549832556221,0.0,0.03466599139874479
92,1644,0.94149711782,0.02657018,0.94149711782,65536,10,0.019114901692573714,0.0,0.09063460202237753,0.001174674253146096,0.8807312865755995,0.00681755895032396,0.001526976506009931
93,1647,0.99721492583,0.0003091257,0.99721492583,65536,10,0.011844004045688849,0.14090566302969965,0.0,0.0029339376175024244,0.28006271416883155,0.0,0.5642536811382807
94,1650,0.9425999849,0.01279178,1.1345258607,65536,10,0.11720517244791819,0.03191399678764833,0.0070375025889251605,0.03464272188585474,0.41578126183800923,0.004919024242250668,0.38850032020941255
95,1653,0.92892939073,0.1471954,0.92892939073,65536,10,0.00023354739989716285,0.0,0.17297542186854223,8.246399991128319e-06,0.8260584943920605,7.755600030545478e-07,0.0007235143794492257
96,1656,0.99866241681,0.0006698577,1.7071860943,65536,10,0.00672256107509622,0.5192321025359473,0.0,0.00030510418594912497,0.4305809781794183,0.0,0.04315925402358698
97,1659,0.83698428461,0.01396665,0.83698428461,65536,10,0.1259575048047281,0.020811251892795223,0.000172470240191188,0.04049966550065697,0.7474574888690533,0.04302478558058009,0.02207683311196828
98,1662,0.99886374771,0.0001390121,0.99886374771,65536,10,0.0013484284755363373,0.0,0.0,0.0001425452199872806,0.6316592742557372,0.0,0.3668497520487564
99,1665,0.97883186084,0.01136569,1.706264523,65536,10,0.050052453243219365,0.030501221027558853,0.0006589418052596966,0.0038305357867896793,0.7902613020233734,0.0,0.12469554611379999
100,1668,0.99866298484,3.300839e-05,0.99866298484,65536,10,0.00027503567903620186,0.0,1.8502039834995047e-05,9.076839959946723e-06,0.9987353221309123,1.7451599812362718e-06,0.0009603181503064755
101,1671,0.95412010934,0.007186166,1.1595727305,65536,10,0.1561362978950472,0.10227126259507284,0.01565908526290482,0.13789472553733667,0.20073506873366928,0.057769738882844195,0.32953382109306495
102,1674,0.62915989774,0.0213591,0.62915989774,65536,10,0.4212750170009644,0.09980746166123917,0.0,0.15347095114857018,0.1412368207022703,0.120199756087078,0.06400999339985536
103,1677,0.99881383197,4.891866e-05,0.99881383197,65536,10,0.00024869509986492867,0.0,1.3624139968207108e-05,2.1462500013033394e-05,0.7784074941387182,0.0,0.2213087241214151
104,1680,0.99678706608,0.0038411,1.9074260312,65536,10,0.013433269560518681,0.017250619373556177,0.0,0.00014093125753801246,0.9544039100078343,0.0,0.014771269800558767
105,1683,0.89360103912,0.01468908,0.89360103912,65536,10,0.05655864341125667,0.015863200245953953,0.08568916264332095,0.008442458635952232,0.8031056517868308,0.02641312444039119,0.003927758836336794
106,1686,0.99811551543,0.0002364406,0.99811551543,65536,10,0.004988768360031238,0.0148360837910961,0.0,0.0007650074818430114,0.512837231391609,0.0,0.46657290897542447
107,1689,0.96928875536,0.005981953,1.462925558,65536,10,0.06895292984283141,0.05104649157026242,0.0,0.01346490948301521,0.5000364671041178,0.0013057002366518395,0.36519350176309406
108,1692,0.99865849315,3.387325e-05,0.99865849315,65536,10,0.00024275215918951158,0.0,2.012181986477923e-05,8.47471996338203e-06,0.9990179653941329,1.271059998691924e-06,0.0007094148468817312
109,1695,0.98260514512,0.01090502,1.6087280525,65536,10,0.08350194936363808,0.03746167135327483,0.0,0.0064642829937338045,0.8309133324552379,0.0,0.041658763834108596
110,1698,0.72402304179,0.02200089,0.72402304179,65536,10,0.2267229050843873,0.08760873332239223,0.0,0.06768358260726091,0.5324207809827011,0.07067362216381289,0.014890375839421514
111,1701,0.99895734643,6.759261e-05,0.99895734643,65536,10,0.00028913473925587253,0.0,3.118419984132742e-06,2.3449400004203123e-05,0.8019662866152292,0.0,0.1977180108255499
112,1704,0.9898160794,0.008295961,1.9308179869,65536,10,0.028094973226015417,0.006318330172490827,0.0,0.0010540425821832387,0.9393358759362459,0.0,0.025196778083034742
113,1707,0.99277029814,0.006612957,0.99277029814,65536,10,0.00074142555528405,0.0,0.011408811502816906,2.4826139724089275e-05,0.9876478085038226,0.00017653101833165754,5.972799856677458e-07
114,1710,0.99556520966,0.0004017413,0.99556520966,65536,10,0.06734470143685914,0.07024459690812186,0.0,0.06608111775865169,0.16589723969611694,0.0,0.6304323442002424
115,1713,0.89665738526,0.01611683,1.0034857066,65536,10,0.17709328930793547,0.024938018736904453,0.0,0.06745250808398527,0.1746802342572816,0.016296414942437488,0.5395395346714058
116,1716,0.9987177709,4.642875e-05,0.9987177709,65536,10,0.00023693851942969895,0.0,1.7506799956937932e-05,2.1078059980124438e-05,0.7847620515856042,0.0,0.21496242503505278
117,1719,0.99943778916,1.69979e-05,1.9486108848,65536,10,0.0006485551008563496,0.5875399361425764,0.0,3.057328002826448e-05,0.3719385696541033,0.0,0.039842365822427755
118,1722,0.84580551088,0.01243853,0.84580551088,65536,10,0.09625870665803571,0.021250999390872254,0.01785555723978322,0.022435550065865707,0.7742208265994996,0.061025549481646145,0.006952810564272051
119,1725,0.99763101917,0.0003233302,0.99763101917,65536,10,0.004645653062224604,0.027353385947646438,0.0,0.0004448703392084686,0.531838253516031,0.0,0.4357178371348912
120,1728,0.96736549919,0.007856434,1.7420136529,65536,10,0.07599043682161988,0.030598308576972884,0.0,0.009397544195042634,0.6958419582922362,0.0,0.1881717521140812
121,1731,0.96398702342,0.1095383,0.96398702342,65536,10,0.0002954797193783331,0.0,0.09974095873488416,8.624099985073087e-06,0.8984297301987998,1.621879995133709e-06,0.0015235853669163483
122,1734,0.96640745259,0.009505933,1.4302641547,65536,10,0.09035733584236359,0.07801861322641515,0.0012968452257927769,0.04847870470613635,0.502739977421148,0.021174156726198205,0.2579343668519054
123,1737,0.53135246376,0.01207848,0.53135246376,65536,10,0.43249384955204956,0.09492064968300158,0.0,0.15386182117339806,0.14402297285408316,0.12792672172223032,0.04677398501525024
124,1740,0.99881874866,5.639182e-05,0.99881874866,65536,10,0.00025521386003280106,0.0,1.2308599995666799e-05,2.246400007135446e-05,0.7812432289558935,0.0,0.21846678458398375
125,1743,0.99528852944,0.007617659,2.0906890887,65536,10,0.017462161747667883,0.0045319281692702915,0.0,0.000711562038236448,0.9533733828067443,0.0,0.02392096523806969
126,1746,0.88978127057,0.01613052,0.88978127057,65536,10,0.04232832607187346,0.0,0.11944940978077596,0.005145534167528734,0.8057688530198661,0.02382586035934819,0.003482016600656199
127,1749,0.99664594268,0.0005239174,0.99664594268,65536,10,0.011943249894801127,0.11187117771255983,0.0,0.0027325482149476495,0.24881374088068198,0.0,0.6246392832970117
128,1752,0.95495008751,0.01333604,1.4011840883,65536,10,0.08563501272787005,0.025326357776116953,0.0,0.02295773218683021,0.4430772258466373,0.0031319262725651455,0.4198717451899887
129,1755,0.99857273593,5.377343e-05,0.99857273593,65536,10,0.00023722185941056143,0.0,1.9166219968386377e-05,8.129479969821435e-06,0.9997340747406794,1.2105000046625044e-06,1.9719999759478562e-07
130,1758,0.98933651401,0.006816754,1.8810919852,65536,10,0.046496920651780835,0.026124129819457616,0.0,0.0033150120961532433,0.8721451874752562,0.0,0.05191874995735464
131,1761,0.75382602528,0.03113325,0.75382602528,65536,10,0.16893569751831825,0.07894550479628196,0.0,0.06060147822940921,0.5965978355583617,0.07132237652478271,0.02359710737280503
132,1764,0.99878160435,0.0001885644,0.99878160435,65536,10,0.0010992932202795193,0.0,0.0,0.00011533052155670267,0.624350107870262,0.0,0.3744352683878847
133,1767,0.98392639315,0.01264397,2.024063425,65536,10,0.04499494998382769,0.04537713476072862,0.0,0.0020038714498791057,0.837301150425783,0.0,0.0703228933797823
134,1770,0.99856930919,4.327541e-05,0.99856930919,65536,10,0.0002631413994596907,0.0,1.874651986768648e-05,8.459179976254931e-06,0.9961777594888088,2.061879980920376e-06,0.0035298315318746517
135,1773,0.93592260431,0.009233645,1.1607633862,65536,10,0.15688119052583685,0.05636935155729752,0.0036695433804266302,0.2211765078897745,0.09514660314881244,0.08361065605361849,0.3831461474442359
136,1776,0.71145339733,0.009537145,0.71145339733,65536,10,0.4440488048301611,0.05982816610859966,0.0,0.3135544685890135,0.0,0.1649568076275009,0.017611752844748488
137,1779,0.99868834994,4.48211e-05,0.99868834994,65536,10,0.0002277134198621698,0.0,1.5980780014142645e-05,1.9328139972666628e-05,0.8022726926197712,0.0,0.19746428504039545
138,1782,0.99927990309,5.504952e-05,2.1751903359,65536,10,0.0011414927217626148,0.7293313293135185,0.0,3.2613600256358684e-05,0.2570082569548456,0.0,0.012486307409595688
139,1785,0.84842303973,0.02123604,0.84842303973,65536,10,0.0751553124166673,0.01125329576235029,0.052237129126762136,0.013876870482197183,0.7836391700313379,0.061898616642675264,0.0019396055379685938
140,1788,0.99768804235,0.0003527381,0.99768804235,65536,10,0.005030325482508064,0.013884722608971545,0.0,0.0008719995981633201,0.5026967468376223,0.0,0.47751620547272877
141,1791,0.97029887642,0.006458219,1.7544027048,65536,10,0.0685080830031579,0.02413753459202012,0.0,0.011442731468184033,0.7057064812669616,0.0,0.19020516966967138
142,1794,0.99851555922,3.889071e-05,0.99851555922,65536,10,0.00023524767980633208,0.0,2.0699879970600076e-05,7.970239985024063e-06,0.9992654064089708,1.4509400043817847e-06,0.0004692248512280563
143,1797,0.97913694789,0.005929948,1.7268762968,65536,10,0.06596757179996728,0.021094219178636592,0.0,0.021762530821326353,0.7654683650122563,0.0,0.12570731318781628
144,1800,0.51558713702,0.01713307,0.51558713702,65536,10,0.38448236480977804,0.10151814132583774,0.0,0.12401496996961642,0.2091675680973582,0.13565369016916254,0.04516326562826874
145,1803,0.99884141818,5.729942e-05,0.99884141818,65536,10,0.0002685633593306362,0.0,4.898039984918165e-06,2.2944219972025142e-05,0.781353952616647,0.0,0.21834964176408306
146,1806,0.99357847577,0.004921399,2.243799048,65536,10,0.01886826974018595,0.008533586473242356,0.0,0.0009143834174288527,0.9321392155862108,0.0,0.03954454478294093
147,1809,0.98174474734,0.01048926,0.98174474734,65536,10,0.00468783997134655,0.0,0.02687121322425032,0.000371970338375579,0.9664026066331062,0.0011115565800556121,0.0005548132528993569
148,1812,0.99563325839,0.000548785,0.99563325839,65536,10,0.03012881951976763,0.13935311534237468,0.0,0.02271215515429128,0.058486405967178974,0.0,0.7493195040163948
149,1815,0.93780807412,0.0150228,1.2849069609,65536,10,0.10511795238163293,0.028428915703961364,0.0,0.03148516872439693,0.3894332822159806,0.007460289999471366,0.4380743909746052
150,1818,0.99852517382,7.201014e-05,0.99852517382,65536,10,0.00022193384003001693,0.0,2.0122680074797476e-05,1.8619140013141725e-05,0.7934557164135586,0.0,0.20628360792630052
151,1821,0.99469085793,0.002730273,2.1545159403,65536,10,0.027547398074154683,0.07760988240513683,0.0,0.00046717983067215017,0.8513806084490138,0.0,0.04299493124103011
152,1824,0.74979451321,0.0200413,0.74979451321,65536,10,0.14082027416709764,0.01888128023813755,0.010628404346457034,0.03788119612791134,0.6618651811227131,0.11011854965244781,0.019805114345248426
153,1827,0.99746687556,0.0003277303,0.99746687556,65536,10,0.004347796678167109,0.024200186427400606,0.0,0.000542252738131373,0.5195892581951014,0.0,0.4513205059612002
154,1830,0.97179008396,0.02399251,2.0593598459,65536,10,0.06211320924494348,0.05520598312049698,0.0,0.0048569118187162,0.7865206997406884,0.0,0.09130319607512323
155,1833,0.99844964453,4.681775e-05,0.99844964453,65536,10,0.00023113431930016953,0.0,2.2996359843901385e-05,7.82905997105771e-06,0.9958854738542335,1.8149799947622162e-06,0.003850751426689666
156,1836,0.95376424859,0.006175871,1.4632457369,65536,10,0.09802831485393734,0.02115696866424855,0.001129299042553563,0.07790360075052595,0.45212319708960935,0.025472800831152862,0.3241858187679616
157,1839,0.51197343203,0.01148656,0.51197343203,65536,10,0.488208828649717,0.09051983514243411,0.0,0.2135987428967893,0.0,0.1729911095492119,0.03468148376183933
158,1842,0.99867351491,5.691688e-05,0.99867351491,65536,10,0.0002357617997265676,0.0,1.2795140022917772e-05,2.016243998165074e-05,0.7923151159485875,0.0,0.20741616467170462
159,1845,0.9976618018,0.002236909,2.3791895703,65536,10,0.009521489955347089,0.032002121023208555,0.0,0.00015484715764767028,0.8925226063123206,0.0,0.06579893555148338
160,1848,0.87648910722,0.02653068,0.87648910722,65536,10,0.04701797571158156,0.018106403992427914,0.09868620456438476,0.006295819818206901,0.7838689014189933,0.038627238176625465,0.007397456317786354
161,1851,0.99620367013,0.000487473,0.99620367013,65536,10,0.011096756544078308,0.1219292232655094,0.0,0.0024239002238300575,0.2339542653485526,0.0,0.6305958546180271
162,1854,0.96511690459,0.007374931,1.7007357953,65536,10,0.07054692293690121,0.03435212795345993,0.0,0.017360895920615346,0.5977469953103115,0.0014844033929446699,0.2785086544857664
163,1857,0.99840545447,5.171737e-05,0.99840545447,65536,10,0.00022154945995912374,0.0,2.009972005909462e-05,7.852500003579295e-06,0.9962321597073418,1.403140008863173e-06,0.0035169354725958202
164,1860,0.97501957885,0.0137925,2.0071692112,65536,10,0.10056221574889794,0.02874795820780946,0.0,0.0063164796403680215,0.8174453744098454,0.0,0.04692797199302191
165,1863,0.55214421773,0.02316587,0.55214421773,65536,10,0.308216362509678,0.09001376506874008,0.0,0.11164783132810281,0.32524551533872853,0.13017828124717543,0.03469824450760226
166,1866,0.99880824361,0.0001494795,0.99880824361,65536,10,0.0007282775215472799,0.0,1.1123600059991328e-06,5.449148071310073e-05,0.6453893595841136,0.0,0.3538267590536015
167,1869,0.98957239624,0.00646968,2.3540999582,65536,10,0.030320770783976925,0.006996696477941645,0.0,0.0016247595004372252,0.8860590294769843,0.0,0.074998743760666
168,1872,0.99834513541,0.0003420639,0.99834513541,65536,10,0.0002624888592107805,0.0,0.00023557469470059642,8.581039954060249e-06,0.9994909207461856,2.123639978402022e-06,3.1101999550008674e-07
169,1875,0.9404375754,0.01440221,1.1452398989,65536,10,0.12428471992780565,0.037201217640301286,0.005613489201812595,0.23412105316386206,0.013337986711232926,0.08337166825023094,0.5020698651047546
170,1878,0.88829130455,0.01140913,1.0804363475,65536,10,0.1575935889076097,0.020430533765493756,0.0,0.06539729415930276,0.08322007634454588,0.017526142423680693,0.655832364399307
171,1881,0.99849496701,4.610887e-05,0.99849496701,65536,10,0.00021789667989333844,0.0,1.6508940071666533e-05,1.8558599991567403e-05,0.7874919415684688,0.0,0.2122550942115968
172,1884,0.99944096995,2.88697e-05,2.4205210991,65536,10,0.0005754798982401887,0.5056714469906644,0.0,2.5615039955981555e-05,0.47851317523078735,0.0,0.015214282840359502
173,1887,0.74789758445,0.02165579,0.74789758445,65536,10,0.11788336548677833,0.020126288081755248,0.08719610486771223,0.022029501041957965,0.6286083031475346,0.10903931602827724,0.015117121345935562
174,1890,0.99742022547,0.0003926174,0.99742022547,65536,10,0.004872033082115551,0.01214481141269591,0.0,0.0006257873212282271,0.508070408518118,0.0,0.474286959665842
175,1893,0.97499854291,0.007588257,2.0794890798,65536,10,0.05380943177081902,0.02840931144515987,0.0,0.009326500613570637,0.7808013514059223,0.0,0.12765340476452355
176,1896,0.9651106751,0.1052882,0.9651106751,65536,10,0.00021861659946101754,0.0,0.10000384386230585,7.291419976272284e-06,0.8986556655439545,1.7057600008298064e-06,0.0011128768143414728
177,1899,0.97104075791,0.009409925,1.7979426533,65536,10,0.07240690152619633,0.06506597984909934,0.0006656424571791872,0.027913002029774685,0.6275684486575099,0.009724817713261101,0.19665520776697898
178,1902,0.41829644627,0.0171048,0.41829644627,65536,10,0.47568161031682504,0.11319412304809283,0.0,0.17376268120429367,0.0,0.16937573573864617,0.06798584969212149
179,1905,0.99868825151,5.966048e-05,0.99868825151,65536,10,0.000245149139891203,0.0,6.420380018229904e-06,2.0743180025333997e-05,0.7999430393451371,0.0,0.19978464795490453
180,1908,0.99534124902,0.003377212,2.5539639959,65536,10,0.017318804695527806,0.007130701093140153,0.0,0.0001733890194558024,0.9338183543703644,0.0,0.041558750821501865
181,1911,0.93880153361,0.0181338,0.93880153361,65536,10,0.017870914737117147,0.0,0.08231928948089133,0.0012778867454238962,0.8876039217496003,0.009679940153955967,0.001248047133044247
182,1914,0.99551516056,0.000425233,0.99551516056,65536,10,0.020494688638345644,0.10339822356479769,0.0,0.007312323328162234,0.06443080317447719,0.0,0.8043639612942209
183,1917,0.94738880074,0.008206927,1.5728134387,65536,10,0.08856912862444152,0.028990366060601885,0.0,0.027484746140598596,0.522143371951157,0.005020361628841296,0.32779202559436654
184,1920,0.99836738915,7.940578e-05,0.99836738915,65536,10,0.00021033475998745606,0.0,2.079894012150896e-05,1.8380359999576712e-05,0.7832636500289637,0.0,0.21648683591090587
185,1923,0.99411716267,0.006449791,2.3440389544,65536,10,0.022275721318624094,0.00395679467998935,0.0,0.0007932413269049689,0.9097738639134406,0.0,0.06320037876103808
186,1926,0.65088251653,0.03173916,0.65088251653,65536,10,0.18718748155708562,0.06083997561461599,0.00045750962777209325,0.05827545350245519,0.5196713681796167,0.15457845396642608,0.018989757552044642
187,1929,0.99698451798,0.0003842325,0.99698451798,65536,10,0.004531631896911549,0.026988403714508516,0.0,0.0003576668011675278,0.5300673288535164,0.0,0.4380549687338924
188,1932,0.98819179957,0.005423119,2.4285006481,65536,10,0.030046476566247367,0.010246694294515019,0.0,0.0020486191380987813,0.875447839075571,0.0,0.08221037092556305
189,1935,0.99833194723,9.560992e-05,0.99833194723,65536,10,0.0002290293398468379,0.0,2.3002259909753175e-05,7.649779988779634e-06,0.9992825703674495,1.824019998984858e-06,0.000455924232781392
190,1938,0.93925162445,0.01325553,1.4529048566,65536,10,0.10690684810912318,0.14233776553392802,0.0020165919565007383,0.10656941494379066,0.12716727751888193,0.03467491826136684,0.480327183676439
191,1941,0.76668915291,0.02534652,0.77193019204,65536,10,0.30069883686186494,0.04993315652915111,0.0,0.1693905835770705,0.0,0.05020538589900709,0.42977203713286743
192,1944,0.99851383372,6.758249e-05,0.99851383372,65536,10,0.00021944715992883786,0.0,1.5337880072357294e-05,1.798525998877501e-05,0.8028753490405061,0.0,0.1968718806595278
193,1947,0.99934272696,4.20881e-05,2.6613355629,65536,10,0.0006395582209039155,0.5877772112330354,0.0,2.001230004990832e-05,0.3908713142525659,0.0,0.020691903993423955
194,1950,0.81987662154,0.02475372,0.81987662154,65536,10,0.06771630015908035,0.01146724562331297,0.08206502397507366,0.013540567060065048,0.7492587646817261,0.07060267650040943,0.005349422000363169
195,1953,0.99597062336,0.0006066398,0.99597062336,65536,10,0.010216136412839654,0.07379241479264223,0.0,0.0017521626190960767,0.2638101677832437,0.0,0.6504291183921754
196,1956,0.96758276182,0.007370082,2.0239865975,65536,10,0.06944451504865162,0.018953098964629263,0.0,0.01530243282262498,0.6498570169450179,0.0,0.24644293621906252
197,1959,0.99826974312,5.720557e-05,0.99826974312,65536,10,0.00021863636011782033,0.0,2.27323001173827e-05,7.69960000057242e-06,0.9992432378398679,1.6426800120290336e-06,0.0005060512198502477
198,1962,0.98093528129,0.006382952,2.1443590109,65536,10,0.062039598249785485,0.0170123282762898,0.0,0.009207876264507123,0.8244689417209519,0.0,0.08727125548846014
199,1965,0.38528784309,0.0220006,0.38528784309,65536,10,0.4255859151677867,0.08358276204845143,0.0,0.14980646706464298,0.0919115403844758,0.18575967232531945,0.06335364300933591
200,1968,0.99869259791,0.0001006321,0.99869259791,65536,10,0.0004652695427651274,0.0,1.0170800050290977e-06,2.7418919979624386e-05,0.7138852594996484,0.0,0.2856210349575806
201,1971,0.98782153542,0.01816821,2.6808164521,65536,10,0.03673521678847741,0.009695601207482217,0.0,0.0005515998971262644,0.9039305539561846,0.0,0.04908702815072647
202,1974,0.99197511586,0.01133246,0.99197511586,65536,10,0.0004306217623775411,0.0,0.017389365433760916,8.28593996475131e-06,0.9816397360705238,9.809316045258236e-05,0.00043389763289531356
203,1977,0.94029671599,0.005704023,1.0817085268,65536,10,0.1152598043814178,0.01946483932471391,0.00414219520803413,0.3414475542645518,0.0,0.13794209051355416,0.3817435163077144
204,1980,0.90744557013,0.01558335,1.3607252665,65536,10,0.13294676208681686,0.03104600665770203,0.0,0.050702777765846196,0.2483050784440894,0.013305206911769842,0.5236941681337531
205,1983,0.99834163528,3.664296e-05,0.99834163528,65536,10,0.00021087025985982994,0.0,1.931170012236591e-05,1.772633998054693e-05,0.7957814596662021,0.0,0.20397063203385807
206,1986,0.99614439886,0.004766289,2.644062965,65536,10,0.017262105117813092,0.04477043798815707,0.0,0.00048479228051132565,0.9104329237679843,0.0,0.02704974084554019
207,1989,0.6523859371,0.03541389,0.6523859371,65536,10,0.1351043704596922,0.06965786957783007,0.07756885232288284,0.03457524982189305,0.4893246763662464,0.17935574463054765,0.014413236820962556
208,1992,0.99706687401,0.0004220309,0.99706687401,65536,10,0.004804905128168032,0.01130889842621248,0.0,0.0006086243805642707,0.5175369790313641,0.0,0.46574059303369075
209,1995,0.96383785926,0.01869489,2.3978290493,65536,10,0.07756297594412964,0.049312731420196355,0.0,0.006010868283567919,0.786386404478982,0.0,0.0807270198730922
210,1998,0.96489879209,0.1052726,0.96489879209,65536,10,0.00020881409967983005,0.0,0.10000412962258506,7.1109799830238254e-06,0.8986664049248937,1.6927600053041166e-06,0.0011118476128213436
211,2001,0.95987537296,0.00978856,1.8278876731,65536,10,0.08352203347056968,0.030490454948109477,0.0,0.04826336764399159,0.5802481637626198,0.014481696476357728,0.24299428369836168
212,2004,0.4735928007,0.01931887,0.4735928007,65536,10,0.4723257331028316,0.06166225836175252,0.0,0.19468551203605433,0.0,0.18946404770049433,0.08186244879884749
213,2007,0.99854425956,4.107688e-05,0.99854425956,65536,10,0.00022634118021902768,0.0,1.1520620069580315e-05,1.8562520015849096e-05,0.7759389365779341,0.0,0.22380463910173937
214,2010,0.9945434157,0.006172674,2.8656253399,65536,10,0.02404019494117656,0.04371952407986999,0.0,0.0002967570409075779,0.8656969607289866,0.0,0.06624656320906344
215,2013,0.8525620343,0.01715876,0.8525620343,65536,10,0.04048045073203619,0.0,0.1427669550584067,0.00780547426831288,0.7729875330913535,0.035544982220910626,0.000414604628950414
216,2016,0.99509550918,0.0004048898,0.99509550918,65536,10,0.016790143175925695,0.0880725922646671,0.0,0.004684598146720255,0.09009487751362226,0.0,0.8003577888990675
217,2019,0.96231376554,0.009855823,1.9185190941,65536,10,0.07217727385782616,0.026730871930593012,0.0,0.02022715161948417,0.5703638749415127,0.0018635774806284875,0.30863725016991717
218,2022,0.99820034463,9.353842e-05,0.99820034463,65536,10,0.00021302439986471385,0.0,2.2080160136784135e-05,7.455859996426724e-06,0.998420072390732,1.5962800108787018e-06,0.0013357709092845771
219,2025,0.97618677761,0.01536439,2.4700194735,65536,10,0.08179418097173952,0.027962043645705367,0.0,0.003789295583065139,0.811903986891622,0.0,0.07455049290786395
220,2028,0.41942482194,0.03776344,0.41942482194,65536,10,0.30656302302159666,0.07058503782435552,0.0,0.10594727928516273,0.23040226899993238,0.2495911153072566,0.03691127556172072
221,2031,0.99702095257,0.0004801849,0.99702095257,65536,10,0.003849872483800576,0.0,0.0,0.00040661367872858967,0.5585060577238352,0.0,0.43723745611362236
222,2034,0.98914069271,0.005434517,2.7901688388,65536,10,0.02864942762225206,0.014519904830730016,0.0,0.002667269018830001,0.892940102441419,0.0,0.061223296086777616
223,2037,0.99822620025,5.698396e-05,0.99822620025,65536,10,0.00022870923920367996,0.0,2.2214719846603886e-05,7.856599963974828e-06,0.9989959791211813,1.8507199895808157e-06,0.0007433895998504708
224,2040,0.92759193373,0.01303297,1.4076932275,65536,10,0.1154091099772899,0.0647014689871863,0.0,0.13284228485686056,0.0592925725701713,0.05615190898906346,0.5716026546194387
225,2043,0.89291828455,0.01566409,1.1418715758,65536,10,0.1354915499368594,0.04690617987619422,0.0,0.06099740921556084,0.0,0.01824395624339587,0.7383609047280265
226,2046,0.99829034797,6.707061e-05,0.99829034797,65536,10,0.00021226643998927875,0.0,1.6043360105138422e-05,1.8370099980762485e-05,0.7786190958776577,0.0,0.2211342242222885
227,2049,0.99939901198,3.082364e-05,2.9381745367,65536,10,0.000550077760653562,0.6741215892157991,0.0,2.1659520029200288e-05,0.3177271578517704,0.0,0.007579515651738661
228,2052,0.67831094137,0.03989169,0.67831094137,65536,10,0.10548810717267951,0.017017183468292986,0.12543634999830414,0.026572677415830765,0.5666268808289298,0.14655082680598291,0.012307974309922825
229,2055,0.99616963293,0.0004267199,0.99616963293,65536,10,0.007959543035352146,0.06283411187232893,0.0,0.0012081253011066526,0.3261587760680355,0.0,0.6018394437231742
230,2058,0.97063323081,0.009769773,2.3905634845,65536,10,0.06337333842656726,0.035459687417650675,0.0,0.013334305073467568,0.6960161254996351,0.0,0.1918165435826379
231,2061,0.99810322053,6.704152e-05,0.99810322053,65536,10,0.00021008873988470928,0.0,2.2476460113431645e-05,7.450579992961273e-06,0.9983602568060816,1.6285000105466926e-06,0.0013980989139302747
232,2064,0.97524283079,0.005043641,2.2290584428,65536,10,0.06326547433901535,0.08152078683536133,0.0,0.022120027380874787,0.6523655052275982,0.00516974011537851,0.17555846610177478
233,2067,0.3513586059,0.02823966,0.3513586059,65536,10,0.4740794675844149,0.08345852035890931,0.0,0.1668831505241502,0.0,0.20045965077469957,0.07511921075784031
234,2070,0.99855188271,4.855205e-05,0.99855188271,65536,10,0.00024936120008949464,0.0,4.63630001550556e-06,2.2114440015686673e-05,0.7425291044567579,0.0,0.2571947836031
235,2073,0.99852046579,0.00180247,3.0638196323,65536,10,0.003615411615041066,0.0013621325408867577,0.0,0.0002635306987332151,0.9872575454367323,0.0,0.007501379708597198
236,2076,0.97703430775,0.01473523,0.97703430775,65536,10,0.0030948016140442155,0.0,0.04424030637557585,0.0003363911355636499,0.9472079474361643,0.0008816914493216102,0.004238861989365069
237,2079,0.97059562411,0.001514926,1.0047181265,65536,10,0.13525038905150313,0.006578510200784584,0.0009137016361719605,0.4769629744417222,0.0,0.2816439196012999,0.09865050506848583
238,2082,0.94699960382,0.006952868,1.7363200744,65536,10,0.08269036590980404,0.04012267322060455,0.0,0.02957239709431781,0.4440302928614889,0.006056990527934855,0.3975272803858345
239,2085,0.99813087529,9.574016e-05,0.99813087529,65536,10,0.00019613360012208793,0.0,2.0235380157825906e-05,1.60358199700789e-05,0.8081768454563492,0.0,0.1915907497433788
240,2088,0.99137769162,0.00714698,2.8531152902,65536,10,0.03390411870177472,0.018497892754818487,0.0,0.0017909778929985649,0.9161580528073525,0.0,0.029648957843047836
241,2091,0.51759864612,0.02519692,0.51759864612,65536,10,0.19189158164247969,0.05369112286864844,0.0121157879091365,0.07851785433649791,0.38067035890982087,0.24844473630401506,0.03466855802942994
242,2094,0.99691704576,0.0003280371,0.99691704576,65536,10,0.004316975761559628,0.010625825225285344,0.0,0.00048351619799433785,0.5001781883379219,0.0,0.48439549447724634
243,2097,0.96923657787,0.06036785,2.7912877619,65536,10,0.05905778996419005,0.009377434656453973,0.0,0.0029406198001039824,0.8412177188949876,0.0,0.08740643668433412
244,2100,0.96477856323,0.1052395,0.96477856323,65536,10,0.00019962153977713968,0.0,0.10000474159294716,6.932939979268989e-06,0.899457157551881,1.6965600053887477e-06,0.000329849815367332
245,2103,0.94411482459,0.007871435,1.814009685,65536,10,0.10158700399249294,0.018006480607201746,0.0,0.07479311722297916,0.36683521413220327,0.021709387125901706,0.41706879691922577
246,2106,0.72297940606,0.03166025,0.72297940606,65536,10,0.3290864962844165,0.026553124298705325,0.0,0.381801536459862,0.0,0.24520321165608217,0.017355631300952308
247,2109,0.99830943142,9.795041e-05,0.99830943142,65536,10,0.00021420447986302202,0.0,1.4967280088593671e-05,1.855369999240495e-05,0.776938510716918,0.0,0.22281376382315904
248,2112,0.99933051989,4.538242e-05,3.2053721607,65536,10,0.000706818365861453,0.39222888268298245,0.0,2.66119402039434e-05,0.5884788294659858,0.0,0.018558857544959593
249,2115,0.78482950187,0.02815495,0.78482950187,65536,10,0.06444329568808904,0.014352252049597053,0.1296382449292308,0.011888377300171189,0.696677634936466,0.07694215965935879,0.006058035437127183
250,2118,0.99456084801,0.0004356212,0.99456084801,65536,10,0.014398672750432339,0.07451867147899696,0.0,0.003383354095022198,0.11227432395961084,0.0,0.7954249777159411
251,2121,0.96650070364,0.009062907,2.2987426403,65536,10,0.06835612882926385,0.045826167029318264,0.0,0.01717782442853289,0.574700268074147,0.0008880976654718335,0.29305151397322493
252,2124,0.9979963506,5.948779e-05,0.9979963506,65536,10,0.00020241979993282223,0.0,2.181932015276154e-05,7.369819996960748e-06,0.9997664878799252,1.5877200120550559e-06,3.1546000519201783e-07
253,2127,0.97664696129,0.01215406,2.6223543165,65536,10,0.07310897117844238,0.018400433861446477,0.0,0.007154239377882778,0.7968122498182679,0.0,0.10452410576400074
254,2130,0.32535451099,0.02444621,0.32535451099,65536,10,0.3885369949773894,0.07785494150811717,0.0,0.1838138658145997,0.08461968356954386,0.20726837954622646,0.05790613458410422
255,2133,0.99732656332,0.0003716319,0.99732656332,65536,10,0.0027901642878546346,0.0,0.0,0.0002016081797382208,0.5786997037137555,0.0,0.4183085238186412
256,2136,0.98985782515,0.009537488,3.1841715586,65536,10,0.028320596415479463,0.00472349369306797,0.0,0.0011977366794069535,0.9285308129028973,0.0,0.037227360309185054
257,2139,0.99808040371,6.053867e-05,0.99808040371,65536,10,0.00023198833961053146,0.0,2.2953359865713097e-05,7.811079976459761e-06,0.9996044448843081,1.9123599888296317e-06,0.00013088997621920899
258,2142,0.93000936365,0.01109878,1.3432459461,65536,10,0.09357085287320113,0.029352844260680144,0.0005130303993471136,0.17187057276332157,0.0,0.05826253742350751,0.6464301622799334
259,2145,0.89678881238,0.02051805,1.4423937246,65536,10,0.13649707245996132,0.023908353964201174,0.0,0.06009285511577813,0.11248206990623423,0.015079071808632877,0.6519405767452278
260,2148,0.99810888732,7.776856e-05,0.99810888732,65536,10,0.00020036930006675198,0.0,1.890904014460568e-05,1.7214579993344816e-05,0.7878127943441685,0.0,0.21195071273560584
261,2151,0.99535695614,0.002431881,3.2062352733,65536,10,0.02163027576513465,0.09733996613136935,0.0,0.00028456085966321507,0.8366257958648095,0.0,0.044119401379016654
262,2154,0.57054099716,0.02682767,0.57054099716,65536,10,0.13995077432974654,0.057970900907512474,0.1451171503706358,0.0381120822367659,0.3829965597097289,0.21078287439291743,0.025069658052736785
263,2157,0.99618597002,0.0003163576,0.99618597002,65536,10,0.0063797264852800345,0.05188222928196554,0.0,0.0008383417429622435,0.3879157929622445,0.0,0.5529839095275443
264,2160,0.96941372153,0.01051109,2.7955846872,65536,10,0.06311369348199429,0.05338380011546395,0.0,0.009012627116651722,0.746291604895924,0.0,0.12819827438996784
265,2163,0.99796161866,7.273778e-05,0.99796161866,65536,10,0.00020262149971586677,0.0,2.227904011193841e-05,7.270279987892325e-06,0.9997660348602098,1.6223200081209674e-06,1.7199999919072593e-07
266,2166,0.96887692833,0.006422118,2.2849978339,65536,10,0.07119748850255622,0.038524420310048366,0.0,0.026799045421423688,0.6159830450115054,0.0077553156335344355,0.23974068512091035
267,2169,0.41044580126,0.01355997,0.41044580126,65536,10,0.47498264679601304,0.05537920111288732,0.0,0.194049554361101,0.0,0.2023746865478168,0.07321391118217487
268,2172,0.99834471969,5.392395e-05,0.99834471969,65536,10,0.00022062665998853046,0.0,1.1313960047932728e-05,1.853285997116939e-05,0.7871690142003679,0.0,0.2125805123196468
269,2175,0.99562456781,0.004014114,3.4336407824,65536,10,0.018800624079015747,0.030485993220391666,0.0,0.0005595336793095167,0.9158532589876703,0.0,0.034300590033604174
270,2178,0.92936903064,0.01855252,0.92936903064,65536,10,0.018353200512748195,0.0,0.08517272992310305,0.0023062518368287244,0.8782932202331873,0.011985604513677537,0.0038889929804889205
271,2181,0.99524331145,0.0004424832,0.99524331145,65536,10,0.020374611959234703,0.08462540273338152,0.0,0.013593006124987532,0.006725306317473818,0.0,0.8746816728649233
272,2184,0.94910061879,0.01430374,2.1150855587,65536,10,0.08613571299196168,0.030455502923370095,0.0,0.02893917460006223,0.5354094203088134,0.004192306841905098,0.3148678823339376
273,2187,0.99789617404,6.139383e-05,0.99789617404,65536,10,0.00018478269998702254,0.0,2.3022540179450047e-05,1.549755998231774e-05,0.8077656450336438,0.0,0.1920110521662112
274,2190,0.977082371,0.02222334,3.0247569493,65536,10,0.07073464054408808,0.008201217302697402,0.0,0.0030848421098994654,0.8500233499887779,0.0,0.0679559500545335
275,2193,0.40099558106,0.03541133,0.40099558106,65536,10,0.24390253382248558,0.043782817086819796,0.0,0.09921078960265334,0.2662254796230662,0.30813588425726374,0.03874249560775146
276,2196,0.99656106642,0.000327891,0.99656106642,65536,10,0.004224594202292359,0.013283549350982948,0.0,0.00044235076106814383,0.4813778048307295,0.0,0.5006717008549257
277,2199,0.98286754995,0.01409996,3.2619876645,65536,10,0.044770133443803796,0.002704629277590547,0.0,0.002239623785543058,0.8970178376195518,0.0,0.053267775873505646
278,2202,0.99789995742,4.835962e-05,0.99789995742,65536,10,0.0002092706999227386,0.0,2.1416100040145912e-05,7.167119998462694e-06,0.999544426441665,1.714780002057673e-06,0.0002160048583386535
279,2205,0.92237175422,0.01057048,1.7533170113,65536,10,0.12895395221424785,0.1501744832975961,0.0,0.0985859353362948,0.0647238010278814,0.03196896236397295,0.5255928657599674
280,2208,0.89538822224,0.02268407,1.1760714442,65536,10,0.12096878831560641,0.02523969779167349,0.0,0.060483419520166185,0.0,0.019813426488882565,0.7734946678837156
281,2211,0.99805814106,8.041751e-05,0.99805814106,65536,10,0.00020115721996286673,0.0,1.5704120110639527e-05,1.688391997369795e-05,0.7771454730541706,0.0,0.22262078168580782
282,2214,0.99938948174,2.340723e-05,3.551053349,65536,10,0.0005071470782386977,0.6536292191340319,0.0,1.9024899938513897e-05,0.33233260466930653,0.0,0.013512004218492704
283,2217,0.63857828814,0.0305699,0.63857828814,65536,10,0.09306468915786165,0.01843076254592853,0.17869993048070218,0.021615656153223858,0.5251560451932313,0.144259961981502,0.018772954487497193
284,2220,0.99439475943,0.000458542,0.99439475943,65536,10,0.011588699868756902,0.08266754394836814,0.0,0.0025713531180994145,0.13686165001023523,0.0,0.7663107530545399
285,2223,0.9677755697,0.008099089,2.7346275498,65536,10,0.0714103339402122,0.03005274138122688,0.0,0.013492127376105178,0.6255700783789216,0.0,0.25947471892350554
286,2226,0.99778152513,7.144113e-05,0.99778152513,65536,10,0.00019586445996568205,0.0,2.1663300173708243e-05,7.0397600035826085e-06,0.9997735745598143,1.589240012029729e-06,2.6867999882456793e-07
287,2229,0.98062173932,0.005583331,2.7690114836,65536,10,0.05171055609732916,0.012359839666802699,0.0,0.013569202206727856,0.7586703852934702,0.0,0.16369001673566658
288,2232,0.28385191051,0.01858878,0.28385191051,65536,10,0.46488556507922246,0.06959869854835588,0.0,0.17721557664938475,0.0,0.22282357925933638,0.0654765804637061
289,2235,0.99819689521,0.0002370241,0.99819689521,65536,10,0.0007696644150452505,0.0,3.0456580339140507e-05,9.898556001074495e-05,0.6679185523172079,0.0,0.3311823411274151
290,2238,0.99426774521,0.01069321,3.6352914434,65536,10,0.018768255469962608,0.007312009052761615,0.0,0.0004714914811100279,0.9612179613991102,0.0,0.012230282597056557
291,2241,0.99697296058,0.002865309,0.99697296058,65536,10,0.00027138185876755713,0.0,0.0021874487785402226,7.518719965508012e-06,0.9938882296577651,4.279833980833179e-05,0.003602622645185784
292,2244,0.93051108586,0.008864122,1.2312915248,65536,10,0.08448593171172522,0.013062694115827908,0.0003211747126338275,0.21042287527508854,0.0,0.08797421922573327,0.603733104958995
293,2247,0.92531653696,0.01009547,1.8574102947,65536,10,0.10676371666309711,0.029988148217312133,0.0,0.043011322226231295,0.3056759916186642,0.009967605450239694,0.504593215824479
294,2250,0.99789574068,8.611045e-05,0.99789574068,65536,10,0.00019835541996191932,0.0,1.9805620151405405e-05,1.7661059949405648e-05,0.7568079679958436,0.0,0.24295620990411612
295,2253,0.99443889061,0.004728628,3.4936463955,65536,10,0.021087301299652653,0.010475155823238437,0.0,0.0010857656570071057,0.9471450657060393,0.0,0.02020671151406811
296,2256,0.44764604845,0.02396353,0.44764604845,65536,10,0.16694644237498493,0.03865719912243672,0.10785926947611446,0.053696436028388826,0.29992823903298566,0.30801428246159795,0.024898131503459528
297,2259,0.99593373718,0.0002160065,0.99593373718,65536,10,0.0055827949472507035,0.05809574239118806,0.0,0.0006890683615609689,0.3586730192251726,0.0,0.5769593750748255
298,2262,0.97065915826,0.01617418,3.2683913845,65536,10,0.062218674450820764,0.008579165374977868,0.0,0.004770889562682979,0.8219522648518881,0.0,0.10247900575958672
299,2265,0.997724762,0.0001059385,0.997724762,65536,10,0.0001919151999466197,0.0,2.212856014723977e-05,6.844400001398588e-06,0.998114534835625,1.6203000117807663e-06,0.0016629567042338244
300,2268,0.95160285084,0.006251268,2.2870064608,65536,10,0.09431541193104458,0.021397962541288475,0.0,0.051107065874167135,0.5063396871160658,0.012242855141627998,0.3145970173958158
301,2271,0.62343374968,0.01579271,0.62343374968,65536,10,0.3731507592922432,0.029268995550015033,0.0,0.3200611802844927,0.0,0.2293803560256957,0.0481387088475442
302,2274,0.99811044317,7.610951e-05,0.99811044317,65536,10,0.0002064265398361501,0.0,1.2998300079214103e-05,1.760237997059427e-05,0.7861979292542925,0.0,0.21356504352584715
303,2277,0.99916173785,0.0001188695,3.864921527,65536,10,0.0018932136874262,0.6785902141177304,0.0,5.730035963900458e-05,0.3056566923525681,0.0,0.013802579482646316
304,2280,0.81069213988,0.02684424,0.81069213988,65536,10,0.06278660723392308,0.02369980795148143,0.12781765438257614,0.010830066452045334,0.7127128597170607,0.06148844955579711,0.0006645547071634646
305,2283,0.99423221475,0.0004249185,0.99423221475,65536,10,0.017420141135761645,0.06840751080854705,0.0,0.005568101464469178,0.021498271184941,0.0,0.8871059754062814
306,2286,0.96392246495,0.006790869,2.6008962604,65536,10,0.0680037325664934,0.034123042888857515,0.0,0.019228281986588748,0.5747419073830213,0.0021623962116895457,0.30174063896334835
307,2289,0.99768192372,8.823021e-05,0.99768192372,65536,10,0.0001947404601978196,0.0,2.1331520198152667e-05,7.056880009732329e-06,0.9995393055367172,1.5546400137662892e-06,0.0002360109628340109
308,2292,0.97395871249,0.02289448,3.2276649325,65536,10,0.07336883754577901,0.005315923039661346,0.0,0.004421694061129882,0.8205783171952895,0.0,0.09631522815813863
309,2295,0.26091136763,0.03623966,0.26091136763,65536,10,0.3094385599258814,0.05370658919714514,0.0,0.1378078175463179,0.08759564637231647,0.3562702981463201,0.0551810888120428
310,2298,0.99604344624,0.0003942574,0.99604344624,65536,10,0.004165542059797589,0.01708048738441988,0.0,0.0003055272386623678,0.5109127201353615,0.0,0.4675357231817514
311,2301,0.99413003845,0.006576843,3.7993436577,65536,10,0.015970979439559916,0.005955191335144096,0.0,0.0007563738906896224,0.9036605708150407,0.0,0.07365688451955775
312,2304,0.99776322562,9.17721e-05,0.99776322562,65536,10,0.00020263295973749668,0.0,2.1720360002718966e-05,7.594979985825201e-06,0.999272020969946,1.7279800006461727e-06,0.0004943027502964014
313,2307,0.9198230081,0.01280044,1.6918814802,65536,10,0.1158260167668059,0.07154436497519386,0.0,0.11103975538199709,0.0,0.04373409637028402,0.6578557665057316
314,2310,0.89955514683,0.02610955,1.5368864545,65536,10,0.12359990766684965,0.055859135696414,0.0,0.06051420201605513,0.0,0.015406113683544715,0.7446206409371336
315,2313,0.99775890227,6.183001e-05,0.99775890227,65536,10,0.00019102492004689583,0.0,1.9798140161729376e-05,1.605501997029835e-05,0.8005694137678923,0.0,0.19920370815190475
316,2316,0.99774667489,0.0009338694,3.9218069985,65536,10,0.01111449767280833,0.32017792911266696,0.0,0.0008073285167182077,0.6462179446890194,0.0,0.021682300008795934
317,2319,0.51104008188,0.03625491,0.51104008188,65536,10,0.11843359962149747,0.04254833569644519,0.2417920686941879,0.0299480717930695,0.34737048475064014,0.20701118137419205,0.012896258069921888
318,2322,0.9944401022,0.0006675205,0.9944401022,65536,10,0.009495334591265727,0.02766970050181285,0.0,0.0016739405557761797,0.24366963363131303,0.0,0.7174913907198321
319,2325,0.97364308443,0.006168914,3.2651272968,65536,10,0.052358114104719786,0.031025169462578498,0.0,0.013046369502808705,0.7644773347289155,0.0,0.1390930122009414
320,2328,0.99755619023,9.95721e-05,0.99755619023,65536,10,0.00019104086024761006,0.0,2.15656201962402e-05,7.096280013219196e-06,0.9982289951132154,1.5835400139764066e-06,0.0015497185862818235
321,2331,0.97194651805,0.006119017,2.8669574783,65536,10,0.06458739940883032,0.0441582443778308,0.0,0.018117471860019232,0.640397709849006,0.005597877204225152,0.22714129730007704
322,2334,0.34596973931,0.03269363,0.34596973931,65536,10,0.46383020612477827,0.04872351818287059,0.0,0.18724117435829798,0.0,0.21574655518435173,0.08445854614971089
323,2337,0.99816877824,4.639516e-05,0.99816877824,65536,10,0.00023200105999542046,0.0,5.659320032690116e-06,1.9411439982627372e-05,0.7304477294342588,0.0,0.26929519874575414
324,2340,0.99362122384,0.006825495,4.1307085448,65536,10,0.025400281662237595,0.022509505038559335,0.0,0.0006422799057925596,0.9357029765907783,0.0,0.01574495680263782
325,2343,0.97511044097,0.01314845,0.97511044097,65536,10,0.0023275332128634947,0.0,0.04438555730928201,0.00039059214070915916,0.9496010182224732,0.0015193678390065617,0.0017759312757047174
326,2346,0.94642254,0.006086867,1.0836722931,65536,10,0.07426019532083702,0.006263114714028695,0.0006354919734018828,0.30538275447691476,0.0,0.14856935374985744,0.4648890897649544
327,2349,0.95660338054,0.01222831,2.3863704449,65536,10,0.06853334119807804,0.021961437920659223,0.0,0.02429307563475956,0.4299937719518617,0.005139157515634246,0.45007921577900295
328,2352,0.9976070611,6.375031e-05,0.9976070611,65536,10,0.0001882863998231924,0.0,2.2734620167761623e-05,1.6510979983475655e-05,0.7642077710225974,0.0,0.2355646969774515
329,2355,0.9907976302,0.004066301,3.7914458144,65536,10,0.029003251091385806,0.009511428753040629,0.0,0.0035975821844014735,0.9079708718571138,0.0,0.0499168661140599
330,2358,0.39746848371,0.04704042,0.39746848371,65536,10,0.17629973275713612,0.03421685020826019,0.01173745512492339,0.06537873027064366,0.3084490659109716,0.37960937310612164,0.02430879262199538
331,2361,0.99548814121,0.0003622443,0.99548814121,65536,10,0.005425031489043296,0.0590361040326015,0.0,0.0005190231216047278,0.3787511551139755,0.0,0.5562686862427735
332,2364,0.98424294114,0.01169403,3.8754565807,65536,10,0.039577513577125994,0.011480065118566644,0.0,0.002278427817929082,0.8875746455808711,0.0,0.059089347905497656
333,2367,0.96429603305,0.1052101,0.96429603305,65536,10,0.00018585659960232312,0.0,0.1000068995847054,6.834999986454136e-06,0.8991233067078227,1.6177600096659327e-06,0.0006754843479174935
334,2370,0.93915773711,0.008008046,2.2726883521,65536,10,0.10409583000745475,0.03886667831999462,0.0,0.06189995530671749,0.3441103903065671,0.019166856145873636,0.43186028991336023
335,2373,0.88765706589,0.02636629,1.1763189828,65536,10,0.12217656862079777,0.017487239311973688,0.0,0.05962498301430468,0.0,0.02657777142571217,0.7741334376271888
336,2376,0.99784026296,9.203819e-05,0.99784026296,65536,10,0.00020250751988835344,0.0,1.5545540114836558e-05,1.7098879959520128e-05,0.7616754675234699,0.0,0.2380893805365893
337,2379,0.9993731861,1.166094e-05,4.3424912027,65536,10,0.0005192363800838063,0.617585172248534,0.0,1.864485999960636e-05,0.35979995676927196,0.0,0.02207698974210201
338,2382,0.63203676521,0.02769878,0.63203676521,65536,10,0.08787352666076248,0.011072651971265546,0.20600876608528682,0.024510401465555127,0.5228447965349977,0.13891359068546033,0.008776266596735086
339,2385,0.99324102919,0.0005758892,0.99324102919,65536,10,0.015160093386628194,0.08310688627560414,0.0,0.0035946913237024504,0.029260638350019172,0.0,0.8688776906640482
340,2388,0.971163125,0.008694673,3.1752481861,65536,10,0.05815991682695987,0.07672125606747979,0.0,0.01345228298853828,0.6207693388736848,0.0008385054426264278,0.23005869980068022
341,2391,0.99739390918,8.395174e-05,0.99739390918,65536,10,0.00018663783990113602,0.0,2.1206240167645513e-05,6.957920002758017e-06,0.9993803431326551,1.5604400132346045e-06,0.00040329442729216915
342,2394,0.97430646004,0.01542058,3.4505101342,65536,10,0.06659855731278837,0.012799840689334532,0.0,0.008711481599479232,0.7743616414482419,0.0,0.13752847895015297
343,2397,0.19305166049,0.02638606,0.19305166049,65536,10,0.39026927929023225,0.05194851671831514,0.0,0.15931077448050776,0.0,0.3467164179508464,0.05175501156009122
344,2400,0.99606756407,0.0003223911,0.99606756407,65536,10,0.003502348068504494,0.0,0.0,0.0002450337593057417,0.5127533764966796,0.0,0.4834992416754998
345,2403,0.99328751322,0.01028345,4.3858881748,65536,10,0.018439713498196904,0.006754354413343707,0.0,0.0013009561834349311,0.946801535746195,0.0,0.026703440158828293
346,2406,0.997595507,8.917809e-05,0.997595507,65536,10,0.00020169765941033735,0.0,2.1986559917035496e-05,6.966119973102055e-06,0.999116180003522,1.7760399970831623e-06,0.0006513936172150295
347,2409,0.91310360788,0.02074408,1.5805431103,65536,10,0.10302164945041802,0.02516751771760777,4.581291878661171e-05,0.1365740017601567,0.0,0.0568950778488447,0.6782959403041762
348,2412,0.92367905998,0.01388785,2.0367844897,65536,10,0.10134123909479163,0.023123307609072146,0.0,0.047826608372675994,0.13564374761372333,0.010137500004672109,0.681927597305025
349,2415,0.99747281674,9.4598e-05,0.99747281674,65536,10,0.000184176200111267,0.0,2.26418401991514e-05,1.5028179983419194e-05,0.772680453396785,0.0,0.22709770038289637
350,2418,0.99610384467,0.005044915,4.3433629556,65536,10,0.013801592403287906,0.008107692424344465,0.0,0.0012849093186259354,0.954555662852147,0.0,0.022250143001605195
351,2421,0.43763584592,0.04630434,0.43763584592,65536,10,0.12266827155555254,0.025433702769027903,0.20791974225491233,0.043997415254278936,0.2875311411326593,0.2909261462901525,0.021523580743363527
352,2424,0.99509684389,0.0002685786,0.99509684389,65536,10,0.006661222983251646,0.027956186885583663,0.0,0.000981793380922071,0.34829637573066163,0.0,0.6161044210195817
353,2427,0.98201930891,0.0127152,3.9247207244,65536,10,0.036507757934774954,0.015038183672998416,0.0,0.005311148256100155,0.850830938433243,0.0,0.09231197170290316
354,2430,0.9972864509,8.906128e-05,0.9972864509,65536,10,0.00018970782014111358,0.0,2.1465300193066255e-05,7.109720008314862e-06,0.9974785081325617,1.567620014298089e-06,0.002301641407052226
355,2433,0.96030631173,0.008488421,2.947033774,65536,10,0.08029495529191864,0.03736928935053998,0.0,0.0363829749760388,0.5117347278552448,0.007932501161488097,0.3262855513647826
356,2436,0.52968216767,0.01953857,0.52968216767,65536,10,0.39124130029432097,0.029658822623258193,0.0,0.2375632187211277,0.0,0.24046851346862458,0.10106814489270333
357,2439,0.99777895151,5.643221e-05,0.99777895151,65536,10,0.00020156174002091432,0.0,1.1129000074295941e-05,1.6200399979871046e-05,0.7644977427827496,0.0,0.23527336607719537
358,2442,0.99749567835,0.0009130821,4.7400527059,65536,10,0.012663834653651415,0.41705347601634374,0.0,0.00030973492071045226,0.5471174835552005,0.0,0.022855470854111624
359,2445,0.89595151084,0.02541418,0.89595151084,65536,10,0.03064649935300187,0.0,0.10769285173978888,0.004926269042297962,0.8261608754739215,0.02183488701867393,0.008738617372356077
360,2448,0.99500869503,0.0007029098,0.99500869503,65536,10,0.020952888299544545,0.052169992998642584,0.0,0.021051971131160134,0.0019697705916551793,0.0,0.903855376978988
361,2451,0.96193246029,0.008584744,2.9877208886,65536,10,0.06690982440299728,0.024326686461716845,0.0,0.02076151560520014,0.5861978781546031,0.003338246013948919,0.2984658493614901
362,2454,0.99723804017,0.0001420001,0.99723804017,65536,10,0.00017957780011104525,0.0,2.2628500195822073e-05,1.4891759963993621e-05,0.7810690826090728,0.0,0.21871381933063222
363,2457,0.98659631904,0.005914967,4.1265547211,65536,10,0.039506163035077285,0.009860276751079297,0.0,0.0029929353762847724,0.8530288342446997,0.0,0.09461179059285925
364,2460,0.21720879289,0.04058199,0.21720879289,65536,10,0.2219692935310132,0.027757621419482986,0.006319924211704256,0.09341255186856565,0.12971770455741463,0.4933150336146877,0.027507870797146262
365,2463,0.99493051106,0.0006572981,0.99493051106,65536,10,0.00509440327772893,0.008941048485773888,0.0,0.00044899251852664735,0.4413307622285294,0.0,0.5441847934894417
366,2466,0.98331706561,0.01457686,4.5593646753,65536,10,0.04078974913798305,0.008767355303134302,0.0,0.001169592893470313,0.8705736653236997,0.0,0.07869963734177433
367,2469,0.94735056133,0.1579397,0.94735056133,65536,10,0.00018159819989831846,0.0,0.10000909657471385,6.358819994707777e-06,0.8988578468405871,1.6377600103634426e-06,0.0009434618047580866
368,2472,0.91811981753,0.01290988,2.2110190137,65536,10,0.12425977949139974,0.09766656735729552,0.0,0.09255519148186932,0.0384286750527945,0.02587036650003927,0.6212194201165802
369,2475,0.89401143054,0.02153929,1.6251975371,65536,10,0.12655525083102773,0.03819495149309778,0.0,0.062474342971696774,0.0,0.017834001387372095,0.7549414533168165
370,2478,0.99746817941,8.838416e-05,0.99746817941,65536,10,0.00018161662007206797,0.0,1.963260017236701e-05,1.4568039993089815e-05,0.7744077568863552,0.0,0.22537642585338288
371,2481,0.99872148122,0.0002049135,4.9107057206,65536,10,0.005781309268305621,0.5420550567273548,0.0,0.00017903577862134993,0.4365357346310196,0.0,0.015448863594701209
372,2484,0.46224928511,0.03755934,0.46224928511,65536,10,0.11253627154704561,0.04503583868421111,0.2752078384236778,0.033932873967305106,0.3040317301985219,0.21048115513223267,0.018774292046960774
373,2487,0.99318441499,0.0006295497,0.99318441499,65536,10,0.011772531231374625,0.05772479679326351,0.0,0.0022301186995221135,0.09644803006589273,0.0,0.8318245232099445
374,2490,0.97436101543,0.005617167,3.8874530552,65536,10,0.05123804551981454,0.04538097434876095,0.0,0.014583570312839876,0.7411051097452235,0.0,0.1476923000733543
375,2493,0.99695766805,0.0001703865,0.99695766805,65536,10,0.00017789606011137815,0.0,2.1110820185413255e-05,6.663059999603956e-06,0.9997926036196568,1.5545800143182242e-06,1.7185999921158055e-07
376,2496,0.9767968624,0.005647571,3.7087755869,65536,10,0.05638204903811277,0.008801927805610149,0.0,0.01523061047477778,0.7442916807691609,0.0,0.17529373191236497
377,2499,0.27136136416,0.0278391,0.27136136416,65536,10,0.4536122413890553,0.04201831062948717,0.0,0.188118698769594,0.0,0.23139898348753724,0.08485176572433463
378,2502,0.99751991628,0.0001822212,0.99751991628,65536,10,0.0009600121780086946,0.0,4.460040003161208e-06,5.7203399701869483e-05,0.5989497600012159,0.0,0.40002856438105727
379,2505,0.99124367165,0.01128451,5.1067441307,65536,10,0.03182008937678543,0.025537376694605457,0.0,0.001356321351060874,0.9036493252879834,0.0,0.03763688728956783
380,2508,0.99659928705,0.002195801,0.99659928705,65536,10,0.00020478363982683764,0.0,0.0010842153578831182,7.302739997666965e-06,0.9969075950225984,1.9087199898553347e-06,0.0017941945196826696
381,2511,0.9223442007,0.01867916,1.4429642671,65536,10,0.08058193300513182,0.010730005952397694,0.00015119459535670968,0.15780060238785543,0.0,0.06283643402339824,0.6878998300358579
382,2514,0.93402117454,0.007847005,2.6615954955,65536,10,0.10068876902927312,0.020144768391810036,0.0,0.04148764014181827,0.44421637523611074,0.007250803892036724,0.3862116433090022
383,2517,0.99706380157,8.761027e-05,0.99706380157,65536,10,0.00017881196011868854,0.0,2.2601600204216022e-05,1.4451199991674206e-05,0.7873367881998995,0.0,0.21244734703976104
384,2520,0.99183973912,0.007733531,4.8419988827,65536,10,0.025333633409039123,0.005082071389327599,0.0,0.001521303222192424,0.9235757608487263,0.0,0.04448723113072249
385,2523,0.40842956023,0.05185597,0.40842956023,65536,10,0.14839638180725453,0.022174609716976705,0.11212706783820872,0.053421669839313936,0.2874249354267955,0.3424340633812515,0.034021271990165775
386,2526,0.99463742333,0.0005761044,0.99463742333,65536,10,0.006019938244605429,0.027272075791891445,0.0,0.0006840598418442182,0.3787425165804566,0.0,0.5872814095411952
387,2529,0.98071115601,0.01204821,4.724461067,65536,10,0.04467455816408297,0.01011893807342365,0.0,0.003316351745006892,0.8600298039543777,0.0,0.08186034806315852
388,2532,0.96372413655,0.1052188,0.96372413655,65536,10,0.00018083747993844474,0.0,0.10000688561842302,6.663220000012104e-06,0.8980163945132446,1.5828600132418023e-06,0.0017876363083469526
389,2535,0.95359940003,0.01019264,3.0451855841,65536,10,0.08332327524886943,0.03854450366693611,0.0,0.040058651829920335,0.4671216235593885,0.011288888913465574,0.359663056781414
390,2538,0.89425733577,0.0267856,1.1772059459,65536,10,0.10835920154344825,0.01094356366095789,0.0,0.05327882421076395,0.0,0.027964491514419862,0.7994539190704463
391,2541,0.9973966569,0.0001131665,0.9973966569,65536,10,0.00018567344005497458,0.0,1.5529840120072993e-05,1.4851059987055276e-05,0.7879319190838769,0.0,0.21185202657594696
392,2544,0.99933894779,4.033982e-05,5.5007558391,65536,10,0.00048185326110311696,0.5750578738317982,0.0,1.914206003784735e-05,0.3904820597109291,0.0,0.033959071136120296
393,2547,0.70901313977,0.0460021,0.70901313977,65536,10,0.0748415731067352,0.014377944534863091,0.17634540098108684,0.018508515214263194,0.6083626581563143,0.0978068891576179,0.009757018849063662
394,2550,0.99418417894,0.0003838324,0.99418417894,65536,10,0.014931615767819676,0.04494354246978002,0.0,0.004384540168798713,0.011867764486815851,0.0,0.9238725371067936
395,2553,0.96717577464,0.00711453,3.7799193848,65536,10,0.0629381316904256,0.038589830994727965,0.0,0.01983387258703604,0.6209305038457155,0.0014562488120288745,0.2562514120700334
396,2556,0.99677246942,0.0001141609,0.99677246942,65536,10,0.00017522349984159204,0.0,2.0986100152594404e-05,6.66359999378032e-06,0.9992923499643758,1.5556600116389128e-06,0.0005032211756588094
397,2559,0.97805831536,0.02661563,4.5211318709,65536,10,0.05032827150333027,0.008203234202050933,0.0,0.006055191667109058,0.838251736844489,0.0,0.0971615657830145
398,2562,0.13003579249,0.02330067,0.13003579249,65536,10,0.27870921835156026,0.0388882265873528,0.0,0.15088452172984773,0.0,0.4828687935680078,0.04864923976325257
399,2565,0.99480706181,0.0006438138,0.99480706181,65536,10,0.004272196067158377,0.0102489958024027,0.0,0.0002989191785434977,0.4536628217713969,0.0,0.5315170671804954
400,2568,0.99367478672,0.007549961,5.513245411,65536,10,0.017508049107420643,0.002960341849840097,0.0,0.0004155074657364173,0.9678700937024398,0.0,0.01124600787453644
401,2571,0.96371031351,0.1052405,0.96371031351,65536,10,0.00017662030003008799,0.0,0.10000798323318488,6.4196999981842186e-06,0.8982664028235544,1.6531800120316043e-06,0.001540920763183335
402,2574,0.91323621039,0.02084731,2.1622472579,65536,10,0.11542015255103161,0.04388614179528614,0.0,0.09635612639447098,0.0,0.037182928250506335,0.7071546510087372
403,2577,0.90802684657,0.01688468,2.2563225694,65536,10,0.1158915740633701,0.06500224400470013,0.0,0.057538803513392064,0.0,0.012824782222024558,0.7487425961964599
404,2580,0.99697750283,9.636188e-05,0.99697750283,65536,10,0.0001750875400139526,0.0,2.246912019187878e-05,1.43146599744885e-05,0.7876677976346093,0.0,0.21212033104518851
405,2583,0.99528529869,0.007351243,5.6324983457,65536,10,0.01856319454913581,0.017261008707336954,0.0,0.0005980526651279878,0.9510797129573085,0.0,0.012498031121100856
406,2586,0.37634637731,0.03812386,0.37634637731,65536,10,0.11187273843066131,0.01921451064465816,0.33003103787122173,0.040111300140328536,0.22957197242597097,0.25072065507595637,0.01847778541115826
407,2589,0.99264964692,0.0005944385,0.99264964692,65536,10,0.009810864103317241,0.032797923535741826,0.0,0.0016075535576149642,0.16308635133287527,0.0,0.7926973074704585
408,2592,0.97581843903,0.01093019,4.8357330751,65536,10,0.048057558536297736,0.008507218218267876,0.0,0.007214544499245699,0.8339637574501763,0.0,0.10225692129601273
409,2595,0.8967628694,0.1606449,0.8967628694,65536,10,0.0001606739197129704,0.0,0.2999782381697671,6.050599989402032e-06,0.6998528402505784,1.5572200112850943e-06,6.398399913757345e-07
410,2598,0.9698151836,0.00528288,3.9938580363,65536,10,0.05989096120154315,0.03806885012135476,0.0,0.019972099152799457,0.7041750537592659,0.005974060806755447,0.17191897495829295
411,2601,0.41663939146,0.02643013,0.41663939146,65536,10,0.42360942136038504,0.03067990762658467,0.0,0.20273408282275854,0.0,0.23199707971761685,0.11097950847266128
412,2604,0.99742931392,7.631607e-05,0.99742931392,65536,10,0.00021719216023345436,0.0,6.045600038101358e-06,1.7058079948741297e-05,0.7357979024499799,0.0,0.2639618017098192
413,2607,0.99242549551,0.003141553,6.0945973911,65536,10,0.04106457918336538,0.1510188263098419,0.0,0.0011858691619081217,0.7680082485076576,0.0,0.038722476837237285
414,2610,0.9761361093,0.01159099,0.9761361093,65536,10,0.0029799457581165378,0.0,0.03573285579625248,3.2256060959882925e-05,0.9600209178556064,0.0010914859334907312,0.00014253859553539468
415,2613,0.93806092387,0.0123686,1.2371594509,65536,10,0.05863565557184144,0.00518112512984662,0.0,0.1958383648095343,0.0,0.08505070491885612,0.6552941495699194
416,2616,0.95704571812,0.01509332,3.5791079859,65536,10,0.06949153430980123,0.02602232710194421,0.0,0.02578458913256023,0.5791285877353306,0.004641038129388207,0.29493192359102016
417,2619,0.99657935816,0.0001038582,0.99657935816,65536,10,0.00017554625976757272,0.0,2.2488020148843672e-05,1.486265992593577e-05,0.7747872339397156,0.0,0.22499986912046327
418,2622,0.98330787711,0.01406408,5.4907758216,65536,10,0.04352916831050579,0.017321592253889424,0.0,0.0036362212365914047,0.8622646769001943,0.0,0.07324834129881651
419,2625,0.28793427197,0.02220865,0.28793427197,65536,10,0.16794547861279122,0.017398663319205532,0.02017343629005134,0.06977677684303486,0.22058192849549846,0.4660461662198523,0.03807755021959527
420,2628,0.99378291926,0.0003941525,0.99378291926,65536,10,0.005609307834798481,0.028172762826062618,0.0,0.0005229991409626613,0.41935820037375166,0.0,0.5463367298244252
421,2631,0.98956995254,0.00588719,5.8929663775,65536,10,0.026770557844597205,0.012781877764505916,0.0,0.001467450255123846,0.8852128713814615,0.0,0.07376724275430249
422,2634,0.99655321783,0.0001385282,0.99655321783,65536,10,0.00017742414030268478,0.0,2.1385960214055934e-05,6.560060016408078e-06,0.9997664820592265,1.582440015485259e-06,2.656534020133183e-05
423,2637,0.92422691981,0.0222692,3.0971530033,65536,10,0.1163126067161875,0.20148015166480462,0.0,0.07464718588426579,0.05478077726883694,0.01677448691402752,0.5360047915518409
424,2640,0.904860943,0.02499958,1.796467087,65536,10,0.10609279832754374,0.01694286845487419,0.0,0.05599895961441445,0.0,0.018379860296599295,0.8025855133065539
425,2643,0.99681378467,9.179947e-05,0.99681378467,65536,10,0.0001734704798688591,0.0,1.956558014216183e-05,1.3693099937748909e-05,0.7862947435223074,0.0,0.21349852731776695
426,2646,0.99891004749,0.0002372679,6.5504696961,65536,10,0.0038124442619420374,0.6248876964848337,0.0,0.00023722108040943334,0.33813974539628466,0.0,0.03292289277652271
427,2649,0.43527778301,0.03545367,0.43527778301,65536,10,0.1145077005339652,0.04439163779435241,0.2751790047989196,0.034217857635483226,0.29159497597713546,0.2267847741290054,0.013324049131099212
428,2652,0.99265934259,0.0005602933,0.99265934259,65536,10,0.012894913513404323,0.044965727481382396,0.0,0.0028551701095395963,0.018303396208619996,0.0,0.9209807926870596
429,2655,0.96850030747,0.01063592,4.8954663979,65536,10,0.06057441878720236,0.042349008809654455,0.0,0.015950103930816,0.6917711323827591,0.0,0.1893553360896013
430,2658,0.99619065291,0.0001262039,0.99619065291,65536,10,0.00017495552014373968,0.0,2.092860019516376e-05,6.8184200072687695e-06,0.9989821024101158,1.5485200145525353e-06,0.0008136465294903082
431,2661,0.98358569101,0.006111965,5.1585419468,65536,10,0.038884745073876244,0.0055074836199248715,0.0,0.010157352865113295,0.7760133826525116,0.0,0.16943703578859184
432,2664,0.17354290271,0.03342808,0.17354290271,65536,10,0.32694064917318333,0.028518843505724104,0.0,0.15431962139518188,0.0,0.4060843439938149,0.08413654193225377
433,2667,0.99408187207,0.0007061972,0.99408187207,65536,10,0.003833786426171298,0.015316731023269881,0.0,0.0002221102817083338,0.45863670296650644,0.0,0.5219906693023398
434,2670,0.99433367409,0.007562533,6.83070335,65536,10,0.018572509031522296,0.009805659337558491,0.0,0.00030950494142424856,0.943895424177662,0.0,0.027416902511820506
435,2673,0.99654439091,0.0001708972,0.99654439091,65536,10,0.00018537187980345251,0.0,2.2786340089473197e-05,6.905079984666235e-06,0.9989458820640217,1.6819400066014902e-06,0.0008373726961119683
436,2676,0.92291869508,0.01635021,2.1247859606,65536,10,0.08841179382562159,0.015271516536595519,0.0,0.09152798764570984,0.0,0.03556324629263902,0.7692254556994589
437,2679,0.92315736998,0.01285449,3.2022021271,65536,10,0.10682676091197778,0.043564343563996716,0.0,0.04864247148368638,0.2267287354233131,0.0091248689462538,0.5651128196707411
438,2682,0.99625449499,0.0001674884,0.99625449499,65536,10,0.00017084263984535548,0.0,2.2450340161317998e-05,1.3594379941136145e-05,0.7894928859022035,0.0,0.21030022673787246
439,2685,0.99043962643,0.01462898,6.693688901,65536,10,0.03132569326985793,0.008713264371231112,0.0,0.0010461445449652844,0.9152806214607468,0.0,0.04363427635319155
440,2688,0.38259115391,0.0267726,0.38259115391,65536,10,0.1219339449280874,0.013316106989194984,0.26258665912960305,0.042764700828641374,0.2594583239842787,0.2809817344265162,0.01895852971361653
441,2691,0.99357288805,0.0006068626,0.99357288805,65536,10,0.006285329560832119,0.02526782290422893,0.0,0.0008290289589937711,0.3060687257188184,0.0,0.6615490928571341
442,2694,0.98644180624,0.01064831,6.3208378042,65536,10,0.032170332762887735,0.006162421310023236,0.0,0.0027637406401139534,0.8731143407449832,0.0,0.08578916454198515
443,2697,0.96267523232,0.1050522,0.96267523232,65536,10,0.00016663930037947547,0.0,0.10000681176015229,6.1036800122472434e-06,0.8979075549027342,1.565760018009938e-06,0.00191132459667858
444,2700,0.96507431977,0.007256823,4.447918215,65536,10,0.06171713360980382,0.05312556428473383,0.0,0.02728561600020249,0.5680026495343133,0.005941903934383598,0.28392713263657615
445,2703,0.8988991094,0.01936225,1.1714656851,65536,10,0.09605374269974129,0.007117837943930588,0.0,0.050305381559593285,0.0,0.027238415563651978,0.8192846222330455
446,2706,0.99663202896,0.0001548369,0.99663202896,65536,10,0.00018223725992350275,0.0,1.5339560108956513e-05,1.4162799952426858e-05,0.7885906004206413,0.0,0.21119765995939613
447,2709,0.99926794582,6.182556e-05,7.6623553813,65536,10,0.0007810132444550473,0.6828566460564963,0.0,4.440486036323611e-05,0.3008782116049978,0.0,0.01543972423368749
448,2712,0.82404792959,0.01623066,0.82404792959,65536,10,0.048723267472929946,0.0,0.13903025774363534,0.007391861757807882,0.7479582788511596,0.04705344510759355,0.009842889066933468
449,2715,0.99479071218,0.0004341581,0.99479071218,65536,10,0.02140765869793743,0.03436818882763775,0.0,0.04411260225151165,0.0,0.0,0.9001115502229181
450,2718,0.96330318953,0.00919541,4.9402213865,65536,10,0.06570151578637984,0.03193813763737664,0.0,0.021569021747350127,0.5646800996685908,0.0034780170543884437,0.31263320810590756
451,2721,0.99577840873,0.0001237853,0.99577840873,65536,10,0.00017072950013117833,0.0,2.2409420202886364e-05,1.359905996443688e-05,0.7685964727389634,0.0,0.23119678928071735
452,2724,0.98644121331,0.008288279,6.6151287224,65536,10,0.033919796590470355,0.007153037641429932,0.0,0.003719793215993355,0.8693337302794938,0.0,0.08587364227260016
453,2727,0.0864016834,0.02372993,0.0864016834,65536,10,0.19091241972945244,0.02796859766654484,0.013846126694612026,0.0988385311884437,0.0,0.6190865240902866,0.049347800630681456
454,2730,0.99159485455,0.0008071798,0.99159485455,65536,10,0.005931598946026418,0.029265268007172253,0.0,0.0004522713610953008,0.37580748316297197,0.0,0.5885433785227415
455,2733,0.99441624517,0.008586889,7.7475125039,65536,10,0.014923379250177558,0.005720961333041988,0.0,0.001007257782456232,0.9436664929370777,0.0,0.034681908697234504
456,2736,0.96255078305,0.1051511,0.96255078305,65536,10,0.00016498986017217862,0.0,0.10000740609952109,6.017560007801698e-06,0.8986694129740264,1.5952400145093072e-06,0.0011505782662125108
457,2739,0.90465983748,0.01779766,3.2851343806,65536,10,0.1342373023693248,0.08957885798413874,0.0,0.09010079542216386,0.0,0.022910229558167575,0.663172814666171
458,2742,0.89507205459,0.01919935,2.7450915893,65536,10,0.12508030250334412,0.04129682656559025,0.0,0.06737379156720841,0.0,0.015925660508819814,0.750323418855091
459,2745,0.99590402899,0.000162998,0.99590402899,65536,10,0.0001708555201578627,0.0,2.249052020419742e-05,1.3992759961170581e-05,0.7633214183449532,0.0,0.23647124285469917
460,2748,0.98741824972,0.008477983,8.2243068867,65536,10,0.059666390292081956,0.061403979297609164,0.0,0.0009596750303235625,0.8476271080503326,0.0,0.030342847329646948
461,2751,0.37043240257,0.05973873,0.37043240257,65536,10,0.11166004021689367,0.018509680199280516,0.2977259420121732,0.03769710148003976,0.25467981883964136,0.25927547730244144,0.02045193994959299
462,2754,0.99095378235,0.0007239591,0.99095378235,65536,10,0.01119261724084297,0.04599034781046276,0.0,0.00156938000225798,0.04462386680520549,0.0,0.8966237881412292
463,2757,0.97665047603,0.01285723,6.835599572,65536,10,0.04481726845225367,0.00423248280592845,0.0,0.008700091928141751,0.8456118174599432,0.0,0.0966383393537126
464,2760,0.99518853821,0.0001952943,0.99518853821,65536,10,0.00018246105990915598,0.0,2.0931680165101724e-05,6.973099998571414e-06,0.998369347249867,1.5502600115812638e-06,0.0014187366500777229
465,2763,0.97880623408,0.003322123,6.2245958948,65536,10,0.04210698604100861,0.03545247642160251,0.0,0.012116630924757373,0.6988181406289873,0.0033559101403014074,0.20814985584334886
466,2766,0.29091899153,0.03639616,0.29091899153,65536,10,0.43786362555868613,0.028055378582007334,0.0,0.1870537442073444,0.0,0.2314470290212186,0.11558022263073879
467,2769,0.99488635408,0.0003970889,0.99488635408,65536,10,0.001963871401218063,0.0,0.0,0.00010022086060886117,0.5215961792157126,0.0,0.47633972852247164
468,2772,0.99000040895,0.006374164,9.1372010399,65536,10,0.05081892700103778,0.08367322252342257,0.0,0.0011199356613899277,0.814754380905626,0.0,0.049633533908571836
469,2775,0.94741954001,0.1104479,0.94741954001,65536,10,0.0002331158603518587,0.0,0.1448415386168732,6.322539985404218e-06,0.8543619878400952,1.7293600034117192e-06,0.0005553057826503264
470,2778,0.91479782806,0.01665927,2.0480215047,65536,10,0.08200523566485472,0.008834977965414444,0.0,0.11161365733312771,0.0,0.04159835353495221,0.7559477755016284
471,2781,0.95962807895,0.009155803,5.017430405,65536,10,0.06016471039364117,0.01401380482274961,0.0,0.023500644415603147,0.5003315563474935,0.00485090035259657,0.397138383667912
472,2784,0.99506809062,0.0001705859,0.99506809062,65536,10,0.00016216758008041164,0.0,2.2443260183673036e-05,1.3050939976720136e-05,0.7862102911471764,0.0,0.21359204707256152
473,2787,0.97514637943,0.03087058,8.6325214155,65536,10,0.06251828648679277,0.005561578467175845,0.0,0.003557987181109001,0.8529430514559545,0.0,0.07541909640896485
474,2790,0.36922765677,0.02827776,0.36922765677,65536,10,0.1300994409941049,0.009971246725750477,0.12598824518248217,0.056998075765349564,0.2821275645943393,0.36535328770939124,0.029462139028515886
475,2793,0.99133996676,0.001175432,0.99133996676,65536,10,0.0059442393659408016,0.02453898869461714,0.0,0.0006310144994733975,0.3515941064607546,0.0,0.617291650979214
476,2796,0.98969588039,0.006491606,9.0971801505,65536,10,0.022829969564999664,0.011239794387138211,0.0,0.0016673416024582403,0.889898317410589,0.0,0.07436457703482352
477,2799,0.96142861607,0.1052984,0.96142861607,65536,10,0.00016614205969913136,0.0,0.10000702794439637,6.323979989815105e-06,0.89874610216757,1.5580400096731605e-06,0.0010728458083839338
478,2802,0.9501503252,0.01230643,5.3784632422,65536,10,0.07656328636424957,0.02368699236807229,0.0,0.04084897955568363,0.5206804034215833,0.008092683263386758,0.33012765502703234
479,2805,0.91560722972,0.01736488,2.2653231606,65536,10,0.08657133906447373,0.009841171789429098,0.0,0.051031356194674936,0.0,0.019152871083422403,0.8334032618680215
480,2808,0.99524175183,0.0001159628,0.99524175183,65536,10,0.00016553246016460464,0.0,2.2453080197990494e-05,1.3278439979599116e-05,0.7655117242361558,0.0,0.2342870117834792
481,2811,0.99792444134,0.0006361111,10.81490868,65536,10,0.010232862683550857,0.6238934380111839,0.0,0.0005128780830047338,0.35591752795155374,0.0,0.009443293270700497
482,2814,0.3971068496,0.0399581,0.3971068496,65536,10,0.1157124717753192,0.011943544904581155,0.29031875278636926,0.03221585797606726,0.3021778855439147,0.23296131150238258,0.014670175511391808
483,2817,0.99281437361,0.0007380769,0.99281437361,65536,10,0.014031054813548287,0.029584314402817623,0.0,0.0038070470533812053,0.0,0.0,0.9525775837302495
484,2820,0.97121521107,0.007182867,7.8043401994,65536,10,0.054682415272434406,0.0489896772110523,0.0,0.017526452127192265,0.6885290920994525,0.0010805393981130117,0.1891918238917739
485,2823,0.9940229279,0.0001734017,0.9940229279,65536,10,0.00016657290002058405,0.0,2.2380360183356094e-05,1.351501995942423e-05,0.7555322556630826,0.0,0.24426527605673254
486,2826,0.99024875564,0.004406999,9.2057353802,65536,10,0.016928451113895588,0.002787443920817511,0.0,0.0058988650892806745,0.8536075166963294,0.0,0.12077772317967224
487,2829,0.075979294,0.03242764,0.075979294,65536,10,0.18181028851697942,0.013470756891395411,0.0,0.09701342808491811,0.0,0.6474629510701364,0.06024257543661415
488,2832,0.98765843904,0.001317749,0.98765843904,65536,10,0.00549302401651716,0.04075260557712826,0.0,0.0003674825600063241,0.3650299141704024,0.0,0.588356973675941
489,2835,0.99429280689,0.008292746,11.994142478,65536,10,0.01820377208905664,0.0055947384361340145,0.0,0.0003873033519740767,0.96518489954191,0.0,0.010629286580920771
490,2838,0.99407664471,0.0002291369,0.99407664471,65536,10,0.0001700348797867467,0.0,2.1322060151590337e-05,6.372019994639983e-06,0.9992005031515038,1.5822600098558725e-06,0.0006001856285851751
491,2841,0.91077372548,0.01219079,4.0953687686,65536,10,0.1112462945317858,0.02533510999911307,0.0,0.07483447168390531,0.0,0.027368454606439007,0.761215669178738
492,2844,0.91166618704,0.01689295,5.0862782486,65536,10,0.11612187379116959,0.07857192075357282,0.0,0.06174561962501124,0.0,0.010167478663203,0.7333931071669972
493,2847,0.99365931695,0.0002517387,0.99365931695,65536,10,0.00016491475989924216,0.0,2.243192017286395e-05,1.34564799432377e-05,0.7559411337731837,0.0,0.24385806306682584
494,2850,0.99592294014,0.005318175,12.976175652,65536,10,0.012109961278458896,0.005522141130411619,0.0,0.000464774677656496,0.9619998353918121,0.0,0.019903287521667
495,2853,0.36845127789,0.05149705,0.36845127789,65536,10,0.09424857338381933,0.008244848674355643,0.3241177204587171,0.03869374771832488,0.2679965449189136,0.251224601465329,0.015473963380598001
496,2856,0.98591154531,0.0009461367,0.98591154531,65536,10,0.009842239668415624,0.04406986607438777,0.0,0.0014298713630617524,0.07706633510405325,0.0,0.8675916877900802
497,2859,0.97948572751,0.02873947,12.073309426,65536,10,0.03789974159977299,0.005617559841068503,0.0,0.00310540085462092,0.8934324914391594,0.0,0.059944806265364935
498,2862,0.99231486067,0.0003237983,0.99231486067,65536,10,0.00016994466024328477,0.0,2.0898380201267458e-05,6.470820009180106e-06,0.9993364245335226,1.5518000155401606e-06,0.00046470980598028896
499,2865,0.96356869006,0.01167004,9.5905196181,65536,10,0.06146192778614413,0.03176046167900096,0.0,0.022864108032911692,0.5817952230124611,0.004832253822452495,0.29728602566703405
500,2868,0.90520188754,0.02057607,1.3370291552,65536,10,0.08416012701505761,0.0048891412726667,0.0,0.05038223140351064,0.0,0.026546009294249332,0.8340224910145512
501,2871,0.99388270082,0.0002862777,0.99388270082,65536,10,0.0001942043998246719,0.0,2.5953080496814716e-05,1.5251299942708659e-05,0.6988856694786327,0.0,0.30087892174112263
502,2874,0.99418594239,0.00171973,16.977860913,65536,10,0.032125262554821024,0.5375629032998724,0.0,0.0015424534769831486,0.3971597987211306,0.0,0.03160958194722633
503,2877,0.9929531155,0.0004743819,0.9929531155,65536,10,0.00017392033956238284,0.0,2.1672079978672826e-05,6.658319980454556e-06,0.9980202104243976,1.7414399992036336e-06,0.0017757973961194265
504,2880,0.92134858162,0.01874348,2.3029215768,65536,10,0.06737094676489251,0.004848346353490292,0.0,0.09456262417904575,0.0,0.03764562752051842,0.7955724551820613
505,2883,0.96431520575,0.0102296,11.074086584,65536,10,0.059386343203518724,0.020247162216565084,0.0,0.020158929714821906,0.6161951008641315,0.0035632547897877353,0.28044920921114364
506,2886,0.99039846684,0.0004546199,0.99039846684,65536,10,0.00015782488007069718,0.0,2.2397080194541264e-05,1.2893779971596523e-05,0.7642073026619579,0.0,0.2355995815977825
507,2889,0.98710271806,0.01255712,17.865691626,65536,10,0.027673154800001,0.002615426809246461,0.0,0.0019805730444557336,0.8761851991537188,0.0,0.09154564619258156
508,2892,-0.02072496962,0.02583109,-0.02072496962,65536,10,0.16408171512107805,0.019631465581745573,0.05226904246192379,0.09180158175523379,0.0,0.6364332858771239,0.035782909202931604
509,2895,0.98246117659,0.001258715,0.98246117659,65536,10,0.0046125289202186915,0.014726524817277951,0.0,0.0005080465210007707,0.3195615967325704,0.0,0.6605913030089337
510,2898,0.99761747647,0.002188333,23.558483406,65536,10,0.005196627415524221,0.0012335487430205432,0.0,0.0005771334357067374,0.9756345879220744,0.0,0.01735810248368357
511,2901,0.98794186801,0.0003038495,0.98794186801,65536,10,0.00016408405994943108,0.0,2.0992360170166056e-05,6.327259994496505e-06,0.9984014594451633,1.5564400134277777e-06,0.0014055804347115177
