# games_el_e5.csv -- memory-two Wright-Fisher run el_e5 (parameters: runs.csv), one row per sampled game, ipt order 0..511.
# Reduced by provenance/robustness/reduce.py from the packed files el_e5.{idx,bin} and atoms512.bin.
# Columns:
#   ipt      the game (data/games/games.csv; gid = 2000 + ipt)
#   isl      the task index of the game in the kit's slurm array (isl = 3*(ig - 1) + ie with ie = 1); it fixes the seeds
#   E        realised efficiency: mean per-round payoff of the population over the sampled second half of the
#            ten replicates, divided by Emax = max(1, (1 + u + v)/2)  (the 'ef' column of the .idx)
#   efsd     standard deviation over the ten replicates of each replicate's pay/Emax, as the simulator wrote it (the .idx)
#   pay      mean per-round payoff of the population, the numerator of E
#   ndist    number of distinct strategies with a non-zero count in the summed abundance
#   nrep     replicates found (10 at every game)
#   S_abc    pooled share of the population in the atom abc (efficient-stable-competitive, eps -> 0 atoms):
#            the abundance summed over the ten replicates and the sampled half, normalised, summed over the atom
#            (the atom 101 is empty at every game and has no column)
ipt,isl,E,efsd,pay,ndist,nrep,S_000,S_100,S_010,S_001,S_110,S_011,S_111
0,1366,0.96650703746,0.007174703,0.96650703746,65536,10,0.04254300400754561,0.03137761349257901,0.03574899436255876,0.001683700638879798,0.888201307658415,0.000290426177885097,0.00015495366212998104
1,1369,0.9994792986,0.0001490333,0.9994792986,65536,10,0.0012128367774709853,0.0,4.018419987709952e-06,3.298385919647715e-05,0.996521463203848,6.0200000577563025e-09,0.002228691719461347
2,1372,0.96520552378,0.01666283,0.96520552378,65536,10,0.0555937875473393,0.019365099887245118,0.03555104558216828,0.002472501974848238,0.8840311617926337,0.001429188014711781,0.0015572152010896922
3,1375,0.95607754919,0.02334787,0.95607754919,65536,10,0.03417833620843286,0.0,0.06988297189648084,0.0016837952973634569,0.8896420907836067,0.0005980430191093219,0.004014762794974675
4,1378,0.9996867226,3.992088e-05,0.9996867226,65536,10,0.0006742080161210762,0.0,2.8383599891744225e-06,1.7984839971373848e-05,0.9964225807699334,1.924000003699424e-08,0.002882368773993363
5,1381,0.9567413874,0.007201046,0.9567413874,65536,10,0.07582393304598613,0.012362302542408483,0.015759679054728533,0.006127399950921795,0.8847519808090386,0.003182337955684724,0.0019923666411937146
6,1384,0.99968014671,6.691187e-06,0.99968014671,65536,10,0.00040635133977616906,0.0,1.0638719973910286e-05,1.3244159990231643e-05,0.9994103170413988,2.1310000045332144e-07,0.00015923563883408812
7,1387,0.97320463264,0.006068141,0.97320463264,65536,10,0.05853384972419343,0.03174852120382971,0.04371888982471901,0.003112194976033764,0.8581653647354548,0.0022879705602418606,0.0024332089755249664
8,1390,0.95030213812,0.01456982,0.95030213812,65536,10,0.048043495976176014,0.01719364271156445,0.05415974933192353,0.005093120113964182,0.8720361921648044,0.002001200072545487,0.0014725996290108065
9,1393,0.99972525381,4.41837e-06,0.99972525381,65536,10,0.00045057723957897907,0.0,7.428119971467866e-06,1.480151997674186e-05,0.9976512462316068,0.0,0.0018759468889020898
10,1396,0.94123284364,0.01571544,0.94123284364,65536,10,0.1266180566650771,0.05324664119199463,0.09926188090405434,0.008561633972109703,0.702025090476012,0.007877983116112786,0.0024087136746209835
11,1399,0.99574090499,0.004918491,0.99574090499,65536,10,0.0037375817315844226,0.0,0.006116469880310184,6.311471924780561e-05,0.9900147104704121,6.794889840694021e-05,1.7430000237108614e-07
12,1402,0.99969698781,3.257097e-05,0.99969698781,65536,10,0.0010013677199557946,0.0,9.76699998346535e-07,2.0760179974242026e-05,0.9979616268208393,2.0479999925644446e-08,0.0010152480991946465
13,1405,0.95026440437,0.007673365,0.95026440437,65536,10,0.07203284873092654,0.030796049968838734,0.00968768676289386,0.010358409629302873,0.8671505787336967,0.005143718555749311,0.0048307076185703885
14,1408,0.99971276661,2.311704e-06,0.99971276661,65536,10,0.00037347601978036536,0.0,1.719723998153039e-05,1.2851879980495738e-05,0.99882994898302,1.594799983679434e-07,0.000766366397274455
15,1411,0.97050450823,0.008637201,0.97050450823,65536,10,0.3568235243921226,0.033675582987016714,0.2649892241648561,0.02410397230670046,0.3125201509526144,0.007746305416864075,0.00014123977978792922
16,1414,0.94901248847,0.007380363,0.94901248847,65536,10,0.042923871419665846,0.028865242594627714,0.06117640837279711,0.0036085546387010915,0.8563040026403009,0.0018323684880291772,0.0052895518458759274
17,1417,0.99974705793,4.912673e-06,0.99974705793,65536,10,0.0004857336994253552,0.0,1.3253399948931374e-06,3.8348260039997794e-05,0.7944160514694696,0.0,0.2050585412310938
18,1420,0.92650455598,0.008885028,0.92650455598,65536,10,0.18383914355035977,0.033950105349906036,0.018617443343884377,0.02165270379547213,0.7227025615145377,0.01328127244612383,0.005956769999657386
19,1423,0.99967968155,6.125496e-06,0.99967968155,65536,10,0.0003589678999727215,0.0,1.7955899984586994e-05,1.2589239986349452e-05,0.9992431826906,7.545199958698957e-07,0.0003665497494307501
20,1426,0.98485950737,0.002098996,0.98485950737,65536,10,0.14207745341766453,0.20006403975634296,0.13921738648326368,0.003042797314256848,0.5071132530593773,0.006932909288512682,0.0015521606805795455
21,1429,0.95096825333,0.009274628,0.95096825333,65536,10,0.05530397857464264,0.010444338921559387,0.019785337472006236,0.00891606074283528,0.8960256584978096,0.005742755536746948,0.003781870254428524
22,1432,0.99973135996,4.700272e-06,0.99973135996,65536,10,0.00036242577992434856,0.0,8.256119987828027e-06,2.931484007199762e-05,0.8031933522060124,0.0,0.19640665105398053
23,1435,0.9716879049,0.01224796,1.0642070169,65536,10,0.1372036707327216,0.012394158641148522,0.039959861329111945,0.006807627338597159,0.6775083629783826,0.0,0.12612631898009027
24,1438,0.9820290492,0.009875249,0.9820290492,65536,10,0.009714564876323608,0.0,0.029712846725402794,0.00020739683737791185,0.9600836088202473,0.00012740444061403933,0.00015417830000140104
25,1441,0.99975733012,1.469587e-05,0.99975733012,65536,10,0.0007919315600272926,0.0,0.0,6.339289979403598e-05,0.7248346471976748,0.0,0.27431002834252854
26,1444,0.90081933295,0.01087939,0.90081933295,65536,10,0.16002430900637332,0.03659342669093818,0.010046564752576516,0.031133513142661235,0.7296966849622752,0.018574051030973926,0.013931450414236546
27,1447,0.9997013894,4.028177e-06,0.9997013894,65536,10,0.0003296857189895336,0.0,1.6250339898621326e-05,1.1266379928565698e-05,0.9979071990346774,2.8635999660387315e-07,0.0017353121665340675
28,1450,0.99525744454,0.003377416,1.1468786959,65536,10,0.03939664211158376,0.02640249427835133,0.0031330745307034244,0.0011456207627149975,0.9040912781819568,0.0,0.025830890134694307
29,1453,0.94178883693,0.01114897,0.94178883693,65536,10,0.04746302553635707,0.012157828543103768,0.05207680062773166,0.007616906075197253,0.8740912944796158,0.005133325364157624,0.0014608193738664544
30,1456,0.99974620013,7.005121e-06,0.99974620013,65536,10,0.0004082805598689611,0.0,1.645080000269722e-06,3.412052006498248e-05,0.7937503594200911,0.0,0.2058055944199664
31,1459,0.95903840502,0.006162307,1.0437971703,65536,10,0.18308683797891137,0.014582431854349038,0.047160311827720604,0.018123629546189478,0.5659648323755898,0.0,0.17108195641729765
32,1462,0.99965346084,5.73079e-06,0.99965346084,65536,10,0.00033401789990018295,0.0,1.7824879979701294e-05,1.145047998696987e-05,0.9996352073200994,9.891199937067552e-07,5.103000108160781e-07
33,1465,0.99793820956,0.0001439907,0.99793820956,65536,10,0.1400369104924268,0.2965149614555642,0.0,0.030996342749321025,0.17940183595339987,0.0,0.3530499493492736
34,1468,0.89650843289,0.01155313,0.89650843289,65536,10,0.13306278967076096,0.024145071631396217,0.0,0.02640542539780655,0.7830673023885512,0.01638403063118866,0.01693538028027548
35,1471,0.99971925819,6.692704e-06,0.99971925819,65536,10,0.00032755727974256616,0.0,8.58897994117542e-06,2.7110660088093827e-05,0.7806968244309189,0.0,0.21893991864928367
36,1474,0.98914372018,0.005005786,1.2644425095,65536,10,0.03982006973356645,0.022739345280062807,0.005349038025802112,0.0020803889963786014,0.8128891984886497,0.0,0.11712195947553702
37,1477,0.926165756,0.02438816,0.926165756,65536,10,0.03882166108453447,0.0,0.10867605324047723,0.0030657506040070153,0.8428141023873851,0.004788592957458323,0.0018338397260914672
38,1480,0.9993444323,0.0001761828,0.9993444323,65536,10,0.0026385449791190094,0.0,0.0,0.00032322956019715707,0.6038936884158933,0.0,0.3931445370447687
39,1483,0.87387634058,0.0116001,0.87387634058,65536,10,0.3687153067665159,0.08543341239271231,0.07184083821742702,0.10511204571327867,0.3182253368559404,0.03898518868177187,0.011687871372427097
40,1486,0.99968103688,4.127353e-06,0.99968103688,65536,10,0.0003010050193990324,0.0,1.687641987097896e-05,1.0391319949419302e-05,0.9992146198144395,6.800799943250318e-07,0.0004564273463810053
41,1489,0.99850327759,0.001328426,1.224239126,65536,10,0.01679598989196242,0.08636881429762935,0.0,0.0004604202361099178,0.8296297614131874,0.0,0.06674501416110286
42,1492,0.9323152827,0.01427107,0.9323152827,65536,10,0.07171920448302385,0.026208297837326443,0.006697189491290602,0.012996470809344143,0.8586208433051066,0.011926458698366565,0.011831535375547583
43,1495,0.99973374612,4.760495e-06,0.99973374612,65536,10,0.0003474091597182444,0.0,3.845259973748519e-06,2.8840800049639848e-05,0.8063139909925247,0.0,0.19330591378771028
44,1498,0.97527456138,0.01176282,1.2676664465,65536,10,0.0745612027987363,0.017352400907357013,0.00550106252260644,0.005616716356313995,0.7808076939445342,0.0,0.1161609234704533
45,1501,0.99740961212,0.006445958,0.99740961212,65536,10,0.00035094981993302456,0.0,0.003731491269125922,1.209353999537076e-05,0.9951811149683472,0.00036590377582985923,0.00035844662680160514
46,1504,0.99796443307,0.0003680951,0.99796443307,65536,10,0.02639145814430167,0.2333778447144743,0.0,0.006345583978336389,0.26524429716628595,0.0,0.4686408159966017
47,1507,0.82261798995,0.01963493,0.82261798995,65536,10,0.23763462392054102,0.10443452022544283,0.005381078762481082,0.06022005453248791,0.5307220727922556,0.04099759830591312,0.02061005146086526
48,1510,0.99970114197,5.717236e-06,0.99970114197,65536,10,0.00030227215967486824,0.0,1.5379639869735478e-05,1.0158719967173958e-05,0.9979601608548356,2.728000000704565e-07,0.0017117558256192912
49,1513,0.99663730014,0.005714233,1.4024944819,65536,10,0.015655101949377605,0.005256793730848595,0.0,0.0004247799847397884,0.9578230474536821,0.0,0.020840276881344606
50,1516,0.91610680895,0.01315546,0.91610680895,65536,10,0.04822550860716803,0.015462773911864973,0.09678096715479363,0.007239231072773284,0.8172885724786414,0.012231561085553087,0.002771385689219904
51,1519,0.99924694982,0.0002515202,0.99924694982,65536,10,0.002481474254839491,0.0,0.0,0.0002308798416867829,0.6141036292116159,0.0,0.3831840166918774
52,1522,0.96417157415,0.007631089,1.1534279085,65536,10,0.10946195636268474,0.014198861309964672,0.011466376486244899,0.015205185689388716,0.6189005091872903,0.0,0.23076711096448235
53,1525,0.9996585167,4.518803e-06,0.9996585167,65536,10,0.00029521687946807806,0.0,1.7731619874574735e-05,1.0186899961695124e-05,0.9994611041764863,8.526399927778123e-07,0.00021490778420004864
54,1528,0.98697374553,0.00366211,1.2048019355,65536,10,0.1157222211328778,0.08717088830317038,0.0,0.019275725310358566,0.7168128818591484,0.0,0.061018283394440403
55,1531,0.85784432632,0.01710492,0.85784432632,65536,10,0.14809856663385942,0.021715040659708265,0.0,0.033754846215546135,0.7483271021924054,0.029686123218729578,0.018418321079798735
56,1534,0.99971745723,5.593393e-06,0.99971745723,65536,10,0.00030481875934145527,0.0,7.350519933127025e-06,2.5760480052341534e-05,0.819756249706518,0.0,0.17990582053413348
57,1537,0.98844753766,0.00725884,1.4667441733,65536,10,0.036899230753594116,0.0360620427886399,0.0008510530393650143,0.001969741749599109,0.8830453548318032,0.0,0.04117257683701779
58,1540,0.9678374056,0.02647946,0.9678374056,65536,10,0.010951021170829476,0.0,0.06409428567528148,0.0006952100527120244,0.9233367136373296,0.0005791056813228045,0.0003436637825577895
59,1543,0.99824065941,0.0001973407,0.99824065941,65536,10,0.00877939794998493,0.023359732296542868,0.0,0.0020065585600303414,0.4735113724884712,0.0,0.4923429387049697
60,1546,0.83748925613,0.01087809,0.83748925613,65536,10,0.39528050921006136,0.07305180212713933,0.06576124790823669,0.15076602800560826,0.23558093795542495,0.06686781645739902,0.01269165833616633
61,1549,0.99967270274,7.348544e-06,0.99967270274,65536,10,0.00026894937988160945,0.0,1.8022439872867102e-05,9.41029997634806e-06,0.9951195838569026,6.199000026048295e-07,0.004583414123336829
62,1552,0.99783229808,0.004312904,1.4689767474,65536,10,0.018545553663487972,0.37630836432066467,0.0,3.41698799265068e-05,0.5854233218110031,0.0,0.019688590324925807
63,1555,0.92049965366,0.01263704,0.92049965366,65536,10,0.06954925305086272,0.010222589626568706,0.018918570218581916,0.016765174629018147,0.866279633598789,0.014159300487788812,0.004105478388432176
64,1558,0.99972584367,2.412912e-05,0.99972584367,65536,10,0.0004474470791315894,0.0,0.0,3.89238399492998e-05,0.7075008775589657,0.0,0.29201275152197614
65,1561,0.97292632338,0.01148948,1.3890803563,65536,10,0.07044936541468401,0.01848974674283843,0.003742043996324694,0.007980561105625339,0.7272867023919631,0.0,0.1720515803486196
66,1564,0.99962786869,4.008636e-06,0.99962786869,65536,10,0.0002894858199929567,0.0,1.9389379922613782e-05,9.74889998866386e-06,0.9982963102821147,1.543259987992955e-06,0.001383522357966444
67,1567,0.96575288087,0.00476147,1.0977894075,65536,10,0.2158180599666144,0.1732799085135465,0.009935779448603993,0.15753120371626522,0.20706807775633054,0.04358715816995321,0.192779812428687
68,1570,0.77477751707,0.0214685,0.77477751707,65536,10,0.24371611927828288,0.08675458779868239,0.0,0.07952819686297842,0.5152172067537709,0.049492033239416144,0.02529185606683286
69,1573,0.99970117906,7.349358e-06,0.99970117906,65536,10,0.0002805164596973599,0.0,1.3426139909458664e-05,2.5098840039945247e-05,0.7777690730317159,0.0,0.22191188552861335
70,1576,0.99454156036,0.006021638,1.6141875716,65536,10,0.019582805553239813,0.0030799602703214515,0.0,0.00046003785610864844,0.9345488096562351,0.0,0.04232838666410326
71,1579,0.90524076095,0.01797256,0.90524076095,65536,10,0.03855843722461607,0.0,0.12724847284856694,0.006342656583717157,0.8128244347907736,0.014050346419293553,0.0009756521330763391
72,1582,0.99834371471,0.0002117442,0.99834371471,65536,10,0.005801629093925534,0.02548656518326892,0.0,0.0009289426210217751,0.5202763130750376,0.0,0.44750655002674733
73,1585,0.95577425255,0.008917806,1.1765170365,65536,10,0.10425420212783026,0.02453730340442,0.011749108235493985,0.02113011286181484,0.49007092066259206,0.0018995518409466307,0.3463588008668891
74,1588,0.99964925464,1.084837e-05,0.99964925464,65536,10,0.00025363319922667895,0.0,1.8162999833509947e-05,8.937179951643992e-06,0.9980221012457877,8.033599976919405e-07,0.0016963620152371465
75,1591,0.99256998808,0.004833341,1.4539599435,65536,10,0.05553009464187567,0.02296697243288016,0.0,0.0007602059161571778,0.8826497040543594,0.0,0.03809302295473796
76,1594,0.83898191513,0.01212784,0.83898191513,65536,10,0.14485963802919807,0.021512152669484422,0.0,0.038249485301575806,0.7449718182124093,0.037060759601679906,0.013346146185610603
77,1597,0.99972458369,4.404147e-06,0.99972458369,65536,10,0.00032445391939164733,0.0,3.3371399728438332e-06,2.8146320067172572e-05,0.7607241826105211,0.0,0.23891988001007292
78,1600,0.98718757776,0.01028106,1.6162304435,65536,10,0.03734582499348689,0.03676462349326295,0.00032523520561246157,0.002654538971425818,0.848329172628792,0.0,0.0745806047074204
79,1603,0.98958397075,0.01250953,0.98958397075,65536,10,0.0008641134805438544,0.0,0.028187507404513642,4.035902026390075e-05,0.9702679035836376,2.130459993358991e-06,0.0006379860510136363
80,1606,0.99628334059,0.0003188449,0.99628334059,65536,10,0.07930359549683931,0.10322996732062892,0.0,0.05295967363630014,0.22682556674029775,0.0,0.5376811968059612
81,1609,0.73685514776,0.007263021,0.73685514776,65536,10,0.4027202888189655,0.08640889466471416,0.023862183707552075,0.1534707458424715,0.19472975307530796,0.10229652106031772,0.036511612830651075
82,1612,0.99967491044,7.565361e-06,0.99967491044,65536,10,0.0002609800792032825,0.0,1.7452839865375632e-05,2.21148799948055e-05,0.773060010496787,0.0,0.2266394417041703
83,1615,0.99721252263,0.002272436,1.6974037372,65536,10,0.017865006048772936,0.11986776035724798,0.0,0.0002000446396564078,0.8388466663191572,0.0,0.023220522635160223
84,1618,0.90093219303,0.01366867,0.90093219303,65536,10,0.06340710278931933,0.010454753334125785,0.05312140361546563,0.012718700716904917,0.8292292505302039,0.02747792018141589,0.0035908688325319367
85,1621,0.9982813751,0.0003638298,0.9982813751,65536,10,0.004671110971917124,0.03835891780513332,0.0,0.0005850123366545045,0.5230320215014416,0.0,0.4333529373848585
86,1624,0.96848109072,0.008754103,1.449411398,65536,10,0.07971074781344445,0.017491284112242555,0.0028884940467875575,0.010747458217986198,0.7008582689531959,0.0,0.18830374685630485
87,1627,0.99962836833,6.146651e-06,0.99962836833,65536,10,0.00025963165957947597,0.0,2.0952239837718372e-05,8.871639974520322e-06,0.9963881425178345,1.3621199938858265e-06,0.003321039822745985
88,1630,0.97606867605,0.007246998,1.3463837939,65536,10,0.08671398341798858,0.17642910028937145,0.003586780887136539,0.030165321477157704,0.5031179743371121,0.016801119799281262,0.18318571979194032
89,1633,0.75487737197,0.03011898,0.75487737197,65536,10,0.22856228341338206,0.08437966616235214,0.0,0.06869783134947531,0.5346707179320918,0.05740769052733195,0.026281810615339275
90,1636,0.99969437242,8.365522e-06,0.99969437242,65536,10,0.0002756329392860893,0.0,7.183299949487812e-06,2.323458002370594e-05,0.8068875433413463,0.0,0.1928064058394184
91,1639,0.99292249696,0.008127805,1.7923996441,65536,10,0.023230567679610528,0.0043063929837075555,0.0,0.0007277168279484203,0.9056604018593134,0.0,0.06607492064942729
92,1642,0.92578599254,0.0223883,0.92578599254,65536,10,0.022675116155469507,0.0,0.1264244346981527,0.0019000446777979688,0.842697942037921,0.0057336684647686965,0.0005687939658498
93,1645,0.9975372814,0.0003890943,0.9975372814,65536,10,0.011182551777239461,0.14097898808663192,0.0,0.0024418950602887006,0.2973541544282632,0.0,0.5480424106475718
94,1648,0.95158558727,0.0119388,1.1453410511,65536,10,0.1034597110907941,0.033758458658027346,0.004868688489030727,0.026183661837842265,0.4201003674493521,0.003352553148376318,0.4082765593265765
95,1651,0.99964938828,7.039072e-06,0.99964938828,65536,10,0.0002642060198590453,0.0,1.7576999938804222e-05,9.435259982626102e-06,0.9997073584401861,7.653400041091034e-07,6.579399991162196e-07
96,1654,0.9989804783,0.0007253617,1.7077298118,65536,10,0.006923547794351564,0.46037921631861356,0.0,7.691935995116584e-05,0.47054916562634186,0.0,0.06207115090073317
97,1657,0.83949737426,0.01880284,0.83949737426,65536,10,0.12836579643314025,0.022003378364703046,0.0005840462192303144,0.039032161177218964,0.7605963644856202,0.040673250989021935,0.008745002331051462
98,1660,0.99936741005,0.0001749291,0.99936741005,65536,10,0.001369584014502292,0.0,0.0,0.00010252370049141026,0.6476203699827102,0.0,0.35090752230227873
99,1663,0.98149522887,0.007960297,1.7109072105,65536,10,0.04604923640555939,0.03047223583716779,0.0005578032515115501,0.0032092247664937223,0.8249026106881643,0.0,0.09480888905109613
100,1666,0.99959833167,7.570476e-06,0.99959833167,65536,10,0.0002673453591766922,0.0,1.8466439848262646e-05,8.965359964816025e-06,0.9985683676033132,1.7308799805937231e-06,0.0011351243577482789
101,1669,0.9546385295,0.009281428,1.1602027832,65536,10,0.1489675874040006,0.1093610495173599,0.01592040550338924,0.14585782404099756,0.2267441375627961,0.05507421082471267,0.29807478514674063
102,1672,0.61978567961,0.009778137,0.61978567961,65536,10,0.4278695420740781,0.10150066171341454,0.0,0.15867403955062692,0.14429341375776147,0.11822100567349218,0.04944133723064126
103,1675,0.99966615312,6.854584e-06,0.99966615312,65536,10,0.0002464281797692555,0.0,1.3601739962034284e-05,2.088220000283286e-05,0.7898814713258712,0.0,0.20983761655436894
104,1678,0.99496295491,0.006011185,1.9039354591,65536,10,0.02353633546644697,0.021506540195738215,0.0,0.00026972566116631143,0.9283280484585646,0.0,0.026359350218071956
105,1681,0.87806668627,0.01370525,0.87806668627,65536,10,0.061863624349189204,0.01622153160169453,0.11347414845096952,0.009450714133941848,0.7705847599129632,0.027752250386643133,0.0006529711645983535
106,1684,0.99820543203,0.0001715722,0.99820543203,65536,10,0.005472859346586391,0.013644666583814457,0.0,0.0008238121601525734,0.516751903711536,0.0,0.4633067581979133
107,1687,0.96491785706,0.00484621,1.4563286603,65536,10,0.07976611713195605,0.05076014690935427,0.0,0.014725077961739741,0.6102839783277543,0.0011867639434456458,0.243277915725758
108,1690,0.99961746205,7.907004e-06,0.99961746205,65536,10,0.0002406273796257096,0.0,2.011633989156962e-05,8.467419977687896e-06,0.9986744229047828,1.2733600003864428e-06,0.0010550925956913228
109,1693,0.97043926079,0.02097777,1.5888099811,65536,10,0.1411766077216606,0.043378510505791244,0.0,0.00707998729903113,0.7216605255391229,0.0,0.08670436893439977
110,1696,0.72944103912,0.01846945,0.72944103912,65536,10,0.21998828723781041,0.08039448458748824,0.0,0.06740965976938317,0.5320415033810985,0.06970415940928865,0.0304619056148985
111,1699,0.99969187922,4.399305e-06,0.99969187922,65536,10,0.0002868618394987937,0.0,3.0983999875308316e-06,2.4941840006070436e-05,0.7916179230279604,0.0,0.20806717489256013
112,1702,0.99016824844,0.00495945,1.9315049573,65536,10,0.031101730443121853,0.004922082646866046,0.0,0.0019735959966914146,0.8934128688616229,0.0,0.06858972205169105
113,1705,0.98463080539,0.01745482,0.98463080539,65536,10,0.0010678326068421459,0.0,0.03366500393609431,5.1848840748201645e-05,0.964730504724921,0.00031429826550532483,0.00017051162592774118
114,1708,0.99560302187,0.0002917494,0.99560302187,65536,10,0.06801521982955039,0.07318952686204935,0.0,0.06614361638955663,0.15896557507902623,0.0,0.6336860618398424
115,1711,0.89812205336,0.01600874,1.0051248761,65536,10,0.1778818206852706,0.02623911598479121,0.0,0.060746133294561785,0.17647306458933984,0.015320995600735974,0.5433388698452641
116,1714,0.99963681961,5.840977e-06,0.99963681961,65536,10,0.00023165525983124066,0.0,1.7514820000808817e-05,1.9637040021215514e-05,0.800563677687451,0.0,0.19916751519266976
117,1717,0.99978605121,2.637994e-06,1.9492898938,65536,10,0.0006397704579516962,0.6022515556521705,0.0,3.070025989239587e-05,0.3785163861854776,0.0,0.018561587444515578
118,1720,0.8559701467,0.02202939,0.8559701467,65536,10,0.08797961686060803,0.020643592238305065,0.024009166177247354,0.019359630042280637,0.7878680987138984,0.05787885963923006,0.0022610363284725605
119,1723,0.99818477973,0.0003765673,0.99818477973,65536,10,0.0044114790066064734,0.02668965209693932,0.0,0.0004662415171991612,0.5198610598392772,0.0,0.4485715675399774
120,1726,0.97229177784,0.0117458,1.750884803,65536,10,0.06431246001862426,0.034588204007115146,0.0,0.009101486703368933,0.7459299770631991,0.0,0.14606787220769393
121,1729,0.99959387371,6.71839e-06,0.99959387371,65536,10,0.00024643193896301885,0.0,2.120291981317185e-05,8.021539954393309e-06,0.9987918460259989,1.5517199924374525e-06,0.0009309458553089466
122,1732,0.97084758596,0.007149967,1.4368354654,65536,10,0.08035843291709512,0.045888179878330805,0.0005652858006569983,0.044812230211264105,0.5996891564337372,0.017302027492939288,0.21138468726594473
123,1735,0.53394491797,0.01278439,0.53394491797,65536,10,0.42927346424962903,0.09669237548606767,0.0,0.15464314485280353,0.14269320737826352,0.1268335540482737,0.04986425398494749
124,1738,0.99966555126,8.160186e-06,0.99966555126,65536,10,0.00024834267998227326,0.0,1.2328239990321823e-05,2.0800660028138254e-05,0.8020054275288753,0.0,0.19771310089110153
125,1741,0.9990729159,0.002074974,2.0986385177,65536,10,0.002899701498839037,0.0034795749401685893,0.0,0.00025349675860948976,0.9889411014943844,0.0,0.004426125307991227
126,1744,0.88327827074,0.03262304,0.88327827074,65536,10,0.04131923475628354,0.0,0.14182970431766884,0.005839450410550976,0.786529592245874,0.021838388411172135,0.002643629858489781
127,1747,0.99657022497,0.0004786804,0.99657022497,65536,10,0.012766483704612171,0.11319952553663779,0.0,0.003475947077201455,0.25105107283147843,0.0,0.6195069708500746
128,1750,0.96173506697,0.006494726,1.411139588,65536,10,0.0744742930566669,0.02125334895540073,0.0,0.019090388022018314,0.5449556107347399,0.002350201099169128,0.33787615813199656
129,1753,0.99961191631,6.222266e-06,0.99961191631,65536,10,0.00024910657977830205,0.0,1.9251479983869646e-05,8.616239983217846e-06,0.9964885696795359,1.2224000063525546e-06,0.0032332336207064128
130,1756,0.99074172354,0.005902874,1.8837638044,65536,10,0.04405263916774209,0.018749348470320216,0.0,0.0028411894790074618,0.8975788687447329,0.0,0.036777954138205664
131,1759,0.76299428829,0.02138086,0.76299428829,65536,10,0.16814799299626484,0.08333420701042428,0.0,0.05949320575105773,0.594910491496035,0.06579370802686549,0.028320394719398182
132,1762,0.99932996061,0.0001506181,0.99932996061,65536,10,0.0012053378396585746,0.0,0.0,0.00011838525870528708,0.6167329104267311,0.0,0.3819433664749215
133,1765,0.98179425316,0.009409468,2.0196773382,65536,10,0.048923319214379125,0.09729204411311777,0.0,0.002095077308425601,0.7776785798238753,0.0,0.07401097954023605
134,1768,0.99956482052,6.621572e-06,0.99956482052,65536,10,0.0002601471192269209,0.0,1.8689739850945706e-05,8.22733996601683e-06,0.9985983314580874,2.0666799794684087e-06,0.0011125376628747562
135,1771,0.94062034785,0.006073024,1.1665896892,65536,10,0.1511231346311159,0.04012347950233298,0.0037930061449890024,0.19046898684467284,0.12600925011436,0.07672362336339082,0.4117585193991434
136,1774,0.71557663821,0.0153537,0.71557663821,65536,10,0.4438692031599622,0.05886919387913842,0.0,0.30574730916624776,0.0,0.1678829633393671,0.023631330455310802
137,1777,0.99963244746,6.116445e-06,0.99963244746,65536,10,0.00022972625995712703,0.0,1.596912002641768e-05,1.9487880013651127e-05,0.8170772142570092,0.0,0.18265760248296806
138,1780,0.99962604175,0.0002607054,2.175943796,65536,10,0.0016835747631454403,0.7219626546387852,0.0,3.174247992627016e-05,0.24882367067535105,0.0,0.027498357442809884
139,1783,0.85536212349,0.02034918,0.85536212349,65536,10,0.07300775687157647,0.01085328044066941,0.059433007401615126,0.01169068667483328,0.78332077305011,0.0589229570454172,0.0027715385157640327
140,1786,0.99810496589,0.0001727403,0.99810496589,65536,10,0.005148802065745861,0.013306343100691082,0.0,0.0005628982604513,0.4983525615381118,0.0,0.4826293950349997
141,1789,0.97281318804,0.006058916,1.7589488454,65536,10,0.06420496556979,0.017370182826643005,0.0,0.01088474723256296,0.7131415585124106,0.0,0.1943985458585892
142,1792,0.99958315291,7.585623e-06,0.99958315291,65536,10,0.00022794349947730395,0.0,2.0633159943291146e-05,7.684059973734466e-06,0.9937049369459543,1.457320001220403e-06,0.0060373450146830885
143,1795,0.9809674011,0.002503889,1.7301046156,65536,10,0.05991026127625944,0.01856582122000826,0.0,0.02246338636555341,0.7873310373979666,0.0,0.11172949374020903
144,1798,0.51375616124,0.01190962,0.51375616124,65536,10,0.3893874883841995,0.10546300890523716,0.0,0.12420325685702835,0.20799819395471145,0.1332341115426343,0.03971394035617585
145,1801,0.99966657909,1.196778e-05,0.99966657909,65536,10,0.0002644660996978312,0.0,4.920679988260664e-06,2.2115859992667243e-05,0.7801408764249954,0.0,0.21956762093534737
146,1804,0.99393359555,0.003686234,2.2446010154,65536,10,0.0202229248057406,0.010186598751969232,0.0,0.0010411801189315183,0.9264228044887634,0.0,0.042126491834586124
147,1807,0.98198019335,0.01142856,0.98198019335,65536,10,0.005379181558824143,0.0,0.03181098988128541,0.0002850951201874392,0.9603529674490063,0.001259551647551324,0.0009122143431180593
148,1810,0.99551548512,0.0003621168,0.99551548512,65536,10,0.03141897826043642,0.1430071207803011,0.0,0.024874402030118866,0.06341479517112596,0.0,0.7372847037580177
149,1813,0.9397155955,0.01607617,1.2875204888,65536,10,0.10076884402485843,0.02502572115966161,0.0,0.030949829340409914,0.35453155323651236,0.007702231572612302,0.4810218206659656
150,1816,0.96627965608,0.10539,0.96627965608,65536,10,0.00021773085924178687,0.0,0.10000172074758361,1.8007519950425162e-05,0.7003879561145447,0.0,0.1993745847587071
151,1819,0.99553004743,0.003856999,2.1563336379,65536,10,0.02454320644805407,0.07930223832445205,0.0,0.00025065544114592883,0.8853750128149078,0.0,0.01052888697144525
152,1822,0.74001414222,0.02389329,0.74001414222,65536,10,0.1525700308934506,0.01865911740467757,0.007329913271033114,0.04292331546662331,0.6577434765454342,0.10934123804252388,0.011432908376283808
153,1825,0.99797853626,0.0003405817,0.99797853626,65536,10,0.00435582937256559,0.025611407636140733,0.0,0.00036644440045161594,0.5371009945003591,0.0,0.4325653240904873
154,1828,0.97342572028,0.01606102,2.0628259893,65536,10,0.062179074463120786,0.0314035460652665,0.0,0.00548452787545754,0.8003346265855551,0.0,0.10059822501053407
155,1831,0.96623731526,0.1053844,0.96623731526,65536,10,0.0002262104795827441,0.0,0.1000047046899644,7.535159971569734e-06,0.8995238272134095,1.832179993248424e-06,0.00023589027703444797
156,1834,0.95388632416,0.01125181,1.4634330227,65536,10,0.1024552562695103,0.023401012748401097,0.0008465241734235655,0.07598988279673748,0.4494011934765628,0.024413248719982097,0.3234928818153526
157,1837,0.51044985291,0.008127493,0.51044985291,65536,10,0.49413872034487955,0.08853618230644623,0.0,0.21294075064509324,0.0,0.15446763757995766,0.049916709123641684
158,1840,0.99962352469,9.764629e-06,0.99962352469,65536,10,0.000228360819727046,0.0,1.2869580017211936e-05,1.9103619970493007e-05,0.8194966374690742,0.0,0.18024302851123575
159,1843,0.99541004987,0.00424632,2.3738196697,65536,10,0.02285062072038285,0.045871530885064266,0.0,0.0005274372166235604,0.8674872976127246,0.0,0.06326311356519566
160,1846,0.86609345571,0.02613539,0.86609345571,65536,10,0.05556623031111647,0.021393706427580678,0.09630467872936237,0.008745303409005546,0.7710808967819347,0.04045009171458699,0.006459092626372678
161,1849,0.99639874589,0.000276478,0.99639874589,65536,10,0.011258444055971076,0.10980117611420491,0.0,0.002487400664895178,0.23493254317295226,0.0,0.641520435991981
162,1852,0.96533261477,0.009849985,1.7011159212,65536,10,0.06775048177663137,0.041130065524881035,0.0,0.017681199752485697,0.5515338145990777,0.001312301162983764,0.3205921371838952
163,1855,0.9995704349,9.589778e-06,0.9995704349,65536,10,0.0002264830597219174,0.0,2.0059080045037173e-05,7.99387999696185e-06,0.9994820591717023,1.3949400077501988e-06,0.0002620098685619285
164,1858,0.97004507287,0.02577736,1.9969287242,65536,10,0.11680881793970087,0.01852749612189919,0.0,0.005786733219973104,0.7771409282219455,0.0,0.08173602449647842
165,1861,0.55498062258,0.02796378,0.55498062258,65536,10,0.30683248944657154,0.09338939447352974,0.0,0.11113410306089772,0.31835676938644375,0.1262142357290873,0.04407300790350753
166,1864,0.99945838814,7.826659e-05,0.99945838814,65536,10,0.0008051338810523068,0.0,1.0604800031220903e-06,9.755534049744133e-05,0.6593804109226094,0.0,0.33971583937581906
167,1867,0.98917714785,0.0101554,2.3531596994,65536,10,0.02955597364587024,0.008467920777881078,0.0,0.00204238430255249,0.9160455195015771,0.0,0.04388820177211198
168,1870,0.99952485488,4.296896e-06,0.99952485488,65536,10,0.0002569871394445798,0.0,1.8884679875140768e-05,8.280719979719089e-06,0.9976162304264725,2.0896199840421263e-06,0.0020975274142118095
169,1873,0.93221066248,0.009497326,1.1352213829,65536,10,0.13479844150925682,0.04005127078601128,0.005359061632762417,0.26258321182824895,0.017498873479003266,0.1049433423047963,0.43476579845993585
170,1876,0.88593527696,0.02757533,1.0775706909,65536,10,0.1597089211717724,0.02068906623448617,0.0,0.06299895056728572,0.09711264938554182,0.018702412980289598,0.6407879996606235
171,1879,0.99959262248,1.129481e-05,0.99959262248,65536,10,0.00021993263985997853,0.0,1.6518600068059224e-05,1.905541999126299e-05,0.8019663498753238,0.0,0.19777814346477965
172,1882,0.99979318039,2.717439e-06,2.4213741088,65536,10,0.0006061659152475447,0.6736737401047407,0.0,2.4374179802246884e-05,0.2836687834582072,0.0,0.04202693634200397
173,1885,0.75812839142,0.02153556,0.75812839142,65536,10,0.11778533366036265,0.020219672326195787,0.06271330330871819,0.02377038394934827,0.6579967333542691,0.10639074484864919,0.01112382855244607
174,1888,0.99800074018,0.000336313,0.99800074018,65536,10,0.004575665232944935,0.011449255254269491,0.0,0.0006751243217857933,0.5213152690517492,0.0,0.4619846861392553
175,1891,0.97536413537,0.01016588,2.0802688199,65536,10,0.05707317763174045,0.02501747925398394,0.0,0.009473942386305511,0.7088563034088209,0.0,0.1995790973191007
176,1894,0.99954700417,1.180775e-05,0.99954700417,65536,10,0.00022293903980621203,0.0,2.1588220006086995e-05,7.545219986147e-06,0.9995261776989756,1.7044600032727014e-06,0.00022004536119147708
177,1897,0.97113264499,0.00625932,1.798112788,65536,10,0.07429011363245472,0.06130390283399594,0.000539774783654502,0.028697324398808587,0.663748527957176,0.009040244121891094,0.16238011227204532
178,1900,0.42017887667,0.01975823,0.42017887667,65536,10,0.4715317918774356,0.11617643788417974,0.0,0.1753120882591988,0.0,0.169003406746611,0.06797627523255997
179,1903,0.99962931787,1.62726e-05,0.99962931787,65536,10,0.0002441100194909271,0.0,6.43714000860191e-06,2.03443599766304e-05,0.799430821645391,0.0,0.20029828683515383
180,1906,0.99769604565,0.004645504,2.5600062109,65536,10,0.008405263703678759,0.0016802013087650264,0.0,9.295233601741387e-05,0.9898211447715557,0.0,4.378799951022955e-07
181,1909,0.93928118705,0.01772085,0.93928118705,65536,10,0.02691909980325761,0.0,0.07107247457081546,0.002197129672371108,0.8851529177580397,0.011136400049685958,0.003521978145853242
182,1912,0.99545154839,0.0005388658,0.99545154839,65536,10,0.020633685259297936,0.11645047109146947,0.0,0.008928517868607525,0.06718222665926858,0.0,0.7868050991213552
183,1915,0.96000497193,0.00841739,1.5937582541,65536,10,0.06944934094251184,0.023833694614049817,0.0,0.022451792974172817,0.5352333444078515,0.003925045250447983,0.34510678181099785
184,1918,0.99955959396,8.631953e-06,0.99955959396,65536,10,0.00021165569976066404,0.0,2.0847540104297728e-05,1.8074719975194165e-05,0.7915558990489087,0.0,0.20819352299127783
185,1921,0.99451141636,0.005391937,2.3449685691,65536,10,0.022985640642945563,0.0066782455570399135,0.0,0.0010153988056782217,0.9573371420414342,0.0,0.01198357295289366
186,1924,0.63405736403,0.01865379,0.63405736403,65536,10,0.19524966613697686,0.061148501010741804,0.0009197273469598811,0.06355219413823207,0.4931355035978398,0.16038148851783215,0.02561291925139032
187,1927,0.9976410646,0.0003428718,0.9976410646,65536,10,0.004504844564579027,0.026183058081043896,0.0,0.00046437727901276187,0.5033543157366451,0.0,0.4654934043387189
188,1930,0.98301591965,0.01670035,2.4157808221,65536,10,0.043682092331007775,0.007149937134213568,0.0,0.0028761676041116524,0.8720542936354728,0.0,0.07423750929524021
189,1933,0.9726275654,0.08506883,0.9726275654,65536,10,0.0002294099794776759,0.0,0.07881824788758306,7.711419973632366e-06,0.9208001889794566,1.8543999911379332e-06,0.0001425873334832098
190,1936,0.93787468567,0.007217487,1.4507749044,65536,10,0.11533732372794293,0.1407203211067374,0.0019010894749339569,0.10600059756499285,0.14862338427049984,0.0355807096207703,0.45183657423414364
191,1939,0.77014589041,0.01437227,0.77541055959,65536,10,0.29970663692987093,0.0491956501486149,0.0,0.1563471460411896,0.0,0.04868366146110641,0.4460669054192595
192,1942,0.99958489494,1.103538e-05,0.99958489494,65536,10,0.0002161348595990522,0.0,1.534648004307201e-05,1.7987919975928065e-05,0.8175153417042156,0.0,0.1822351890361868
193,1945,0.99976170393,9.869585e-06,2.6624513346,65536,10,0.000778828883821026,0.7217986829501359,0.0,2.710628010908962e-05,0.24611671993561965,0.0,0.03127866195030542
194,1948,0.81494735862,0.02216907,0.81494735862,65536,10,0.07207845757631266,0.010939480291524849,0.1004278723697741,0.011802133740595829,0.7268191391963891,0.06956351994777825,0.008369396877573721
195,1951,0.99606447835,0.0004511456,0.99606447835,65536,10,0.010157855139502358,0.0684191677108412,0.0,0.0023805182413759204,0.28360060013051214,0.0,0.6354418587777713
196,1954,0.9706455019,0.006953086,2.0303932276,65536,10,0.06650559118181634,0.024310204924800155,0.0,0.014439159141050697,0.6251424808491248,0.0,0.26960256390325454
197,1957,0.99952750159,8.032231e-06,0.99952750159,65536,10,0.00020872841959051697,0.0,2.2622280069907547e-05,7.209159980807019e-06,0.9977258613552628,1.6265000063734998e-06,0.0020339522851185424
198,1960,0.97638801139,0.008744768,2.134418519,65536,10,0.07748367885464784,0.0210835158382732,0.0,0.012530339154614642,0.7489653083464023,0.0,0.13993715780605667
199,1963,0.38618571153,0.01576176,0.38618571153,65536,10,0.4304743971726164,0.08467425411594924,0.0,0.14965257507202273,0.10204656733599293,0.1812869858358161,0.051865220467619086
200,1966,0.99961352299,4.702642e-05,0.99961352299,65536,10,0.00031938441891170586,0.0,8.730980241422249e-06,2.8449179866943918e-05,0.7204997372134332,0.0,0.27914369820756635
201,1969,0.99412663415,0.003313587,2.6979276527,65536,10,0.01977664002137706,0.010087534219076627,0.0,0.0008318680712422505,0.9373921309637971,0.0,0.03191182672451683
202,1972,0.99873542244,0.002071291,0.99873542244,65536,10,0.00026920129915917145,0.0,0.0017662902055668077,8.293199961865374e-06,0.9970434687137836,2.3219799849428093e-06,0.0009104246015114637
203,1975,0.94931753509,0.008051961,1.0920859925,65536,10,0.10581814922029298,0.016107674424921798,0.003185350906552419,0.2940562920550764,0.0,0.10716141586360471,0.4736711175295822
204,1978,0.90920690524,0.01547439,1.3633664092,65536,10,0.13508807632710737,0.031612318618011774,0.0,0.04974824550683053,0.2285662744772872,0.012507042547497946,0.5424780425232663
205,1981,0.99954840773,1.028171e-05,0.99954840773,65536,10,0.00020478654020155866,0.0,1.9323020147394137e-05,1.6938179987518226e-05,0.8173532912525502,0.0,0.18240566100708677
206,1984,0.99625493531,0.003955437,2.6443563615,65536,10,0.018382441686252204,0.05066396270676492,0.0,0.0009054012913234303,0.9198065349641746,0.0,0.010241659351475875
207,1987,0.64785730744,0.02922232,0.64785730744,65536,10,0.1492859575588606,0.07033748097188743,0.05109657225440621,0.035010095431464064,0.49306533635758854,0.18181410786524663,0.019390449560587147
208,1990,0.99764700229,0.0004350606,0.99764700229,65536,10,0.004739899712658078,0.010456661988507391,0.0,0.0006519398345150993,0.5078804585260005,0.0,0.47627103993831704
209,1993,0.96633404928,0.0236075,2.4040390533,65536,10,0.07496480707586597,0.05190306244273542,0.0,0.005836838940856209,0.7543292103407877,0.0,0.11296608119967835
210,1996,0.99950921369,5.551111e-06,0.99950921369,65536,10,0.00021586757969316306,0.0,2.1439160009964354e-05,7.227199989153067e-06,0.998179583915028,1.6874000042024842e-06,0.001574194745307468
211,1999,0.96459251619,0.008487202,1.8368705142,65536,10,0.07473387095935738,0.02852397484944531,0.0,0.03952023831390107,0.552134246418528,0.013582767482172879,0.29150490197656703
212,2002,0.47326262928,0.0111069,0.47326262928,65536,10,0.4645245281387686,0.06470339365097384,0.0,0.2043264086299936,0.0,0.20495856116456415,0.06148710841571619
213,2005,0.99958474128,1.402465e-05,0.99958474128,65536,10,0.00021684902019608785,0.0,1.1655200057011433e-05,1.718258001333057e-05,0.8228738171846677,0.0,0.17688049601503958
214,2008,0.99750444359,0.002156318,2.8741570906,65536,10,0.011795335955449114,0.031920806305236436,0.0,0.00045551325477058484,0.9000716200136302,0.0,0.05575672447090461
215,2011,0.85306101686,0.03752804,0.85306101686,65536,10,0.04863081187988568,0.0,0.12880373767196113,0.006853055132355802,0.7717761659022839,0.041263805453265884,0.002672423960296829
216,2014,0.99501409597,0.0003536946,0.99501409597,65536,10,0.017193068837962882,0.08440692308615104,0.0,0.004857398655903376,0.08347291021969908,0.0,0.8100696992002828
217,2017,0.95808756295,0.009691241,1.9100935154,65536,10,0.07480652257738037,0.023864590044450584,0.0,0.0235966282360924,0.5731986972358867,0.002348705943103239,0.30218485596307854
218,2020,0.99950950647,9.834322e-06,0.99950950647,65536,10,0.00021028921983237957,0.0,2.204134013755228e-05,7.140219991603996e-06,0.9947506166645663,1.5963000104582547e-06,0.005008316255492714
219,2023,0.96767026267,0.03690594,2.4484703619,65536,10,0.12228581602539738,0.02132389395547083,0.0,0.004025998750773503,0.8139581525360333,0.0,0.03840613873238491
220,2026,0.42792617761,0.03863261,0.42792617761,65536,10,0.30193811499498596,0.0663546007589648,0.0,0.10189395313745571,0.2506268191029891,0.24845207328011823,0.030734438725454106
221,2029,0.99762965083,0.0004994468,0.99762965083,65536,10,0.004055305096487362,0.0,0.0,0.0002867857984846018,0.5766082282678907,0.0,0.4190496808371488
222,2032,0.98621397013,0.00974796,2.7819131374,65536,10,0.037218915813858604,0.009791454685436735,0.0,0.00253541223723235,0.8733420687139807,0.0,0.07711214854950252
223,2035,0.99948473579,9.269124e-06,0.99948473579,65536,10,0.00022440729932589088,0.0,2.209083985620363e-05,7.804159970852994e-06,0.9997432523008891,1.8493199875345947e-06,5.960800055307217e-07
224,2038,0.92189380371,0.01623631,1.3990458701,65536,10,0.1269791010952993,0.06578905795411773,0.0,0.14770863871124415,0.029848640060894206,0.05875701226998225,0.5709175499084335
225,2041,0.8894120539,0.0186118,1.1373877779,65536,10,0.14262856933441892,0.053157917034482846,0.0,0.0629784538708633,0.0,0.018559413974422307,0.7226756457858607
226,2044,0.99954171184,8.9565e-06,0.99954171184,65536,10,0.00020792772013706495,0.0,1.599914011150241e-05,1.7637879984365423e-05,0.7984274672877115,0.0,0.2013309679720318
227,2047,0.99979376556,3.736198e-06,2.9393350891,65536,10,0.0005388971758829791,0.4942046436405761,0.0,2.4838859828461917e-05,0.4677708686060576,0.0,0.03746075171765556
228,2050,0.68019508464,0.02200975,0.68019508464,65536,10,0.10405506265494051,0.018859086615954423,0.13925207145688803,0.026274266366725713,0.5528115895622988,0.14001101708704763,0.018736906256093415
229,2053,0.99636622303,0.0003783652,0.99636622303,65536,10,0.008166396797979257,0.060786843635866165,0.0,0.0015861181366696626,0.34225841529653456,0.0,0.5872022261329488
230,2056,0.97159961077,0.005670327,2.3929435726,65536,10,0.06190176012582999,0.038663991161451826,0.0,0.012903992806043596,0.7427041594192612,0.0,0.14382609648741418
231,2059,0.99948883593,8.6942e-06,0.99948883593,65536,10,0.0002084425798903604,0.0,2.240010011610269e-05,7.340739985708513e-06,0.99682970356506,1.6159600106073938e-06,0.002930497054954099
232,2062,0.97760909881,0.003614654,2.2344668904,65536,10,0.05652422799067368,0.10570593481843692,0.0,0.018281356123915474,0.6011147505967456,0.004234765205041771,0.21413896526518414
233,2065,0.36139105538,0.02520651,0.36139105538,65536,10,0.4691788922879262,0.08516755578675617,0.0,0.16529698081698618,0.0,0.19831106769237034,0.08204550341597096
234,2068,0.99959040035,1.46091e-05,0.99959040035,65536,10,0.00024235595961764506,0.0,4.672360009273083e-06,1.963041998504358e-05,0.7791287030695427,0.0,0.22060463819086756
235,2071,0.99610937657,0.00697442,3.0564215441,65536,10,0.013050548874328374,0.004111085671837995,0.0,0.00017119823957120205,0.9661614360982316,0.0,0.01650573111602045
236,2074,0.98100160766,0.01410431,0.98100160766,65536,10,0.002982022269419829,0.0,0.040952684137433824,0.0002440803166415848,0.9538347656519819,0.0006699832046472316,0.001316464419917286
237,2077,0.97063209579,0.001148543,1.0047558804,65536,10,0.14318920718315575,0.00819080189102163,0.0011711854759967372,0.46285463496269397,0.0,0.2758623238120145,0.10873184667508172
238,2080,0.95265718219,0.01048479,1.7466932222,65536,10,0.07364732091102695,0.025306354624462044,0.0,0.027071983553102735,0.42046466478850475,0.0052595905263889435,0.448250085596534
239,2083,0.99949876728,1.150948e-05,0.99949876728,65536,10,0.0001999178599286246,0.0,2.0187040146615858e-05,1.7414119982725625e-05,0.805575108150725,0.0,0.19418737282924114
240,2086,0.98847426974,0.009818584,2.8447594462,65536,10,0.04630927725092037,0.009302208529985478,0.0,0.0014655069804061867,0.8904915188145923,0.0,0.05243148842408188
241,2089,0.51203802351,0.02890451,0.51203802351,65536,10,0.19716203376262706,0.05688394315162001,0.012240841490377036,0.07909147240261252,0.38308728036741363,0.2508482706326584,0.02068615819273466
242,2092,0.99710727146,0.0004810675,0.99710727146,65536,10,0.005083009268743155,0.01274961591403387,0.0,0.0005915360428631147,0.5128525640268027,0.0,0.46872327474755604
243,2095,0.9674180295,0.03426143,2.7860505556,65536,10,0.06985020087454459,0.00821696772185015,0.0,0.0027937978761963123,0.8293300234294684,0.0,0.08980901009790691
244,2098,0.99946325899,1.269755e-05,0.99946325899,65536,10,0.00020424919987678373,0.0,2.121898004038362e-05,7.013459999999947e-06,0.9962074589162938,1.6856600068055889e-06,0.003558373783749331
245,2101,0.94485357642,0.008127329,1.8154291129,65536,10,0.10055510700591581,0.01697129910496017,0.0,0.07042809997167251,0.3876845822967376,0.02235131768884466,0.40200959393183294
246,2104,0.71892001327,0.01797937,0.71892001327,65536,10,0.3371281002785276,0.02718146291042441,0.0,0.39248638487664167,0.0,0.2240572874947942,0.019146764439634482
247,2107,0.99954551996,1.10118e-05,0.99954551996,65536,10,0.00021403084012930183,0.0,1.4962020105930608e-05,1.7818480010957246e-05,0.7799962637085397,0.0,0.21975692495119156
248,2110,0.99973630555,1.661973e-05,3.2066737262,65536,10,0.001021544051148722,0.760231192584983,0.0,4.5149219657668307e-05,0.22094314532598672,0.0,0.017758968818220804
249,2113,0.78126134759,0.02595784,0.78126134759,65536,10,0.06454634033084578,0.013207655085855696,0.13917855821997027,0.013798534776332102,0.6858477889788568,0.07671062303324319,0.006710499574906573
250,2116,0.99450729172,0.0004507579,0.99450729172,65536,10,0.015368339974175558,0.0780859003434728,0.0,0.0034611564135798925,0.1145283866853912,0.0,0.7885562165833818
251,2119,0.96653026994,0.007864071,2.2988129614,65536,10,0.06581310869070285,0.05512918422459549,0.0,0.018051461967677474,0.6408402665377358,0.0012347089336246205,0.21893126964569376
252,2122,0.99947014332,1.256665e-05,0.99947014332,65536,10,0.0002067479599630809,0.0,2.182994016224768e-05,7.378119998570271e-06,0.9991065592101999,1.593500012068615e-06,0.0006558912696335066
253,2125,0.97554519352,0.01771663,2.6193960054,65536,10,0.07271789969519812,0.025107479900772393,0.0,0.007999776842930354,0.8072726363050808,0.0,0.08690220725602031
254,2128,0.32277813086,0.02715834,0.32277813086,65536,10,0.3940755700277267,0.08117397995797479,0.0,0.1856415175078028,0.06886497090609833,0.20440438850077314,0.06583957309960554
255,2131,0.99834229077,0.0003252297,0.99834229077,65536,10,0.002540642439423868,0.0,0.0,0.0002653847994222845,0.575459050992111,0.0,0.42173492176905586
256,2134,0.99181597473,0.005926938,3.1904705281,65536,10,0.025453819702166026,0.005279863702315669,0.0,0.0011935212553331703,0.9408732113384334,0.0,0.027199584001757458
257,2137,0.97353796045,0.08191163,0.97353796045,65536,10,0.00021939039915522284,0.0,0.0775828664094296,7.254499978496808e-06,0.9218303570840249,1.921659984864753e-06,0.0003582099474656366
258,2140,0.91856779309,0.01242936,1.3267204746,65536,10,0.10624521982308857,0.03430104047290716,0.00047580140290083984,0.19064060474203065,0.0,0.07385758944975918,0.5944797441093034
259,2143,0.90053100451,0.02370862,1.4484126606,65536,10,0.13204776075968241,0.021860343140296973,0.0,0.05473792032331184,0.09787326749112164,0.01502245967052938,0.6784582486150453
260,2146,0.99949207575,7.317876e-06,0.99949207575,65536,10,0.00019663626004276315,0.0,1.888954013880367e-05,1.635873997754903e-05,0.8097315964482127,0.0,0.1900365190116243
261,2149,0.99753665423,0.002611616,3.213256498,65536,10,0.01308508423929309,0.09945894144021812,0.0,0.0005163793206931559,0.8624184664968293,0.0,0.02452112850297062
262,2152,0.5528509579,0.03944241,0.5528509579,65536,10,0.14826979022369483,0.0562394180261791,0.14317938596493449,0.041767457889695346,0.3779863106649424,0.2150537544314921,0.017503882799127384
263,2155,0.99694507493,0.000525623,0.99694507493,65536,10,0.005971263947975541,0.05310045849104725,0.0,0.0008030715800341307,0.3795807437386809,0.0,0.5605444622422633
264,2158,0.96854071446,0.0170271,2.793067119,65536,10,0.0650436334535671,0.039259501122851634,0.0,0.008219345071296647,0.7416855436340625,0.0,0.14579197671821384
265,2161,0.89946809198,0.16098,0.89946809198,65536,10,0.0001774650795871383,0.0,0.29997505329666396,6.208919993298313e-06,0.6998391881637899,1.6354400070784715e-06,4.491000072283239e-07
266,2164,0.97306640134,0.0054575,2.2948782805,65536,10,0.059240578544893,0.02777700454630401,0.0,0.023208610564763872,0.6369562787170988,0.007769235024312498,0.24504829260260222
267,2167,0.41321393539,0.02983612,0.41321393539,65536,10,0.4655886230834971,0.05387751615640633,0.0,0.19800431549457578,0.0,0.20430727130533793,0.0782222739601723
268,2170,0.9995485637,1.3825e-05,0.9995485637,65536,10,0.00022200191995500805,0.0,1.1286380059146692e-05,1.852795997770024e-05,0.7950576408557026,0.0,0.20469054288432859
269,2173,0.99289910103,0.008117436,3.4242413821,65536,10,0.032728215906371975,0.038094246332085864,0.0,0.0006030085828076817,0.8829448823915157,0.0,0.04562964678722408
270,2176,0.91934994455,0.02064989,0.91934994455,65536,10,0.01695777055327398,0.0,0.1111578088699076,0.0019613288152700884,0.8552935042496725,0.01323197424300684,0.0013976132689048019
271,2179,0.99511661977,0.0005466611,0.99511661977,65536,10,0.02260398096653928,0.08895523859882344,0.0,0.01298558729510349,0.009938607840964822,0.0,0.8655165852985673
272,2182,0.96250880026,0.01048631,2.1449659006,65536,10,0.0658660354436438,0.023131613467981118,0.0,0.021000668598829764,0.5445027953660907,0.003623240288410556,0.3418756468350021
273,2185,0.99943209991,1.217442e-05,0.99943209991,65536,10,0.0001880459798839307,0.0,2.305222016955355e-05,1.5755139942471725e-05,0.8063772650556691,0.0,0.19339588160436036
274,2188,0.9816869176,0.01525443,3.0390112586,65536,10,0.05804564229673778,0.009834316899472147,0.0,0.0030139043176286074,0.8771428194729192,0.0,0.051963317013245386
275,2191,0.41510647046,0.0392964,0.41510647046,65536,10,0.23716506486809386,0.04468536157537197,0.0,0.09561435677200927,0.28383601367571804,0.30319386248509994,0.03550534062374057
276,2194,0.99716772032,0.0004477964,0.99716772032,65536,10,0.004631991486559119,0.015015277937264544,0.0,0.00035928199859550466,0.5035732137452554,0.0,0.47642023483232304
277,2197,0.98417934691,0.01112867,3.2663413188,65536,10,0.044921815394755524,0.008363447967088364,0.0,0.0014122054419513036,0.8748489555645982,0.0,0.07045357563162129
278,2200,0.99943020294,5.356761e-06,0.99943020294,65536,10,0.00021338733960777256,0.0,2.151057999454123e-05,7.261439975522153e-06,0.9991933650896356,1.7045400035024014e-06,0.0005627710108160722
279,2203,0.93214991214,0.01293598,1.7719041055,65536,10,0.1117463382295118,0.13666384439723067,0.0,0.09200554914828048,0.06691958036937351,0.027713343984731225,0.5649513438708691
280,2206,0.89195082155,0.02361877,1.171556499,65536,10,0.12865906906659444,0.02753357208654185,0.0,0.0632705588058519,0.0,0.0206319640862418,0.7599048359548121
281,2209,0.99948148423,9.853317e-06,0.99948148423,65536,10,0.00020255732001109444,0.0,1.5781080112252607e-05,1.662049997271464e-05,0.7977319918714891,0.0,0.2020330492284369
282,2212,0.99979434009,4.282783e-06,3.5524919008,65536,10,0.0004955708388205466,0.562186214789824,0.0,2.0564779977890494e-05,0.43245573214223315,0.0,0.004841917449155089
283,2215,0.64093971019,0.04421429,0.64093971019,65536,10,0.09229100616189195,0.018286346690331058,0.16663956115985085,0.024234627892325708,0.5469061144208002,0.14280311151412203,0.008839232160622388
284,2218,0.9951036804,0.0003909391,0.9951036804,65536,10,0.010938580554512484,0.08457666171320338,0.0,0.0021758934778855024,0.14712670577179904,0.0,0.755182158482597
285,2221,0.97053575501,0.007448798,2.7424269601,65536,10,0.06310850952051968,0.02956046164729196,0.0,0.013729747034870511,0.6397487482500549,0.0,0.2538525335472822
286,2224,0.96607843376,0.1053848,0.96607843376,65536,10,0.00018174067994561024,0.0,0.10000714643493824,6.561939997680145e-06,0.898883585958135,1.5882600121348749e-06,0.0009193767269456517
287,2227,0.9850843906,0.004346057,2.781612808,65536,10,0.0425517794319054,0.008307128830654554,0.0,0.011202080569712771,0.7843732943036298,0.0,0.15356571686410278
288,2230,0.30519004217,0.03385317,0.30519004217,65536,10,0.45229478640788695,0.06677197489750156,0.0,0.1759517509573129,0.0,0.21243664286457037,0.09254484487272309
289,2233,0.99937958944,9.658356e-05,0.99937958944,65536,10,0.0006315152201583276,0.0,5.895399980894176e-06,4.918567951592519e-05,0.6469096146937836,0.0,0.35240378900657743
290,2236,0.99334792101,0.008567154,3.6319283362,65536,10,0.022653572589750353,0.011138399507573536,0.0,0.0005569833540042035,0.9482190268255142,0.0,0.0174320177231642
291,2239,0.99711381044,0.005862226,0.99711381044,65536,10,0.0003163984801805441,0.0,0.005208945456840875,7.417319975853845e-06,0.9927262112433176,2.038839984228844e-06,0.0017389886596604113
292,2242,0.92299631287,0.009198879,1.2213476601,65536,10,0.09355243090295166,0.01808819218064788,0.0007704514981439926,0.22495664247511993,0.0,0.1026913620862404,0.5599409208568904
293,2245,0.93220467082,0.01402056,1.8712370126,65536,10,0.09910367063881478,0.03440744044527808,0.0,0.040720534607732034,0.2545384230560513,0.008690023310218632,0.5625399079418651
294,2248,0.9994269734,1.166175e-05,0.9994269734,65536,10,0.00018382868008623475,0.0,1.9823060163061365e-05,1.4076939959382538e-05,0.8257014754360895,0.0,0.1740807958836792
295,2251,0.99347309352,0.005473937,3.490253373,65536,10,0.026431074698917336,0.01960109507942881,0.0,0.0009036507899253547,0.9192925207516834,0.0,0.03377165868004779
296,2254,0.46545544792,0.03322698,0.46545544792,65536,10,0.1632025825397837,0.03880321663945629,0.10457680985690418,0.05476404505954925,0.31932057797049057,0.29700580273498667,0.02232696519889224
297,2257,0.99646688212,0.0006413036,0.99646688212,65536,10,0.0057340466841078646,0.05283785798043563,0.0,0.0007151551819220826,0.39121623416688406,0.0,0.549496705986643
298,2260,0.96919767856,0.01948028,3.2634703083,65536,10,0.06808681811713324,0.005546675496680342,0.0,0.004687735613442984,0.8160025057938931,0.0,0.10567626497888122
299,2263,0.99939485179,1.22005e-05,0.99939485179,65536,10,0.0002016824598905365,0.0,2.22339601314498e-05,7.476880002520567e-06,0.998650967534768,1.6169600110330032e-06,0.001116022205189201
300,2266,0.95582389127,0.007642361,2.2971509731,65536,10,0.0883272492986545,0.022071084407175107,0.0,0.04625020340006503,0.48109961783590094,0.011681395701812277,0.35057044935636306
301,2269,0.63309916286,0.01846627,0.63309916286,65536,10,0.36458932723349163,0.02882996510493999,0.0,0.3242498225121351,0.0,0.22183950395467478,0.060491381194772584
302,2272,0.99949222335,1.180372e-05,0.99949222335,65536,10,0.00020888126017805324,0.0,1.2989920101568609e-05,1.7076359994913264e-05,0.7744013086974825,0.0,0.22535974376221965
303,2275,0.9995878034,7.327594e-05,3.8665696185,65536,10,0.00216403418171525,0.776020269703084,0.0,8.718471878961956e-05,0.20995454627742133,0.0,0.011773965118998198
304,2278,0.79949619123,0.03128102,0.79949619123,65536,10,0.06454795892708447,0.024623277438972194,0.15167231634260375,0.010274420089706377,0.6858713526924098,0.060209976521681356,0.0028006979875889026
305,2281,0.99431475827,0.0005326364,0.99431475827,65536,10,0.01731729693244901,0.0734449339115441,0.0,0.005878990983247597,0.02898118943118536,0.0,0.8743775887415659
306,2284,0.95977953174,0.012404,2.5897176233,65536,10,0.07616005010397218,0.033897078139895905,0.0,0.020552684121694684,0.5579066556184353,0.0025015633768961996,0.3089819686391373
307,2287,0.99937995023,1.444843e-05,0.99937995023,65536,10,0.00018683957996034223,0.0,2.1282300167942342e-05,6.6954399974673975e-06,0.9989679933028773,1.5581800131783862e-06,0.0008156311970091189
308,2290,0.95847307164,0.0216047,3.1763460631,65536,10,0.12157869092891102,0.011671781644683564,0.0,0.006113071486636881,0.7973982813838734,0.0,0.06323817455586633
309,2293,0.25649037351,0.0223847,0.25649037351,65536,10,0.31784934524064906,0.0577347733844956,0.0,0.14124891429428138,0.08881367748604752,0.3507238220797195,0.04362946751479328
310,2296,0.99682416417,0.0004307774,0.99682416417,65536,10,0.004479854824655236,0.020698343248327852,0.0,0.0004994420805542288,0.5264988612073849,0.0,0.4478234986390798
311,2299,0.99182663921,0.007849535,3.7905405787,65536,10,0.0224653054518687,0.004509587014069056,0.0,0.0011564478428436325,0.8969535536084546,0.0,0.07491510608274068
312,2302,0.96604715127,0.1053948,0.96604715127,65536,10,0.0001943246590799661,0.0,0.1000052902739633,6.918679967406393e-06,0.8997915217670273,1.7322399978034256e-06,2.1237999751859575e-07
313,2305,0.91864092136,0.02423804,1.6897072025,65536,10,0.11390837338709944,0.07616568021264368,0.0,0.11495196445660402,0.0,0.047572325270396586,0.6474016566732614
314,2308,0.8953213464,0.02773495,1.529653023,65536,10,0.1280977542936959,0.05985798435616687,0.0,0.06198874848270771,0.0,0.016216169081568383,0.733839343785908
315,2311,0.99941687078,9.973002e-06,0.99941687078,65536,10,0.0001890834598878653,0.0,1.9764020150248575e-05,1.5706359949791197e-05,0.7924521385676259,0.0,0.20732330759240997
316,2314,0.99821984023,0.0007938105,3.9236668525,65536,10,0.011551291704551542,0.3875138075106344,0.0,0.0002334144579447953,0.5698491685939316,0.0,0.03085231773294223
317,2317,0.50843329832,0.02665414,0.50843329832,65536,10,0.13061423789113968,0.04870168462531745,0.20170925709115736,0.03520049233713965,0.352288807520849,0.21344004396269714,0.01804547657174304
318,2320,0.9949188447,0.0005347497,0.9949188447,65536,10,0.009427588406901681,0.032163890819744696,0.0,0.0016261425312284665,0.2538098711096084,0.0,0.7029725071325156
319,2323,0.97448208151,0.008097679,3.2679408867,65536,10,0.05422916191935482,0.0514192615534722,0.0,0.01065165921088676,0.6971930959005724,0.0,0.1865068214157074
320,2326,0.99934723357,1.28628e-05,0.99934723357,65536,10,0.00019730595993726934,0.0,2.160692016828829e-05,7.2450000003675506e-06,0.9983411578865973,1.5783800114864493e-06,0.0014311058532589366
321,2329,0.97370071254,0.003879957,2.8721318381,65536,10,0.06188002699474673,0.06378341092430452,0.0,0.02081719268162343,0.6178146672763175,0.004840312266742673,0.23086438985627664
322,2332,0.3484145436,0.03062238,0.3484145436,65536,10,0.46969298697890993,0.04877460940172993,0.0,0.18923305814019617,0.0,0.20267707601828466,0.08962226946087266
323,2335,0.99941155105,0.000236738,0.99941155105,65536,10,0.00022573827990344532,0.0,0.0002307358526118514,1.7569399979233993e-05,0.7662685705417186,0.0,0.2332573859258122
324,2338,0.99473324283,0.006387432,4.1353314598,65536,10,0.02202759230909176,0.013817017254420543,0.0,0.00028259125521345774,0.944240776798293,0.0,0.019632022382953453
325,2341,0.97110386816,0.01654761,0.97110386816,65536,10,0.002188348363886967,0.0,0.055263600876333946,0.0002564815939486682,0.9384828570303686,0.001252658391881482,0.0025560537435464067
326,2344,0.94454392776,0.006249702,1.0815212454,65536,10,0.08139324252435003,0.006952510677699999,0.00141503280567893,0.3428113265470502,0.0,0.1372862154847589,0.43014167196048214
327,2347,0.95191184137,0.008637042,2.3746667957,65536,10,0.0754665556864586,0.02188942618199829,0.0,0.02642224594335615,0.49528436101349765,0.005962914831715797,0.37497449634296764
328,2350,0.99935042221,1.515712e-05,0.99935042221,65536,10,0.00018175497982721994,0.0,2.2728420166765384e-05,1.4206439962951918e-05,0.801090068192519,0.0,0.19869124196754848
329,2353,0.98032817402,0.008616708,3.7513827635,65536,10,0.05685507507133815,0.010373262168282655,0.0,0.0035963231919398124,0.872390480179313,0.0,0.05678485938912941
330,2356,0.38678851364,0.03599036,0.38678851364,65536,10,0.18585618477218965,0.034928429429529236,0.009823403145876876,0.06992181354715787,0.2949522559742987,0.379657572494663,0.024860340636238872
331,2359,0.99606952359,0.0006188365,0.99606952359,65536,10,0.005615398022395926,0.060634530052898816,0.0,0.0005267181185427027,0.3840476021988001,0.0,0.5491757516073551
332,2362,0.9771350358,0.02489267,3.8474692035,65536,10,0.05280010361581573,0.013514709857879958,0.0,0.0017103302456410432,0.8769258906546277,0.0,0.05504896562606228
333,2365,0.89935385981,0.1609793,0.89935385981,65536,10,0.00016703246002704693,0.0,0.29997580949105235,5.83314000318296e-06,0.6997298563886447,1.630300011232773e-06,0.00011983822021309338
334,2368,0.93228977431,0.01145966,2.2560684187,65536,10,0.11462738242697222,0.033463073810458835,0.0,0.0747854911708474,0.3023902490218665,0.02071193561879496,0.45402186795103183
335,2371,0.89628915899,0.01629795,1.1877581921,65536,10,0.11257394690110384,0.016126557073759287,0.0,0.055117252581492505,0.0,0.024843810388038866,0.7913384330555732
336,2374,0.99940744486,9.323363e-06,0.99940744486,65536,10,0.000193041000163391,0.0,1.5590080133940134e-05,1.548726000213237e-05,0.8036219289432864,0.0,0.19615395271638952
337,2377,0.99979633919,2.66277e-06,4.3443298938,65536,10,0.0005103262594853682,0.5920269342904249,0.0,1.969143996357748e-05,0.38778506056851847,0.0,0.019657987441611128
338,2380,0.65562089774,0.03414073,0.65562089774,65536,10,0.08960340592123545,0.011661725744267623,0.18878197222032023,0.020987318914368915,0.5539380504064083,0.12295558665725052,0.012071940136178329
339,2383,0.99341403579,0.0006093252,0.99341403579,65536,10,0.015557977807019095,0.08790173070283061,0.0,0.0039050493060623376,0.022951820982189227,0.0,0.8696834212018963
340,2386,0.97360409597,0.006676776,3.1832290169,65536,10,0.056344877639653644,0.07956910360043914,0.0,0.014408294899920897,0.5852666100574743,0.0007224252195853249,0.26368868858292366
341,2389,0.96598321681,0.1053859,0.96598321681,65536,10,0.00018431897965991953,0.0,0.10000607380883476,6.674299991860317e-06,0.8958575732534652,1.5722400116859977e-06,0.0039437874180858
342,2392,0.97964881919,0.005045454,3.4694301199,65536,10,0.05732885469995133,0.009768842047206685,0.0,0.011158374447598261,0.7820216049456863,0.0,0.13972232385956018
343,2395,0.2190316372,0.02771803,0.2190316372,65536,10,0.384419352798649,0.052252882068331716,0.0,0.15509709482006906,0.0,0.3283383916711933,0.07989227864177535
344,2398,0.99673838651,0.0004778006,0.99673838651,65536,10,0.004409532782334152,0.0,0.0,0.0002174636402627928,0.5381122085347064,0.0,0.4572607950427076
345,2401,0.99478423116,0.006974618,4.3924969738,65536,10,0.016973118630586377,0.005648518350274945,0.0,0.000452908264846403,0.9528337773063398,0.0,0.02409167744795693
346,2404,0.99931133734,8.170676e-06,0.99931133734,65536,10,0.00019914881979373196,0.0,2.1874739951971418e-05,7.3060999862779504e-06,0.999768992540251,1.7780800017051833e-06,8.997199810955989e-07
347,2407,0.91259925914,0.0155077,1.5796701043,65536,10,0.1048028535363936,0.025772986158658494,5.307990059675442e-05,0.14734523224128962,0.0,0.054914819724087856,0.6671110284389913
348,2410,0.91034125558,0.007390364,2.007373589,65536,10,0.12053175097094117,0.03191346761051075,0.0,0.055038954022323415,0.15099866699839978,0.012551802727979396,0.6289653576697978
349,2413,0.99933120088,1.250173e-05,0.99933120088,65536,10,0.0001815942598723639,0.0,2.2656440165656942e-05,1.461119995026896e-05,0.8047814349359003,0.0,0.19499970316413542
350,2416,0.99495601321,0.007501039,4.3383580068,65536,10,0.0210732562571844,0.013111078622107275,0.0,0.0004711853596116432,0.9592054839295984,0.0,0.006138995831495344
351,2419,0.43886900166,0.03090714,0.43886900166,65536,10,0.12472129388389959,0.026877838459268912,0.24099849014847402,0.042469094340520944,0.269960427822659,0.2757929224759503,0.01917993286927372
352,2422,0.99562576646,0.0005346349,0.99562576646,65536,10,0.006942269665885772,0.026756896103970074,0.0,0.0008866764033370565,0.38891154048782056,0.0,0.5765026173389804
353,2425,0.96924026331,0.01733306,3.8736482203,65536,10,0.06501447089005875,0.007885565672400176,0.0,0.0049619156262037745,0.8158196382899063,0.0,0.10631840952135944
354,2428,0.99928057209,9.847846e-06,0.99928057209,65536,10,0.0001888019999283278,0.0,2.1450220168791387e-05,7.019640003614053e-06,0.9990078683610892,1.5772200122330089e-06,0.0007732825587913279
355,2431,0.96813721848,0.008105207,2.9710656339,65536,10,0.06195064623430496,0.028778907402036917,0.0,0.026377736974111395,0.5822715713784316,0.006467229156792016,0.2941539088543288
356,2434,0.53842888452,0.02606904,0.53842888452,65536,10,0.39377786947682564,0.02929513950203752,0.0,0.2261069986026132,0.0,0.22675549859821548,0.12406449382032012
357,2437,0.99941639315,1.300592e-05,0.99941639315,65536,10,0.00020840419972081202,0.0,1.1107260064774504e-05,1.6996739940685006e-05,0.7626562593214671,0.0,0.23710723247882623
358,2440,0.99862472168,0.0006459581,4.7454178669,65536,10,0.008759672584943866,0.41883406559856967,0.0,0.00015901269974982925,0.5350209769737829,0.0,0.03722627214297335
359,2443,0.87690622025,0.0272289,0.87690622025,65536,10,0.03544613945624059,0.0,0.14624649039796023,0.004202562157688934,0.7895896929928639,0.02167806107203723,0.0028370539232569505
360,2446,0.99484779576,0.0004843071,0.99484779576,65536,10,0.02227289453342297,0.05182868661540352,0.0,0.020437547095168603,0.003062557764779396,0.0,0.9023983139912242
361,2449,0.9634493106,0.01061738,2.9924321605,65536,10,0.06556068629020853,0.029187572707785464,0.0,0.021017729677692974,0.6125176769631385,0.0030562286112145163,0.26866010574992333
362,2452,0.96594473217,0.1053896,0.96594473217,65536,10,0.00017466471978750417,0.0,0.10000776914371601,1.3241079952443238e-05,0.7058686106198916,0.0,0.1939357144366874
363,2455,0.97971348779,0.01841764,4.0977664728,65536,10,0.05832807302989008,0.018453842852019807,0.0,0.003680985765134647,0.8640713995613276,0.0,0.05546569879162541
364,2458,0.26376570837,0.05549613,0.26376570837,65536,10,0.21385545847780088,0.027570879548666306,0.006721191982683914,0.08792416155521275,0.14859196328264346,0.4588137029712415,0.05652264218178556
365,2461,0.99540072151,0.000572753,0.99540072151,65536,10,0.005923416550137193,0.009844609977718409,0.0,0.00045326190253303615,0.45257262242860785,0.0,0.5312060891410044
366,2464,0.97662109335,0.02931044,4.5283173352,65536,10,0.05458964382744916,0.0064546659030864295,0.0,0.002732323663371452,0.8719348251581734,0.0,0.0642885414479147
367,2467,0.99926663997,1.39355e-05,0.99926663997,65536,10,0.0001956622401019116,0.0,2.2348640151401035e-05,7.525600001853172e-06,0.997532245033261,1.6314000140492734e-06,0.0022405870864430286
368,2470,0.92247864266,0.01417314,2.22151595,65536,10,0.12157228134183327,0.08325607800505026,0.0,0.08684808384046917,0.03746277684509281,0.025531717158824557,0.6453290628087668
369,2473,0.89894941724,0.02568446,1.6341741603,65536,10,0.12214660840329436,0.03518457667573816,0.0,0.05731472755522106,0.0,0.017128066086712284,0.768226021279029
370,2476,0.99931591967,1.516997e-05,0.99931591967,65536,10,0.00018634423979687102,0.0,1.9604980137168744e-05,1.478557994001787e-05,0.7984330141296336,0.0,0.20134625107051504
371,2479,0.99912798034,0.0002649463,4.9127044736,65536,10,0.006025645965820415,0.7297784609418266,0.0,0.00023666394236259824,0.26177974760285033,0.0,0.0021794815471370198
372,2482,0.48608341964,0.03932208,0.48608341964,65536,10,0.1071182701113609,0.039463546191219466,0.26743824188881005,0.028958927532227816,0.3351910454551472,0.20603330287978108,0.015796665941512186
373,2485,0.99338087489,0.0007566763,0.99338087489,65536,10,0.01215016325532091,0.06527018831960595,0.0,0.0024372514373940993,0.09897009763986021,0.0,0.8211722993478248
374,2488,0.97564886348,0.005153271,3.8925912419,65536,10,0.05113974162387945,0.04356292392223715,0.0,0.012554413369433961,0.7011036840424932,0.0,0.19163923704199437
375,2491,0.99920516768,1.473325e-05,0.99920516768,65536,10,0.0001809374799945898,0.0,2.113824017199756e-05,6.762820006049816e-06,0.9962534210062534,1.5579000125180674e-06,0.0035361825535364776
376,2494,0.97856600254,0.006709154,3.7154927909,65536,10,0.04776634215587912,0.008352286175054994,0.0,0.015221805125741226,0.7846821492921726,0.0,0.14397741725114635
377,2497,0.26534655347,0.02407319,0.26534655347,65536,10,0.4642652641615017,0.04350008497686776,0.0,0.19007741461272396,0.0,0.22803743929559142,0.07411979695332001
378,2500,0.99890287435,0.0002132423,0.99890287435,65536,10,0.0010774442187208289,0.0,9.570800062794586e-07,8.045110010227607e-05,0.5966861110470554,0.0,0.4021550365541004
379,2503,0.98570109413,0.008227909,5.0781895723,65536,10,0.05649267751840776,0.02461012696471881,0.0,0.000638561374226113,0.8670306994508394,0.0,0.051227934691758
380,2506,0.99904133108,0.0005909592,0.99904133108,65536,10,0.00025678221856731404,0.0,0.00020867284279135336,7.563779962042654e-06,0.9995242802987407,1.9021199864276587e-06,7.987399853211673e-07
381,2509,0.92330363606,0.01809628,1.4444652588,65536,10,0.07988353456020764,0.011255563559736942,0.0004422005072325219,0.15235353680141522,0.0,0.06394671271468148,0.6921184518567457
382,2512,0.93725763514,0.01178053,2.6708181439,65536,10,0.09573713733157187,0.020606931982374503,0.0,0.03824209963631011,0.387620760416016,0.007040417174480891,0.4507526534592721
383,2515,0.99922994836,1.809785e-05,0.99922994836,65536,10,0.000181774980128338,0.0,2.2584200201017174e-05,1.5495719987839117e-05,0.7915076000743322,0.0,0.2082725450253289
384,2518,0.9883849923,0.009078676,4.8251333755,65536,10,0.039042216916507645,0.007415507985210968,0.0,0.002125163934916255,0.9091089998132097,0.0,0.04230811135016582
385,2521,0.40715323858,0.03477689,0.40715323858,65536,10,0.15206311056602645,0.020975984172812063,0.10331084244078273,0.05489946242643478,0.2997663915876292,0.34548133643749634,0.023502872368777815
386,2524,0.99530119918,0.000583288,0.99530119918,65536,10,0.006221585217155357,0.027052514970261485,0.0,0.0007084355986560242,0.40225556733657714,0.0,0.5637618968773569
387,2527,0.9403226591,0.07118854,4.5298942161,65536,10,0.12853183001536234,0.007598041948098162,0.0,0.0022540839779333233,0.8147523192110966,0.0,0.04686372484752492
388,2530,0.89920058045,0.1609906,0.89920058045,65536,10,0.00016166878027357555,0.0,0.2999775782630307,6.044460011207664e-06,0.699852883096607,1.5962600147291385e-06,2.291399993433953e-07
389,2533,0.95069860235,0.008323079,3.0359222946,65536,10,0.08425358902386125,0.05376196171748607,0.0,0.04556062559795043,0.44639558298275595,0.010819616929869503,0.3592086237480526
390,2536,0.89457387868,0.02082863,1.177622645,65536,10,0.10676503979648104,0.010674602084690281,0.0,0.05444495231310253,0.0,0.028456406211218897,0.7996589995945257
391,2539,0.9993000024,1.618734e-05,0.9993000024,65536,10,0.0001906619797913103,0.0,1.5531840115762264e-05,1.553031995321182e-05,0.7965438939900414,0.0,0.20323438187012163
392,2542,0.99979337189,7.241096e-07,5.5032571686,65536,10,0.00046555054017987843,0.4853013153105432,0.0,1.7008719993531545e-05,0.4922413985087935,0.0,0.02197472692047811
393,2545,0.70332646463,0.03138819,0.70332646463,65536,10,0.08057768429404452,0.014824638308259593,0.1710926708602914,0.01721567807071062,0.6108802083301828,0.09907597379818178,0.006333146338278832
394,2548,0.9938273072,0.0008370047,0.9938273072,65536,10,0.016648163691335472,0.049339517758137094,0.0,0.004987257770185183,0.01282533761037466,0.0,0.9161997231699643
395,2551,0.96794491285,0.005089276,3.7829253332,65536,10,0.06261058550943342,0.03891058990716965,0.0,0.016555656171565517,0.6409567733086008,0.0013631249640982846,0.23960327013914257
396,2554,0.96582167721,0.1053941,0.96582167721,65536,10,0.0001755957801899676,0.0,0.10000676696758448,6.613560007473955e-06,0.8995786235079611,1.5576200148018798e-06,0.0002308425641983112
397,2557,0.97037537972,0.01345722,4.4856170507,65536,10,0.07570787213396986,0.017283496158996804,0.0,0.007192346635591374,0.8561395734565437,0.0,0.043676711614940404
398,2560,0.13016839107,0.02148801,0.13016839107,65536,10,0.28303922160738787,0.03857188419866181,0.0,0.15079228714170057,0.0,0.47848898771491355,0.04910761933732123
399,2563,0.99531230543,0.0004803026,0.99531230543,65536,10,0.005287180936806927,0.010794412047613115,0.0,0.0004209682407483463,0.4849595472094924,0.0,0.4985378915653383
400,2566,0.99370074985,0.004627158,5.5133894631,65536,10,0.019580604757456065,0.008342496213619767,0.0,0.0016648634523955077,0.9247563362992702,0.0,0.045655699277279214
401,2569,0.99917703784,1.170831e-05,0.99917703784,65536,10,0.00018779279984601293,0.0,2.2488100107875347e-05,7.0099599946072355e-06,0.9993852783962986,1.6473400105770676e-06,0.00039578340375332865
402,2572,0.91185398507,0.01080468,2.1589745965,65536,10,0.12034029299698318,0.04523831279903294,0.0,0.10050152893290132,0.0,0.03539489064273066,0.6985249746283393
403,2575,0.9031909781,0.01755341,2.2443060974,65536,10,0.1254980105678087,0.0750433174237602,0.0,0.06071197604589923,0.0,0.0128969049812114,0.7258497909812891
404,2578,0.99918178418,2.420731e-05,0.99918178418,65536,10,0.00017579272009473457,0.0,2.2488580199780932e-05,1.4142819964755126e-05,0.7917779862672953,0.0,0.20800958961242286
405,2581,0.99502326051,0.005422252,5.6310154246,65536,10,0.020176903873479684,0.017106290304083036,0.0,0.0005936820509371685,0.9260462233819513,0.0,0.036076900389553815
406,2584,0.38624560313,0.04751425,0.38624560313,65536,10,0.11444437978219667,0.022861424200402276,0.30528206987721884,0.045551829589327554,0.241681237941813,0.24690223699591024,0.02327682161308218
407,2587,0.99326496155,0.0007329173,0.99326496155,65536,10,0.009746236795359929,0.034732129375646785,0.0,0.0016331604650310673,0.1745837775717628,0.0,0.779304695792201
408,2590,0.97057798039,0.01424468,4.8097636343,65536,10,0.059354693467541214,0.005400792689489365,0.0,0.00838553774542565,0.8252478554152137,0.0,0.10161112068234121
409,2593,0.99908979576,1.788454e-05,0.99908979576,65536,10,0.0001774620798816935,0.0,2.1082860160008307e-05,6.598079994156606e-06,0.999612726313291,1.549820011493212e-06,0.00018058084669576922
410,2596,0.97148499966,0.00513785,4.0007346129,65536,10,0.059494445910803655,0.025388349220096956,0.0,0.0197259047218274,0.5571598608819233,0.003940013649560893,0.33429142561578534
411,2599,0.41255692499,0.02591126,0.41255692499,65536,10,0.4267409819739607,0.030809176607002,0.0,0.2020527676137665,0.0,0.23879049703504046,0.10160657677022117
412,2602,0.99927843757,2.274414e-05,0.99927843757,65536,10,0.00021142388029129193,0.0,6.073400049997519e-06,1.588730000262493e-05,0.770125176375494,0.0,0.22964143904414308
413,2605,0.99458470535,0.004318919,6.1078573434,65536,10,0.029198087052487613,0.10784891492967143,0.0,0.00044087440397746553,0.782456875260704,0.0,0.08005524835315543
414,2608,0.96508267878,0.0190877,0.96508267878,65536,10,0.003518170387239667,0.0,0.06554540179391084,0.0003914847901742443,0.9264809911749701,0.0018277035685246694,0.002236248285222555
415,2611,0.94084118171,0.00998758,1.2408261874,65536,10,0.05570482118275786,0.004285583021507702,0.0,0.19685244364414334,0.0,0.07661078710473186,0.6665463650468739
416,2614,0.96302503862,0.007696687,3.6014691264,65536,10,0.06023078665991466,0.024252447542227495,0.0,0.020677349122514274,0.5483474421579435,0.0040793670144779305,0.34241260750290775
417,2617,0.99907604727,2.758737e-05,0.99907604727,65536,10,0.00017366235984849277,0.0,2.2512640166801328e-05,1.3669299943526744e-05,0.7930156431548933,0.0,0.20677451254517182
418,2620,0.9859062488,0.01681672,5.5052850885,65536,10,0.03836111008277944,0.018888723324732622,0.0,0.002468876287131079,0.9030059381706643,0.0,0.03727535213468873
419,2623,0.27732757209,0.02827679,0.27732757209,65536,10,0.1778444574712733,0.018451196559137482,0.021190881705379763,0.07061344223575346,0.21826355016199894,0.4670210922482221,0.026615379618215546
420,2626,0.99448184028,0.0009805296,0.99448184028,65536,10,0.0059539715888296575,0.02482789249937221,0.0,0.0006669239028580527,0.42192415623093066,0.0,0.546627055778007
421,2629,0.99148224172,0.005866053,5.904354209,65536,10,0.02147383200136308,0.012715701356538617,0.0,0.0016911746478895442,0.9412551312854645,0.0,0.022864160708749783
422,2632,0.96572954136,0.1053995,0.96572954136,65536,10,0.00017344897986592073,0.0,0.10000720899998117,6.6989800007308726e-06,0.8998107949001732,1.5844200130410825e-06,2.637199964639716e-07
423,2635,0.93533846851,0.00798436,3.1343886277,65536,10,0.10280616378741643,0.18547837407940657,0.0,0.062117465337289346,0.06303974843064783,0.014149539695804124,0.5724087086694178
424,2638,0.90944439062,0.01253037,1.8055668419,65536,10,0.10054266234962639,0.016878581932595046,0.0,0.055347464817231976,0.0,0.017724636766730674,0.809506654133809
425,2641,0.9991440268,1.143872e-05,0.9991440268,65536,10,0.00017767872014757633,0.0,1.9508880165288594e-05,1.3647499952838977e-05,0.8002359661136597,0.0,0.19955319878605
426,2644,0.99939110447,0.000169338,6.5536242838,65536,10,0.0035694309739480834,0.5443850908003354,0.0,0.0002104849586942571,0.42073352230642985,0.0,0.031101470960598825
427,2647,0.44405436784,0.01723955,0.44405436784,65536,10,0.11276373957722767,0.04124682816700518,0.2931807389357666,0.034659212491570925,0.29749528196961067,0.2129986425324649,0.007655556326419261
428,2650,0.99248840399,0.0008830638,0.99248840399,65536,10,0.01427052171010308,0.046583969236659487,0.0,0.0031502785354628874,0.017940061454134553,0.0,0.9180551690636477
429,2653,0.9712886488,0.006880698,4.9095605919,65536,10,0.05938316051850101,0.05184238708056596,0.0,0.015304148793069,0.6044490888132904,0.0,0.26902121479454116
430,2656,0.99898663835,1.790045e-05,0.99898663835,65536,10,0.0001818338600785471,0.0,2.0991160181112985e-05,7.212080008792718e-06,0.9980917718796457,1.5527800149537283e-06,0.0016966382400398952
431,2659,0.98066928355,0.006416106,5.143246472,65536,10,0.04793414717912281,0.006462855891137113,0.0,0.010250096494635402,0.825031027516312,0.0,0.11032187291879825
432,2662,0.15208337745,0.02243227,0.15208337745,65536,10,0.35060026211485157,0.030348460515293083,0.0,0.1624998407599953,0.0,0.39833550905711457,0.05821592755275906
433,2665,0.99538833762,0.0008019916,0.99538833762,65536,10,0.004296305151204879,0.017069062696099275,0.0,0.00026940271879197735,0.5026657823633834,0.0,0.4756994470705214
434,2668,0.99644436826,0.005827522,6.8452030355,65536,10,0.012431077764578486,0.009208629159261308,0.0,0.00035219865722895915,0.9499669136177776,0.0,0.028041180801164377
435,2671,0.96572332825,0.1053899,0.96572332825,65536,10,0.00017798945976675714,0.0,0.10000790153706682,6.7990599945489665e-06,0.8986667083904529,1.6823000067115348e-06,0.0011389192526971425
436,2674,0.90862466617,0.02142412,2.0918775884,65536,10,0.10830452103842242,0.020567577421735178,0.0,0.10867504607715116,0.0,0.04114035236563506,0.7213125030970682
437,2677,0.922743896,0.01335912,3.2007678892,65536,10,0.10987287154150548,0.03265711833492228,0.0,0.048419820445293006,0.23844774986299758,0.008998817770685235,0.5616036220446311
438,2680,0.99898280538,2.406085e-05,0.99898280538,65536,10,0.00017073828016337615,0.0,2.2457800211148946e-05,1.3612859981061856e-05,0.7879305951380522,0.0,0.2118625959215729
439,2683,0.99573693015,0.006972606,6.7294896729,65536,10,0.013726834753175005,0.005828544630244074,0.0,0.0006442710657966322,0.9478868996698511,0.0,0.031913449880923976
440,2686,0.38106454387,0.05824666,0.38106454387,65536,10,0.11513561306785493,0.013562145639657627,0.2789401020068242,0.043214413458094715,0.23978324327788866,0.2775732124322502,0.03179127011746368
441,2689,0.99412034848,0.0008835311,0.99412034848,65536,10,0.006592699156323658,0.028795203659613335,0.0,0.0007832729781770158,0.3304833494339311,0.0,0.6333454747719551
442,2692,0.97088917358,0.02411374,6.2211809692,65536,10,0.06372714237896836,0.0033624853150887772,0.0,0.0028592577837767558,0.8613675819502322,0.0,0.0686835325718562
443,2695,0.96557320334,0.1053966,0.96557320334,65536,10,0.0001682018397030406,0.0,0.10000672267730909,6.277239984164043e-06,0.8985686073840472,1.5646800104295219e-06,0.0012486261789953859
444,2698,0.96553318317,0.007582017,4.4500330645,65536,10,0.06411256100060368,0.04811686217162056,0.0,0.025740463276913577,0.5391110467199715,0.00515980756255993,0.3177592592683435
445,2701,0.89024064175,0.02168663,1.1601817738,65536,10,0.106357897470114,0.00812602812492275,0.0,0.060330494825745574,0.0,0.028554651127314704,0.7966309284519238
446,2704,0.99908980157,2.323239e-05,0.99908980157,65536,10,0.0001790954802626935,0.0,1.5380920133188343e-05,1.3496979967485763e-05,0.8045769934044064,0.0,0.1952150332152073
447,2707,0.99973740607,2.055068e-05,7.6659551879,65536,10,0.0009233299612304024,0.7870895468807267,0.0,5.18694601410202e-05,0.19969627244380636,0.0,0.012238981254067036
448,2710,0.82301948546,0.01890432,0.82301948546,65536,10,0.05489753136528149,0.0,0.13480701235232043,0.010079871714120768,0.7481549642483848,0.04705861143170187,0.005002008888246201
449,2713,0.99477106544,0.0005079449,0.99477106544,65536,10,0.023325377735123887,0.03425295202290763,0.0,0.04370524992640594,0.0,0.0,0.8987164203155634
450,2716,0.9656160232,0.005774897,4.9520825643,65536,10,0.060035398065128434,0.03779216860491553,0.0,0.019117260983853076,0.6121791462741439,0.003148111473586877,0.2677279145984105
451,2719,0.99883569369,1.335285e-05,0.99883569369,65536,10,0.00017054292015420544,0.0,2.245182019622779e-05,1.3009399972657873e-05,0.7849602905262885,0.0,0.214833705333367
452,2722,0.97249034193,0.02718617,6.5215734161,65536,10,0.07340387472297309,0.0066519179262909175,0.0,0.0047106216421317695,0.8803752822939058,0.0,0.03485830341470066
453,2725,0.08776351015,0.01200928,0.08776351015,65536,10,0.196434163299056,0.028226458675981128,0.015037750776612107,0.09538105304715996,0.0,0.6136224436694588,0.0512981305317441
454,2728,0.99277965307,0.001085696,0.99277965307,65536,10,0.0063612613852095466,0.030598352876289356,0.0,0.00039299794121977325,0.3592764366488176,0.0,0.6033709511484631
455,2731,0.99475422405,0.008699873,7.7501457026,65536,10,0.013788356868748226,0.002690771086807134,0.0,0.0007950968567725521,0.973554319660452,0.0,0.009171455527229509
456,2734,0.9988556433,2.124668e-05,0.9988556433,65536,10,0.00017319045989508486,0.0,2.1395620158329195e-05,6.291819995358522e-06,0.9992010169674248,1.5819800123502877e-06,0.0005965231525484717
457,2737,0.90783897831,0.01742945,3.2966789461,65536,10,0.13020969862502849,0.07900474145641227,0.0,0.08863728185069325,0.0,0.022559633412990804,0.6795886446548393
458,2740,0.91316034902,0.01369494,2.8005664806,65536,10,0.10650654092776231,0.03243728238002866,0.0,0.05978067534981076,0.0,0.012151235357934933,0.7891242659844858
459,2743,0.99886470252,2.433712e-05,0.99886470252,65536,10,0.00016531198019974428,0.0,2.2472420213067512e-05,1.2614679988737125e-05,0.8190742211950466,0.0,0.1807253797245298
460,2746,0.99033476857,0.009248271,8.2485988682,65536,10,0.04696752364213543,0.040266537540295785,0.0,0.000576032901689121,0.8797657707992904,0.0,0.03242413511659463
461,2749,0.37711211355,0.03964179,0.37711211355,65536,10,0.11055179826097955,0.018498600231939912,0.3264582083553454,0.04308268961593264,0.24324535043862408,0.23631639304361468,0.021846960053610233
462,2752,0.99007808149,0.001048703,0.99007808149,65536,10,0.012977726413136598,0.04753354096148772,0.0,0.0023589329349036152,0.04936338148198073,0.0,0.8877664182084927
463,2755,0.98305256083,0.008772308,6.8804079136,65536,10,0.033393730915015504,0.004922948883013242,0.0,0.006965484548638733,0.8747337848709403,0.0,0.07998405078239279
464,2758,0.99869292967,2.692136e-05,0.99869292967,65536,10,0.00017252098029508207,0.0,2.0921400208328867e-05,6.493600005592193e-06,0.9971542409429202,1.5470400167007267e-06,0.0026442760365268203
465,2761,0.97667821687,0.007740731,6.2110630354,65536,10,0.0479282738260022,0.0366993779705961,0.0,0.012822187000073718,0.7125807426894688,0.003506395445908814,0.1864630230679262
466,2764,0.30222161169,0.02964088,0.30222161169,65536,10,0.4365853651017679,0.028178290832558267,0.0,0.18402966310077312,0.0,0.22379011051259717,0.12741657045231558
467,2767,0.99727983538,0.0006057609,0.99727983538,65536,10,0.00237031853708321,0.0,0.0,9.602776036249292e-05,0.5602192565601234,0.0,0.43731439714242515
468,2770,0.98714149649,0.005812001,9.1108147296,65536,10,0.06748575643788911,0.1067471907511885,0.0,0.0018504707076373403,0.7755648985273315,0.0,0.048351683575881425
469,2773,0.99878960951,2.759982e-05,0.99878960951,65536,10,0.00018347049996832136,0.0,2.121398006481985e-05,6.717119994294364e-06,0.998260928703595,1.7111200062736996e-06,0.0015259585763394456
470,2776,0.90915702533,0.01193373,2.0353930474,65536,10,0.08979048059614984,0.008926824583253936,0.0,0.11782512492482976,0.0,0.043623503221303844,0.7398340666744713
471,2779,0.96122096454,0.009237384,5.0257588321,65536,10,0.05964048939761981,0.012083823827824997,0.0,0.022865322607476393,0.5188985696088775,0.0040094520535069915,0.3825023425046982
472,2782,0.96528865666,0.1054008,0.96528865666,65536,10,0.00015760064012077015,0.0,0.10000904706430751,1.1358719988296425e-05,0.7140059350676762,0.0,0.18581605850787494
473,2785,0.98354804755,0.02394775,8.7068975109,65536,10,0.04069798721160815,0.00632555407366847,0.0,0.0007935918935180965,0.9013692860213134,0.0,0.05081358079990536
474,2788,0.37003206504,0.04549169,0.37003206504,65536,10,0.13515988318068003,0.010553271704256004,0.14006789065129324,0.06081298111731653,0.2736193627841801,0.35473646779568146,0.025050142766628564
475,2791,0.99211182368,0.001116929,0.99211182368,65536,10,0.006352303238653874,0.024687788090878897,0.0,0.0006777573018314653,0.38909516096966545,0.0,0.5791869903989698
476,2794,0.98310136197,0.01347682,9.0365640327,65536,10,0.03915420690622953,0.008291383192193632,0.0,0.0020850944425147813,0.9116505275166297,0.0,0.03881878794241727
477,2797,0.99852901252,2.36106e-05,0.99852901252,65536,10,0.00016863445985067007,0.0,2.1011180157587808e-05,6.592959989600279e-06,0.9993012618154294,1.5612600111299006e-06,0.0005009383245949061
478,2800,0.95322220956,0.007604326,5.3958520876,65536,10,0.07367718479321543,0.019710763001851875,0.0,0.03858806951519547,0.5282134188562202,0.007893878386699383,0.3319166854468175
479,2803,0.91210647951,0.01507519,2.2566618807,65536,10,0.09191085908514142,0.009940611767814099,0.0,0.05431362249032934,0.0,0.018069730804652618,0.8257651758520379
480,2806,0.96536619821,0.1054084,0.96536619821,65536,10,0.00016106061996926948,0.0,0.1000081719641099,1.2007019975677752e-05,0.7058732384830869,0.0,0.1939455219128445
481,2809,0.99826155275,0.0006150143,10.818562092,65536,10,0.010954377998599104,0.700939433767793,0.0,0.0007759133740314623,0.26831594049347524,0.0,0.01901433436610272
482,2812,0.40244384443,0.03789012,0.40244384443,65536,10,0.12062485341300226,0.012871803527417746,0.2723770319342279,0.0382681080458128,0.3104508277333748,0.2247410135704945,0.020666361775720298
483,2815,0.99261682598,0.0009960881,0.99261682598,65536,10,0.015227837250786748,0.03147620725640653,0.0,0.0038529443477686065,0.0,0.0,0.9494430111450394
484,2818,0.97500053353,0.004346392,7.8347577052,65536,10,0.0514274870750725,0.0578559108960766,0.0,0.013802534066372397,0.6115902888819386,0.0010047782100054898,0.2643190008705576
485,2821,0.99832221263,2.900902e-05,0.99832221263,65536,10,0.0001684481200709616,0.0,2.244084019160448e-05,1.3381059963973331e-05,0.7880067638482208,0.0,0.2117889661315283
486,2824,0.9880788603,0.005955301,9.1855631941,65536,10,0.023665499116817926,0.004383926385667752,0.0,0.005876084677580649,0.8821479126594174,0.0,0.08392657716051037
487,2827,0.06393888935,0.019581,0.06393888935,65536,10,0.1920926358073908,0.014727218974715767,0.0,0.10032876828052523,0.0,0.6458251100756783,0.04702626686171714
488,2830,0.98894577671,0.001087647,0.98894577671,65536,10,0.006269257027253216,0.048289968054929897,0.0,0.0004457858382237018,0.3700879219575679,0.0,0.5749070671220199
489,2833,0.99168496544,0.01259783,11.962684117,65536,10,0.029840593417572246,0.004963883049717503,0.0,0.0003101822428241074,0.9395272937771808,0.0,0.025358047512711906
490,2836,0.9316660762,0.1405316,0.9316660762,65536,10,0.0001544174597527563,0.0,0.19999295460647012,5.740739990049335e-06,0.7996176994777132,1.5962000114008319e-06,0.00022759151611274707
491,2839,0.91389215832,0.02256469,4.1093910577,65536,10,0.10943147669261638,0.0258582149862858,0.0,0.07464769655120639,0.0,0.024941704154347724,0.7651209076155112
492,2842,0.90587182232,0.01838153,5.0539508994,65536,10,0.12294716075289752,0.08482144172521264,0.0,0.06659958576163158,0.0,0.011251579109889913,0.7143802326503477
493,2845,0.99819912924,3.456879e-05,0.99819912924,65536,10,0.00016261072007417245,0.0,2.2458660188843068e-05,1.22697799780111e-05,0.8133026473030089,0.0,0.1865000135367246
494,2848,0.99573889633,0.008442234,12.97377769,65536,10,0.014023849794261207,0.0050201042268903,0.0,0.0009807796136311,0.9601900525916413,0.0,0.019785213773566786
495,2851,0.33420745248,0.0398545,0.33420745248,65536,10,0.09978911135444403,0.00896178763463984,0.3610191160119699,0.04288565360066588,0.22528432500910775,0.24726593709369854,0.01479406929542435
496,2854,0.98470142829,0.001496275,0.98470142829,65536,10,0.01207961239268473,0.05119451151533126,0.0,0.0015998757145095305,0.09359852898793301,0.0,0.8415274713895395
497,2857,0.98915195371,0.007046684,12.192456992,65536,10,0.022722898327429467,0.0043271523659975135,0.0,0.0027909525120591487,0.897955727375514,0.0,0.07220326941902222
498,2860,0.93118634047,0.1405271,0.93118634047,65536,10,0.00015853479969553939,0.0,0.1999934490222457,6.038399994853912e-06,0.7994967096934197,1.551380011914683e-06,0.00034371670468253665
499,2863,0.96692695268,0.009722717,9.623944826,65536,10,0.05797627713760105,0.030355801067501933,0.0,0.020653572012191552,0.6212672783894506,0.004758144095921273,0.26498892729735607
500,2866,0.90852134158,0.01688087,1.3419321573,65536,10,0.08285057654924458,0.0047986001606004376,0.0,0.05281716908462888,0.0,0.024096858935083305,0.8354367952704607
501,2869,0.99815964234,7.978775e-05,0.99815964234,65536,10,0.00025864433907643553,0.0,1.2731980088645936e-05,1.3198399948577249e-05,0.7884907141310357,0.0,0.2112247111498768
502,2872,0.99357646675,0.002643734,16.967452807,65536,10,0.0393411385423309,0.6912564397178959,0.0,0.0017697649951452466,0.24760374348239772,0.0,0.020028913262213784
503,2875,0.99784930945,0.0001032602,0.99784930945,65536,10,0.0002704352195024247,0.0,2.187507997292193e-05,6.713859990529744e-06,0.9965569722718949,1.7450399997295236e-06,0.003142258528671397
504,2878,0.92558945422,0.01360566,2.3135216876,65536,10,0.06401703666589484,0.00459593085706435,0.0,0.09078353876605727,0.0,0.03495164368641265,0.8056518500245736
505,2881,0.96932619798,0.00821282,11.131632251,65536,10,0.05059856354356798,0.01919127194684975,0.0,0.01716162286102932,0.6223495768337163,0.002730747687025477,0.28796821712779463
506,2884,0.9971670756,6.861475e-05,0.9971670756,65536,10,0.0001612234400139975,0.0,2.2416520183620445e-05,1.205819996916374e-05,0.7971858829732877,0.0,0.20261841886654094
507,2887,0.98840806165,0.007081359,17.889317198,65536,10,0.026987597554576623,0.004544563037357902,0.0,0.004229437588302923,0.8716689158920352,0.0,0.0925694859277407
508,2890,-0.00632694385,0.04759991,-0.00632694385,65536,10,0.17678078655925725,0.020580709184579753,0.05759518386680115,0.09782527256749321,0.0,0.5913082748910709,0.05590977293082731
509,2893,0.98384306967,0.002501223,0.98384306967,65536,10,0.00579871859471455,0.016225066560676422,0.0,0.0005161048405436049,0.3697698211918407,0.0,0.6076902888122251
510,2896,0.99253308072,0.01355532,23.438416691,65536,10,0.019160774193895665,0.004057661068372629,0.0,0.0005724486855940963,0.9633481833830195,0.0,0.012860932669110427
511,2899,0.92959061283,0.1405845,0.92959061283,65536,10,0.00015555814005639037,0.0,0.19999393279196778,5.790559995447358e-06,0.7998430652479243,1.5593200135159865e-06,9.393999940612689e-08
