# Memory one: the strict Nash equilibria among the 16 binary memory-one strategies at eps = 1e-4, at each of the
# 512 games (data/games), and the share of the population on them (SI Figures 6a-c and 7a-c). One row per game,
# in ipt order. Strategy s = 0..15: bit j of s is 1 if s cooperates after outcome j = 0 CC, 1 CD, 2 DC, 3 DD
# (own action first); ALLD 0, Grim 1, TFT 5, WSLS 9, ALLC 15. A mask is sum over the strategies s in the set of 2^s.
# F2 = the run at N = 100, beta = 3, mu = 1e-4; F1 = the run at N = 1000, beta = 100, mu = 1e-2; both eps = 1e-4 (the runs' names in the kits).
# Made by provenance/strict/reduce_strict.py from FinalFigures/strictne.py (exact rational arithmetic).
# Columns:
#   ipt, u, v          the game, (R, S, T, P) = (1, u, 1 + v, 0), as in data/games/games.csv
#   n_strict           number of strict Nash equilibria among the 16 at eps = 1/10000 (SI Figure 6a)
#   n_weak             number of weak (non-strict inequality) equilibria; equal to n_strict at every game
#   strict_mask        the strict equilibria, as a mask
#   n_eff_strict       number of them that are efficient in the limit eps -> 0 (SI Figure 7a)
#   eff_strict_mask    those, as a mask
#   eff_mask           the strategies efficient in the limit at this game (CCCC, CDDC, CCCD below the switch line)
#   nash_limit_mask    the strategies stable in the limit eps -> 0, ties admitted (DiskM1WF's exact classification)
#   ntot_F2, ntot_F1   the number of sampled individual-generations of the run (the denominator of a share)
#   share_F2, share_F1         the share of the population on the strict equilibria (SI Figure 6b, 6c)
#   share_eff_F2, share_eff_F1 the same for the efficient strict equilibria (SI Figure 7b, 7c)
# Each share equals sum of c_F2 (c_F1) over the game's rows of m1_sets.csv, divided by ntot_F2 (ntot_F1), exactly.
ipt,u,v,n_strict,n_weak,strict_mask,n_eff_strict,eff_strict_mask,eff_mask,nash_limit_mask,ntot_F2,ntot_F1,share_F2,share_F1,share_eff_F2,share_eff_F1
0,-0.091796875,0.083984375,2,2,513,1,512,33408,513,50000000000,50000000000,0.99952434904,0.96024470206,0.9995088803,0.95890783048
1,0.0185546875,-0.21484375,3,3,33536,2,33280,33408,33664,50000000000,50000000000,0.99958649508,0.9594542467,0.9995689511,0.95810407154
2,0.169921875,0.2216796875,1,1,512,1,512,33408,512,50000000000,50000000000,0.99935325528,0.9546527618,0.99935325528,0.9546527618
3,-0.3251953125,-0.0576171875,4,4,33537,2,33280,33408,33665,50000000000,50000000000,0.9996312467,0.96232155954,0.99959715254,0.9600946206
4,0.31640625,-0.201171875,3,3,33536,2,33280,33408,33664,50000000000,50000000000,0.9994993459,0.87177655504,0.99948149462,0.87028525604
5,-0.107421875,0.400390625,2,2,513,1,512,33408,513,50000000000,50000000000,0.99939868604,0.95770991594,0.9993449538,0.9557787399
6,-0.2080078125,-0.400390625,4,4,33537,2,33280,33408,33665,50000000000,50000000000,0.99964153858,0.96229094778,0.89967241554,0.96029931104
7,0.4560546875,0.166015625,1,1,512,1,512,33408,512,50000000000,50000000000,0.9988880086,0.9523168461,0.9988880086,0.9523168461
8,-0.4775390625,0.197265625,2,2,513,1,512,33408,513,50000000000,50000000000,0.99957328744,0.96155253714,0.99955513086,0.96018588696
9,0.2314453125,-0.49609375,3,3,33536,2,33280,33408,33664,50000000000,50000000000,0.59869660724,0.52776987774,0.5986825318,0.526726823
10,0.171875,0.5498046875,1,1,512,1,512,33408,512,50000000000,50000000000,0.99678741058,0.9499446649,0.99678741058,0.9499446649
11,-0.521484375,-0.302734375,5,5,33539,2,33280,33408,33667,50000000000,50000000000,0.99966041808,0.9642840245,0.9397551191,0.96131045186
12,0.615234375,-0.134765625,2,2,33280,2,33280,33408,33408,50000000000,50000000000,0.99877021572,0.7045356241,0.99877021572,0.7045356241
13,-0.376953125,0.5361328125,2,2,513,1,512,33408,513,50000000000,50000000000,0.99721513264,0.95821114734,0.99501593692,0.95611529594
14,-0.0869140625,-0.673828125,5,5,49921,2,33280,33408,50049,50000000000,50000000000,0.6468642249,0.51514871956,0.64682658114,0.51228222656
15,0.5380859375,0.453125,1,1,512,1,512,33408,512,50000000000,50000000000,0.74200175944,0.44204427274,0.74200175944,0.44204427274
16,-0.7255859375,0.0302734375,3,3,515,1,512,33408,515,50000000000,50000000000,0.99965323546,0.96360364526,0.99961984978,0.96100332638
17,0.5302734375,-0.5283203125,2,2,33280,2,33280,33408,33408,50000000000,50000000000,0.50716595374,0.52668545782,0.50716595374,0.52668545782
18,-0.03515625,0.76953125,2,2,513,1,512,33408,513,50000000000,50000000000,0.96022475742,0.953158453,0.9316690277,0.95098855866
19,-0.5078125,-0.6083984375,6,6,49923,2,33280,33408,50051,50000000000,50000000000,0.94909824688,0.8951627333,0.94905647638,0.89198171912
20,0.8056640625,0.1083984375,1,1,512,1,512,33408,512,50000000000,50000000000,0.80506488358,0.84506669908,0.80506488358,0.84506669908
21,-0.68359375,0.4755859375,3,3,515,1,512,33408,515,50000000000,50000000000,0.99775285138,0.96342974034,0.99082297404,0.95936193418
22,0.1875,-0.83203125,3,3,33536,2,33280,33408,33664,50000000000,50000000000,0.53896739022,0.52161097076,0.5389584226,0.52097823692
23,0.43359375,0.7568359375,1,1,512,0,0,0,512,50000000000,50000000000,0.1541878038,0.00271891752,0.0,0.0
24,-0.849609375,-0.271484375,5,5,33539,2,33280,33408,33667,50000000000,50000000000,0.9997207351,0.78297856644,0.99967892556,0.77834022026
25,0.8271484375,-0.3818359375,2,2,33280,2,33280,33408,33408,50000000000,50000000000,0.51094484496,0.55058874432,0.51094484496,0.55058874432
26,-0.359375,0.857421875,2,2,513,1,512,33408,513,50000000000,50000000000,0.84007549302,0.95706415756,0.68828731356,0.95481834994
27,-0.3212890625,-0.8916015625,5,5,49921,2,33280,33408,50049,50000000000,50000000000,0.65181410566,0.52036345368,0.65178375326,0.51784511448
28,0.85546875,0.44921875,1,1,512,0,0,0,512,50000000000,50000000000,0.01812495892,0.00374028536,0.0,0.0
29,-0.951171875,0.2509765625,3,3,515,1,512,33408,515,50000000000,50000000000,0.99962327662,0.96432235332,0.99948787052,0.96099541732
30,0.5419921875,-0.8427734375,2,2,33280,2,33280,33408,33408,50000000000,50000000000,0.49758397674,0.52201374936,0.49758397674,0.52201374936
31,0.1728515625,1.00390625,0,0,0,0,0,0,0,50000000000,50000000000,0.0,0.0,0.0,0.0
32,-0.8193359375,-0.6337890625,6,6,49923,2,33280,33408,50051,50000000000,50000000000,0.87435788714,0.96681707318,0.87431356842,0.96395643654
33,1.048828125,-0.0869140625,1,1,32768,1,32768,33408,32896,50000000000,50000000000,0.43591129882,0.87054032678,0.43591129882,0.87054032678
34,-0.7265625,0.78515625,3,3,515,1,512,33408,515,50000000000,50000000000,0.91143712058,0.96160394902,0.56449306388,0.95720562362
35,0.0048828125,-1.0859375,3,3,33536,2,33280,33408,33664,50000000000,50000000000,0.49123189188,0.52235420378,0.4912245268,0.52172706568
36,0.740234375,0.81640625,1,1,512,0,0,0,512,50000000000,50000000000,0.00243240174,0.00592129868,0.0,0.0
37,-1.11328125,-0.103515625,5,5,33539,2,33280,33408,33667,50000000000,50000000000,0.99972726444,0.4931196464,0.99967813924,0.4883541441
38,0.9033203125,-0.685546875,2,2,33280,2,33280,33408,33408,50000000000,50000000000,0.49182211318,0.57165164628,0.49182211318,0.57165164628
39,-0.2060546875,1.1318359375,1,1,1,0,0,33408,1,50000000000,50000000000,0.37424625602,0.26989045946,0.0,0.0
40,-0.62109375,-0.9873046875,6,6,49923,2,33280,33408,50051,50000000000,50000000000,0.69439335732,0.72055961098,0.69435589064,0.71764407522
41,1.1396484375,0.3125,0,0,0,0,0,0,0,50000000000,50000000000,0.0,0.0,0.0,0.0
42,-1.064453125,0.546875,3,3,515,1,512,33408,515,50000000000,50000000000,0.98230063888,0.96409408354,0.91463138682,0.9598198001
43,0.421875,-1.13671875,3,3,33536,2,33280,33408,33664,50000000000,50000000000,0.48951782882,0.51995927838,0.48951060652,0.51933234768
44,0.462890625,1.13671875,0,0,0,0,0,0,0,50000000000,50000000000,0.0,0.0,0.0,0.0
45,-1.123046875,-0.5322265625,6,6,49923,2,33280,33408,50051,50000000000,50000000000,0.99975094098,0.32275679374,0.89974299408,0.31858833452
46,1.201171875,-0.3701171875,1,1,32768,1,32768,33408,32896,50000000000,50000000000,0.4874225478,0.8837406669,0.4874225478,0.8837406669
47,-0.6435546875,1.09765625,2,2,3,0,0,33408,3,50000000000,50000000000,0.69925634766,0.25505163866,0.0,0.0
48,-0.2705078125,-1.2578125,5,5,49921,2,33280,33408,50049,50000000000,50000000000,0.4894922332,0.51696045928,0.48946715374,0.5149291019
49,1.060546875,0.75390625,0,0,0,0,0,0,0,50000000000,50000000000,0.0,0.0,0.0,0.0
50,-1.3056640625,0.1630859375,3,3,515,1,512,33408,515,50000000000,50000000000,0.99951749198,0.96642402782,0.99824978774,0.9634540563
51,0.8623046875,-1.0126953125,2,2,33280,2,33280,33408,33408,50000000000,50000000000,0.49503378128,0.53185299562,0.49503378128,0.53185299562
52,0.048828125,1.34375,0,0,0,0,0,0,0,50000000000,50000000000,0.0,0.0,0.0,0.0
53,-0.9541015625,-0.9677734375,6,6,49923,2,33280,33408,50051,50000000000,50000000000,0.7113423195,0.92677406086,0.7113042431,0.9240416011
54,1.37109375,0.0703125,0,0,0,0,0,0,0,50000000000,50000000000,0.0,0.0,0.0,0.0
55,-1.0693359375,0.8837890625,3,3,515,1,512,33408,515,50000000000,50000000000,0.86160047438,0.96312076208,0.22117132994,0.95837834912
56,0.193359375,-1.3876953125,3,3,33536,2,33280,33408,33664,50000000000,50000000000,0.5060614203,0.5229497251,0.50605463572,0.52232273132
57,0.802734375,1.1650390625,0,0,0,0,0,0,0,50000000000,50000000000,0.0,0.0,0.0,0.0
58,-1.392578125,-0.3203125,5,5,33539,2,33280,33408,33667,50000000000,50000000000,0.99975294752,0.2976587829,0.99971243174,0.2935888127
59,1.2548828125,-0.7109375,1,1,32768,1,32768,33408,32896,50000000000,50000000000,0.49109297772,0.85605224122,0.49109297772,0.85605224122
60,-0.44921875,1.384765625,1,1,1,0,0,33408,1,50000000000,50000000000,0.31732862254,0.17590160826,0.0,0.0
61,-0.6103515625,-1.3369140625,6,6,49923,2,33280,33408,50051,50000000000,50000000000,0.58317349374,0.59455358668,0.58314131654,0.59194773584
62,1.365234375,0.5791015625,0,0,0,0,0,0,0,50000000000,50000000000,0.0,0.0,0.0,0.0
63,-1.4111328125,0.4990234375,3,3,515,1,512,33408,515,50000000000,50000000000,0.97914104882,0.9652914054,0.89480840602,0.9610964038
64,0.708984375,-1.3330078125,2,2,33280,2,33280,33408,33408,50000000000,50000000000,0.50764217082,0.52468737066,0.50764217082,0.52468737066
65,0.380859375,1.474609375,0,0,0,0,0,0,0,50000000000,50000000000,0.0,0.0,0.0,0.0
66,-1.2880859375,-0.8369140625,6,6,49923,2,33280,33408,50051,50000000000,50000000000,0.5929030785,0.97357906882,0.49288828402,0.09764590092
67,1.5283203125,-0.2548828125,1,1,32768,0,0,0,32896,50000000000,50000000000,0.02143440644,0.08712329164,0.0,0.0
68,-0.962890625,1.2314453125,2,2,3,0,0,33408,3,50000000000,50000000000,0.76199581548,0.22631065714,0.0,0.0
69,-0.1220703125,-1.5712890625,5,5,49921,2,33280,33408,50049,50000000000,50000000000,0.4958408572,0.51440150828,0.49581848286,0.51250345398
70,1.1611328125,1.0849609375,0,0,0,0,0,0,0,50000000000,50000000000,0.0,0.0,0.0,0.0
71,-1.6025390625,-0.015625,5,5,33539,2,33280,33408,33667,50000000000,50000000000,0.99974826254,0.9682274134,0.9996937725,0.96439356858
72,1.201171875,-1.0791015625,1,1,32768,1,32768,33408,32896,50000000000,50000000000,0.50397389064,0.81989575486,0.50397389064,0.81989575486
73,-0.158203125,1.6201171875,1,1,1,0,0,0,1,50000000000,50000000000,0.30925846872,0.22959212134,0.0,0.0
74,-0.9853515625,-1.3125,6,6,49923,2,33280,33408,50051,50000000000,50000000000,0.60264668774,0.50464648616,0.6026141664,0.50199408832
75,1.6259765625,0.3037109375,0,0,0,0,0,0,0,50000000000,50000000000,0.0,0.0,0.0,0.0
76,-1.4150390625,0.880859375,3,3,515,1,512,33408,515,50000000000,50000000000,0.8109958707,0.96421009628,0.16205426528,0.95946097234
77,0.4521484375,-1.6171875,3,3,33536,2,33280,33408,33664,50000000000,50000000000,0.5004862003,0.52160229398,0.50047961166,0.52097502052
78,0.765625,1.5087890625,0,0,0,0,0,0,0,50000000000,50000000000,0.0,0.0,0.0,0.0
79,-1.595703125,-0.6005859375,6,6,49923,2,33280,33408,50051,50000000000,50000000000,0.98456556846,0.97529313568,0.78458334254,0.00128166616
80,1.59375,-0.6396484375,1,1,32768,1,32768,33408,32896,50000000000,50000000000,0.4491756461,0.60669531548,0.4491756461,0.60669531548
81,-0.7490234375,1.5595703125,2,2,3,0,0,33408,3,50000000000,50000000000,0.67508783176,0.18265857496,0.0,0.0
82,-0.5048828125,-1.66796875,6,6,49923,2,33280,33408,50051,50000000000,50000000000,0.5482754937,0.56850149114,0.54824625536,0.56597943072
83,1.509765625,0.89453125,0,0,0,0,0,0,0,50000000000,50000000000,0.0,0.0,0.0,0.0
84,-1.73046875,0.3623046875,3,3,515,1,512,33408,515,50000000000,50000000000,0.99327872422,0.96665934666,0.95371967164,0.96273007504
85,1.0380859375,-1.4462890625,1,1,32768,1,32768,33408,32896,50000000000,50000000000,0.50153766316,0.77679988576,0.50153766316,0.77679988576
86,0.212890625,1.7802734375,0,0,0,0,0,0,0,50000000000,50000000000,0.0,0.0,0.0,0.0
87,-1.369140625,-1.1767578125,7,7,49987,2,33280,33408,50115,50000000000,50000000000,0.94439273776,0.84443219168,0.54461062016,0.55053101286
88,1.81640625,-0.0576171875,1,1,32768,0,0,0,32896,50000000000,50000000000,0.0029958897,0.01769347066,0.0,0.0
89,-1.3095703125,1.2783203125,2,2,3,0,0,33408,3,50000000000,50000000000,0.79042432142,0.17574457588,0.0,0.0
90,0.103515625,-1.83984375,3,3,33536,2,33280,33408,33664,50000000000,50000000000,0.5041195969,0.52432735246,0.5041131066,0.52370018566
91,1.1748046875,1.435546875,0,0,0,0,0,0,0,50000000000,50000000000,0.0,0.0,0.0,0.0
92,-1.84765625,-0.2666015625,5,5,33539,2,33280,33408,33667,50000000000,50000000000,0.99976909088,0.97405993166,0.99972656822,0.00128330508
93,1.552734375,-1.05859375,1,1,32768,1,32768,33408,32896,50000000000,50000000000,0.49825502842,0.63450301372,0.49825502842,0.63450301372
94,-0.43359375,1.8408203125,1,1,1,0,0,0,1,50000000000,50000000000,0.29758120928,0.21244070194,0.0,0.0
95,-0.9306640625,-1.6611328125,6,6,49923,2,33280,33408,50051,50000000000,50000000000,0.56296668658,0.58168009978,0.56293741146,0.57915432436
96,1.8193359375,0.599609375,0,0,0,0,0,0,0,50000000000,50000000000,0.0,0.0,0.0,0.0
97,-1.7578125,0.7919921875,3,3,515,1,512,33408,515,50000000000,50000000000,0.75172646448,0.96559502898,0.16201071246,0.96115173692
98,0.7666015625,-1.7822265625,2,2,33280,2,33280,33408,33408,50000000000,50000000000,0.50070691884,0.52304279314,0.50070691884,0.52304279314
99,0.642578125,1.84375,0,0,0,0,0,0,0,50000000000,50000000000,0.0,0.0,0.0,0.0
100,-1.73046875,-0.9306640625,6,6,49923,2,33280,33408,50051,50000000000,50000000000,0.94572366488,0.97554497652,0.34604855688,0.00128196868
101,1.916015625,-0.4853515625,1,1,32768,0,0,0,32896,50000000000,50000000000,0.00729839426,0.093207743,0.0,0.0
102,-1.091796875,1.662109375,2,2,3,0,0,33408,3,50000000000,50000000000,0.74228243826,0.1608680676,0.0,0.0
103,-0.3193359375,-1.9755859375,5,5,49921,2,33280,33408,50049,50000000000,50000000000,0.50441467378,0.52539908626,0.50439403058,0.5235111961
104,1.5791015625,1.248046875,0,0,0,0,0,0,0,50000000000,50000000000,0.0,0.0,0.0,0.0
105,-2.01953125,0.1474609375,3,3,515,1,512,33408,515,50000000000,50000000000,0.99931611292,0.9673353987,0.99359724812,0.9644414668
106,1.3974609375,-1.4814453125,1,1,32768,1,32768,33408,32896,50000000000,50000000000,0.50129165018,0.7977947772,0.50129165018,0.7977947772
107,-0.0302734375,2.048828125,1,1,1,0,0,0,1,50000000000,50000000000,0.3166715701,0.09984698562,0.0,0.0
108,-1.3701171875,-1.5400390625,7,7,49987,2,33280,33408,50115,50000000000,50000000000,0.59325393836,0.35853283104,0.49324161456,0.35534896998
109,2.0625,0.2119140625,0,0,0,0,0,0,0,50000000000,50000000000,0.0,0.0,0.0,0.0
110,-1.6728515625,1.244140625,2,2,3,0,0,33408,3,50000000000,50000000000,0.78675226054,0.12476387002,0.0,0.0
111,0.3955078125,-2.0595703125,3,3,33536,2,33280,33408,33664,50000000000,50000000000,0.49273952116,0.52201592352,0.49273311546,0.52138882832
112,1.10546875,1.7958984375,0,0,0,0,0,0,0,50000000000,50000000000,0.0,0.0,0.0,0.0
113,-2.0400390625,-0.5810546875,6,6,49923,2,33280,33408,50051,50000000000,50000000000,0.99944634564,0.9761374235,1.556562e-05,0.0012726131
114,1.9072265625,-0.955078125,1,1,32768,1,32768,33408,32896,50000000000,50000000000,0.45235015712,0.51775390388,0.45235015712,0.51775390388
115,-0.765625,2.00390625,2,2,3,0,0,0,3,50000000000,50000000000,0.59896422454,0.190361295,0.0,0.0
116,-0.7939453125,-2.005859375,6,6,49923,2,33280,33408,50051,50000000000,50000000000,0.49976433486,0.60312054878,0.49973678376,0.60060213732
117,1.951171875,0.9482421875,0,0,0,0,0,0,0,50000000000,50000000000,0.0,0.0,0.0,0.0
118,-2.08984375,0.6220703125,3,3,515,1,512,33408,515,50000000000,50000000000,0.89909571982,0.96734051202,0.31307640524,0.962971818
119,1.126953125,-1.880859375,1,1,32768,1,32768,33408,32896,50000000000,50000000000,0.50524460462,0.80385231678,0.50524460462,0.80385231678
120,0.44140625,2.16015625,0,0,0,0,0,0,0,50000000000,50000000000,0.0,0.0,0.0,0.0
121,-1.794921875,-1.3017578125,7,7,49987,2,33280,33408,50115,50000000000,50000000000,0.79459428136,0.97366404264,0.39473014308,0.0012848178
122,2.2138671875,-0.25390625,1,1,32768,0,0,0,32896,50000000000,50000000000,0.00831029526,0.03530005464,0.0,0.0
123,-1.46875,1.6923828125,2,2,3,0,0,33408,3,50000000000,50000000000,0.79690970566,0.1415432886,0.0,0.0
124,-0.060546875,-2.251953125,5,5,49921,2,33280,33408,50049,50000000000,50000000000,0.51344715098,0.51607015312,0.51342706938,0.51418407096
125,1.5732421875,1.6279296875,0,0,0,0,0,0,0,50000000000,50000000000,0.0,0.0,0.0,0.0
126,-2.2724609375,-0.138671875,5,5,33539,2,33280,33408,33667,50000000000,50000000000,0.99937492314,0.9756663057,0.06649918046,0.00127168736
127,1.7783203125,-1.4404296875,1,1,32768,1,32768,33408,32896,50000000000,50000000000,0.51568623292,0.52474419692,0.51568623292,0.52474419692
128,-0.33984375,2.2744140625,1,1,1,0,0,0,1,50000000000,50000000000,0.2653858915,0.21177631638,0.0,0.0
129,-1.29296875,-1.9169921875,7,7,49987,2,33280,33408,50115,50000000000,50000000000,0.54464556474,0.35369281696,0.54460989284,0.35053078996
130,2.259765625,0.54296875,0,0,0,0,0,0,0,50000000000,50000000000,0.0,0.0,0.0,0.0
131,-2.0439453125,1.130859375,2,2,3,0,0,33408,3,50000000000,50000000000,0.69609250274,0.13259566646,0.0,0.0
132,0.74609375,-2.2255859375,2,2,33280,2,33280,33408,33408,50000000000,50000000000,0.50079581026,0.51994163582,0.50079581026,0.51994163582
133,0.9580078125,2.15625,0,0,0,0,0,0,0,50000000000,50000000000,0.0,0.0,0.0,0.0
134,-2.173828125,-0.947265625,6,6,49923,2,33280,33408,50051,50000000000,50000000000,0.99960416772,0.97580938264,0.19996547198,0.00127106264
135,2.25390625,-0.7734375,1,1,32768,0,0,0,32896,50000000000,50000000000,0.00622659516,0.08738742718,0.0,0.0
136,-1.1455078125,2.103515625,2,2,3,0,0,33408,3,50000000000,50000000000,0.66076474958,0.14220487782,0.0,0.0
137,-0.5791015625,-2.3369140625,6,6,49923,2,33280,33408,50051,50000000000,50000000000,0.50212571152,0.595744628,0.50209907726,0.5932273524
138,2.015625,1.337890625,0,0,0,0,0,0,0,50000000000,50000000000,0.0,0.0,0.0,0.0
139,-2.4013671875,0.376953125,3,3,515,1,512,33408,515,50000000000,50000000000,0.99188506012,0.97015102968,0.35248821628,0.00064107154
140,1.5244140625,-1.9091796875,1,1,32768,1,32768,33408,32896,50000000000,50000000000,0.49200443912,0.66973333766,0.49200443912,0.66973333766
141,0.1669921875,2.44921875,0,0,0,0,0,0,0,50000000000,50000000000,0.0,0.0,0.0,0.0
142,-1.7861328125,-1.701171875,7,7,49987,2,33280,33408,50115,50000000000,50000000000,0.79885777986,0.52391472728,0.49895848908,0.52074093314
143,2.478515625,0.048828125,0,0,0,0,0,0,0,50000000000,50000000000,0.0,0.0,0.0,0.0
144,-1.869140625,1.646484375,2,2,3,0,0,33408,3,50000000000,50000000000,0.82102667624,0.09443423362,0.0,0.0
145,0.267578125,-2.48828125,3,3,33536,2,33280,33408,33664,50000000000,50000000000,0.50745191208,0.5262353993,0.50744556582,0.52560824276
146,1.4912109375,2.025390625,0,0,0,0,0,0,0,50000000000,50000000000,0.0,0.0,0.0,0.0
147,-2.4794921875,-0.48828125,5,5,33539,2,33280,33408,33667,50000000000,50000000000,0.9995262921,0.97587089494,1.449548e-05,0.00126996974
148,2.16796875,-1.3203125,1,1,32768,1,32768,33408,32896,50000000000,50000000000,0.50345019948,0.60745804764,0.50345019948,0.60745804764
149,-0.7099609375,2.4501953125,2,2,3,0,0,0,3,50000000000,50000000000,0.5400411241,0.21490108674,0.0,0.0
150,-1.13671875,-2.296875,7,7,49987,2,33280,33408,50115,50000000000,50000000000,0.49087683384,0.3561560494,0.49084289662,0.35300296976
151,2.4013671875,0.9306640625,0,0,0,0,0,0,0,50000000000,50000000000,0.0,0.0,0.0,0.0
152,-2.41015625,0.9404296875,3,3,515,1,512,33408,515,50000000000,50000000000,0.88569690176,0.94632742938,0.03718324982,0.9364455952
153,1.1474609375,-2.33203125,1,1,32768,1,32768,33408,32896,50000000000,50000000000,0.49834945274,0.8078428588,0.49834945274,0.8078428588
154,0.732421875,2.505859375,0,0,0,0,0,0,0,50000000000,50000000000,0.0,0.0,0.0,0.0
155,-2.2431640625,-1.359375,7,7,49987,2,33280,33408,50115,50000000000,50000000000,0.95070809228,0.97404240004,0.0510698194,0.00127107812
156,2.583984375,-0.515625,1,1,32768,0,0,0,32896,50000000000,50000000000,0.0209329278,0.06011701568,0.0,0.0
157,-1.564453125,2.1357421875,2,2,3,0,0,33408,3,50000000000,50000000000,0.7607618132,0.1272179617,0.0,0.0
158,-0.2900390625,-2.6435546875,5,5,49921,2,33280,33408,50049,50000000000,50000000000,0.4916510657,0.52986113676,0.49163144788,0.52797452846
159,2.0087890625,1.7607421875,0,0,0,0,0,0,0,50000000000,50000000000,0.0,0.0,0.0,0.0
160,-2.6826171875,0.05859375,3,3,515,1,512,33408,515,50000000000,50000000000,0.99943374288,0.97476460052,7.52276e-06,0.00063677582
161,1.947265625,-1.86328125,1,1,32768,1,32768,33408,32896,50000000000,50000000000,0.52229184194,0.52755068276,0.52229184194,0.52755068276
162,-0.177734375,2.7021484375,1,1,1,0,0,0,1,50000000000,50000000000,0.2381949315,0.21597257442,0.0,0.0
163,-1.701171875,-2.1220703125,7,7,49987,2,33280,33408,50115,50000000000,50000000000,0.54357384136,0.52167153584,0.543539183,0.5185082563
164,2.7001953125,0.4169921875,0,0,0,0,0,0,0,50000000000,50000000000,0.0,0.0,0.0,0.0
165,-2.283203125,1.5234375,2,2,3,0,0,33408,3,50000000000,50000000000,0.7855613256,0.1185651856,0.0,0.0
166,0.6572265625,-2.6767578125,2,2,33280,2,33280,33408,33408,50000000000,50000000000,0.49143631572,0.5241367548,0.49143631572,0.5241367548
167,1.3291015625,2.4287109375,0,0,0,0,0,0,0,50000000000,50000000000,0.0,0.0,0.0,0.0
168,-2.6328125,-0.896484375,6,6,49923,2,33280,33408,50051,50000000000,50000000000,0.99959952302,0.9764914716,1.424204e-05,0.00126987392
169,2.5576171875,-1.1220703125,1,1,32768,0,0,0,32896,50000000000,50000000000,0.01108401756,0.07020292632,0.0,0.0
170,-1.1337890625,2.56640625,2,2,3,0,0,0,3,50000000000,50000000000,0.59006610788,0.1827840981,0.0,0.0
171,-0.9013671875,-2.669921875,6,6,49923,2,33280,33408,50051,50000000000,50000000000,0.51465295604,0.60044430626,0.51462675262,0.59792697928
172,2.478515625,1.365234375,0,0,0,0,0,0,0,50000000000,50000000000,0.0,0.0,0.0,0.0
173,-2.76171875,0.6708984375,3,3,515,1,512,33408,515,50000000000,50000000000,0.99777910544,0.97329282834,0.00222045512,0.0006391062
174,1.5908203125,-2.3701171875,1,1,32768,1,32768,33408,32896,50000000000,50000000000,0.50998141304,0.5725380314,0.50998141304,0.5725380314
175,0.4306640625,2.8349609375,0,0,0,0,0,0,0,50000000000,50000000000,0.0,0.0,0.0,0.0
176,-2.2412109375,-1.8076171875,7,7,49987,2,33280,33408,50115,50000000000,50000000000,0.75129476432,0.97097650796,0.3514219742,0.00127201352
177,2.8857421875,-0.1826171875,1,1,32768,0,0,0,32896,50000000000,50000000000,0.0059658948,0.017610492,0.0,0.0
178,-2.013671875,2.0927734375,2,2,3,0,0,33408,3,50000000000,50000000000,0.8165673965,0.10038243176,0.0,0.0
179,0.0712890625,-2.916015625,3,3,33536,2,33280,33408,33664,50000000000,50000000000,0.50287354584,0.53649889412,0.50286718936,0.53587172038
180,1.9248046875,2.20703125,0,0,0,0,0,0,0,50000000000,50000000000,0.0,0.0,0.0,0.0
181,-2.9228515625,-0.328125,5,5,33539,2,33280,33408,33667,50000000000,50000000000,0.99956897824,0.97622698094,1.387852e-05,0.00126899294
182,2.3876953125,-1.7392578125,1,1,32768,1,32768,33408,32896,50000000000,50000000000,0.51126061836,0.6107921838,0.51126061836,0.6107921838
183,-0.587890625,2.908203125,2,2,3,0,0,0,3,50000000000,50000000000,0.4715096834,0.2036799398,0.0,0.0
184,-1.537109375,-2.5517578125,7,7,49987,2,33280,33408,50115,50000000000,50000000000,0.54953202354,0.47708136182,0.54949874044,0.47392581076
185,2.869140625,0.8466796875,0,0,0,0,0,0,0,50000000000,50000000000,0.0,0.0,0.0,0.0
186,-2.69921875,1.3193359375,2,2,3,0,0,33408,3,50000000000,50000000000,0.88315778424,0.15787218772,0.0,0.0
187,1.103515625,-2.8076171875,1,1,32768,1,32768,33408,32896,50000000000,50000000000,0.48317065644,0.8046404453,0.48317065644,0.8046404453
188,1.0869140625,2.828125,0,0,0,0,0,0,0,50000000000,50000000000,0.0,0.0,0.0,0.0
189,-2.72265625,-1.3564453125,7,7,49987,2,33280,33408,50115,50000000000,50000000000,0.99968174422,0.97453055512,0.19996809518,0.00127092654
190,2.9365234375,-0.8427734375,1,1,32768,0,0,0,32896,50000000000,50000000000,0.03901276494,0.08967977162,0.0,0.0
191,-1.6025390625,2.6162109375,2,2,3,0,0,0,3,50000000000,50000000000,0.66502443348,0.14758409974,0.0,0.0
192,-0.587890625,-3.0234375,6,6,49923,2,33280,33408,50051,50000000000,50000000000,0.49511277852,0.59896914596,0.49508693176,0.59645287056
193,2.486328125,1.83984375,0,0,0,0,0,0,0,50000000000,50000000000,0.0,0.0,0.0,0.0
194,-3.0888671875,0.32421875,3,3,515,1,512,33408,515,50000000000,50000000000,0.9994770911,0.97508392304,7.18544e-06,0.00063595564
195,2.0673828125,-2.3349609375,1,1,32768,1,32768,33408,32896,50000000000,50000000000,0.49086886552,0.60691345486,0.49086886552,0.60691345486
196,0.052734375,3.130859375,0,0,0,0,0,0,0,50000000000,50000000000,0.0,0.0,0.0,0.0
197,-2.1630859375,-2.2822265625,7,7,49987,2,33280,33408,50115,50000000000,50000000000,0.64449945602,0.4862890836,0.44454395438,0.48312329446
198,3.1494140625,0.22265625,0,0,0,0,0,0,0,50000000000,50000000000,0.0,0.0,0.0,0.0
199,-2.482421875,1.970703125,2,2,3,0,0,33408,3,50000000000,50000000000,0.82459988282,0.09340015452,0.0,0.0
200,0.5009765625,-3.1435546875,2,2,33280,2,33280,33408,33408,50000000000,50000000000,0.50743944024,0.52915462202,0.50743944024,0.52915462202
201,1.7607421875,2.6669921875,0,0,0,0,0,0,0,50000000000,50000000000,0.0,0.0,0.0,0.0
202,-3.1123046875,-0.7802734375,6,6,49923,2,33280,33408,50051,50000000000,50000000000,0.99963025128,0.9770085869,1.368102e-05,0.00126831578
203,2.833984375,-1.533203125,1,1,32768,0,0,0,32896,50000000000,50000000000,0.0174204187,0.0518782299,0.0,0.0
204,-1.05859375,3.0576171875,2,2,3,0,0,0,3,50000000000,50000000000,0.5088706604,0.19394910612,0.0,0.0
205,-1.2900390625,-2.9814453125,7,7,49987,2,33280,33408,50115,50000000000,50000000000,0.49834529846,0.35722542794,0.49831266366,0.35407462958
206,2.9765625,1.33203125,0,0,0,0,0,0,0,50000000000,50000000000,0.0,0.0,0.0,0.0
207,-3.107421875,1.033203125,2,2,3,0,0,33408,3,50000000000,50000000000,0.99679226476,0.972612215,0.0,0.0
208,1.599609375,-2.8720703125,1,1,32768,1,32768,33408,32896,50000000000,50000000000,0.49557131924,0.56411872426,0.49557131924,0.56411872426
209,0.763671875,3.2119140625,0,0,0,0,0,0,0,50000000000,50000000000,0.0,0.0,0.0,0.0
210,-2.7431640625,-1.8603515625,7,7,49987,2,33280,33408,50115,50000000000,50000000000,0.99966889154,0.88345453056,1.405444e-05,0.10652077956
211,3.2919921875,-0.4833984375,1,1,32768,0,0,0,32896,50000000000,50000000000,0.01561679702,0.03394733698,0.0,0.0
212,-2.109375,2.5908203125,2,2,3,0,0,33408,3,50000000000,50000000000,0.78222506412,0.09756128176,0.0,0.0
213,-0.1953125,-3.3486328125,5,5,49921,2,33280,33408,50049,50000000000,50000000000,0.48878055984,0.5291774154,0.48876132282,0.52729090758
214,2.416015625,2.3466796875,0,0,0,0,0,0,0,50000000000,50000000000,0.0,0.0,0.0,0.0
215,-3.3798828125,-0.0986328125,5,5,33539,2,33280,33408,33667,50000000000,50000000000,0.99959620316,0.97658751506,1.351032e-05,0.00126815216
216,2.5693359375,-2.21875,1,1,32768,1,32768,33408,32896,50000000000,50000000000,0.49432042424,0.61281130712,0.49432042424,0.61281130712
217,-0.3974609375,3.384765625,1,1,1,0,0,0,1,50000000000,50000000000,0.22192767198,0.2000312966,0.0,0.0
218,-2.0009765625,-2.775390625,7,7,49987,2,33280,33408,50115,50000000000,50000000000,0.55350568624,0.50575717398,0.45351065728,0.50259954866
219,3.36328125,0.697265625,0,0,0,0,0,0,0,50000000000,50000000000,0.0,0.0,0.0,0.0
220,-2.962890625,1.7646484375,2,2,3,0,0,33408,3,50000000000,50000000000,0.88838763752,0.14568008944,0.0,0.0
221,0.99609375,-3.31640625,2,2,33280,2,33280,33408,33408,50000000000,50000000000,0.49897552722,0.7159369839,0.49897552722,0.7159369839
222,1.5107421875,3.130859375,0,0,0,0,0,0,0,50000000000,50000000000,0.0,0.0,0.0,0.0
223,-3.2412109375,-1.29296875,7,7,49987,2,33280,33408,50115,50000000000,50000000000,0.99966958644,0.97508262286,1.35601e-05,0.00126869944
224,3.2763671875,-1.2412109375,1,1,32768,0,0,0,32896,50000000000,50000000000,0.05711857736,0.09426204858,0.0,0.0
225,-1.5830078125,3.140625,2,2,3,0,0,0,3,50000000000,50000000000,0.5841799054,0.16181362156,0.0,0.0
226,-0.9580078125,-3.3984375,6,6,49923,2,33280,33408,50051,50000000000,50000000000,0.50913945948,0.56320398428,0.50911380116,0.56068691266
227,3.013671875,1.8662109375,0,0,0,0,0,0,0,50000000000,50000000000,0.0,0.0,0.0,0.0
228,-3.4970703125,0.662109375,3,3,515,1,512,33408,515,50000000000,50000000000,0.9994935165,0.97540299606,6.95448e-06,0.00063588466
229,2.1396484375,-2.861328125,1,1,32768,1,32768,33408,32896,50000000000,50000000000,0.51179594782,0.61174171528,0.51179594782,0.61174171528
230,0.3564453125,3.5693359375,0,0,0,0,0,0,0,50000000000,50000000000,0.0,0.0,0.0,0.0
231,-2.6845703125,-2.400390625,7,7,49987,2,33280,33408,50115,50000000000,50000000000,0.6208534621,0.7093915222,0.52085565784,0.31883540652
232,3.615234375,-0.0439453125,1,1,32768,0,0,0,32896,50000000000,50000000000,0.0031208694,0.0051485129,0.0,0.0
233,-2.646484375,2.4833984375,2,2,3,0,0,33408,3,50000000000,50000000000,0.83134930768,0.05957605862,0.0,0.0
234,0.2744140625,-3.6328125,3,3,33536,2,33280,33408,33664,50000000000,50000000000,0.51124333602,0.52991133778,0.51123702074,0.52928398216
235,2.2607421875,2.8759765625,0,0,0,0,0,0,0,50000000000,50000000000,0.0,0.0,0.0,0.0
236,-3.623046875,-0.595703125,6,6,49923,2,33280,33408,50051,50000000000,50000000000,0.99965077368,0.9774078603,1.33316e-05,0.0012681196
237,3.0859375,-2.015625,1,1,32768,0,0,0,32896,50000000000,50000000000,0.24465759842,0.03201302034,0.0,0.0
238,-0.91796875,3.5849609375,2,2,3,0,0,0,3,50000000000,50000000000,0.44566889752,0.20140898788,0.0,0.0
239,-1.751953125,-3.2763671875,7,7,49987,2,33280,33408,50115,50000000000,50000000000,0.56128974408,0.52639756388,0.46127919424,0.52324531548
240,3.5185546875,1.2373046875,0,0,0,0,0,0,0,50000000000,50000000000,0.0,0.0,0.0,0.0
241,-3.443359375,1.470703125,2,2,3,0,0,33408,3,50000000000,50000000000,0.97937908078,0.25575732692,0.0,0.0
242,1.5517578125,-3.423828125,1,1,32768,1,32768,33408,32896,50000000000,50000000000,0.50985412136,0.62283746086,0.50985412136,0.62283746086
243,1.1728515625,3.5869140625,0,0,0,0,0,0,0,50000000000,50000000000,0.0,0.0,0.0,0.0
244,-3.2998046875,-1.859375,7,7,49987,2,33280,33408,50115,50000000000,50000000000,0.9519287411,0.97223832048,0.05221610736,0.00126896032
245,3.7041015625,-0.861328125,1,1,32768,0,0,0,32896,50000000000,50000000000,0.03462962374,0.04741180918,0.0,0.0
246,-2.158203125,3.1494140625,2,2,3,0,0,33408,3,50000000000,50000000000,0.68639813058,0.11178381388,0.0,0.0
247,-0.5380859375,-3.7939453125,6,6,49923,2,33280,33408,50051,50000000000,50000000000,0.50121505408,0.58597608152,0.5011895383,0.58345927408
248,2.9716796875,2.443359375,0,0,0,0,0,0,0,50000000000,50000000000,0.0,0.0,0.0,0.0
249,-3.8564453125,0.2060546875,3,3,515,1,512,33408,515,50000000000,50000000000,0.9995948567,0.97567557302,6.80062e-06,0.00063374088
250,2.71484375,-2.767578125,1,1,32768,1,32768,33408,32896,50000000000,50000000000,0.51533630832,0.61070100692,0.51533630832,0.61070100692
251,-0.1328125,3.8896484375,1,1,1,0,0,0,1,50000000000,50000000000,0.21898523476,0.19594145772,0.0,0.0
252,-2.5390625,-2.9697265625,7,7,49987,2,33280,33408,50115,50000000000,50000000000,0.60291519702,0.52270050548,0.60288248152,0.51954002684
253,3.8935546875,0.4765625,0,0,0,0,0,0,0,50000000000,50000000000,0.0,0.0,0.0,0.0
254,-3.205078125,2.2880859375,2,2,3,0,0,33408,3,50000000000,50000000000,0.84544148972,0.10226054126,0.0,0.0
255,0.8212890625,-3.8671875,2,2,33280,2,33280,33408,33408,50000000000,50000000000,0.50134747192,0.53280097258,0.50134747192,0.53280097258
256,2.0146484375,3.4189453125,0,0,0,0,0,0,0,50000000000,50000000000,0.0,0.0,0.0,0.0
257,-3.8095703125,-1.1650390625,7,7,49987,2,33280,33408,50115,50000000000,50000000000,0.99968755356,0.97567289698,1.32341e-05,0.00126887216
258,3.609375,-1.720703125,1,1,32768,0,0,0,32896,50000000000,50000000000,0.05096493238,0.0756459055,0.0,0.0
259,-1.5048828125,3.7216796875,2,2,3,0,0,0,3,50000000000,50000000000,0.48822490932,0.1721612338,0.0,0.0
260,-1.4091796875,-3.775390625,7,7,49987,2,33280,33408,50115,50000000000,50000000000,0.56089825976,0.37358182088,0.56086617176,0.37043171044
261,3.603515625,1.8388671875,0,0,0,0,0,0,0,50000000000,50000000000,0.0,0.0,0.0,0.0
262,-3.9140625,1.08203125,2,2,3,0,0,33408,3,50000000000,50000000000,0.99948845222,0.97507621454,0.0,0.0
263,2.1630859375,-3.4560546875,1,1,32768,1,32768,33408,32896,50000000000,50000000000,0.49671590522,0.6116645391,0.49671590522,0.6116645391
264,0.7421875,4.025390625,0,0,0,0,0,0,0,50000000000,50000000000,0.0,0.0,0.0,0.0
265,-3.2783203125,-2.4765625,7,7,49987,2,33280,33408,50115,50000000000,50000000000,0.95487169684,0.9735358666,0.15511106114,0.00126995724
266,4.1064453125,-0.3896484375,1,1,32768,0,0,0,32896,50000000000,50000000000,0.01060438852,0.00819958398,0.0,0.0
267,-2.775390625,3.0732421875,2,2,3,0,0,33408,3,50000000000,50000000000,0.80652794772,0.08352222016,0.0,0.0
268,-0.0302734375,-4.1572265625,5,5,49921,2,33280,33408,50049,50000000000,50000000000,0.51087009784,0.51601357762,0.51085103424,0.51412654902
269,2.8408203125,3.056640625,0,0,0,0,0,0,0,50000000000,50000000000,0.0,0.0,0.0,0.0
270,-4.17578125,-0.3359375,5,5,33539,2,33280,33408,33667,50000000000,50000000000,0.99966052596,0.97718349486,1.308556e-05,0.00126782728
271,3.3193359375,-2.5830078125,1,1,32768,1,32768,33408,32896,50000000000,50000000000,0.4936873208,0.70623551154,0.4936873208,0.70623551154
272,-0.705078125,4.162109375,2,2,3,0,0,0,3,50000000000,50000000000,0.40567280828,0.1976293266,0.0,0.0
273,-2.30078125,-3.5595703125,7,7,49987,2,33280,33408,50115,50000000000,50000000000,0.55318869602,0.48971053498,0.55315653424,0.4865571833
274,4.1162109375,1.0751953125,0,0,0,0,0,0,0,50000000000,50000000000,0.0,0.0,0.0,0.0
275,-3.7763671875,1.99609375,2,2,3,0,0,33408,3,50000000000,50000000000,0.95098948016,0.1571936731,0.0,0.0
276,1.4423828125,-4.0380859375,1,1,32768,1,32768,33408,32896,50000000000,50000000000,0.4889919257,0.79005971474,0.4889919257,0.79005971474
277,1.6708984375,3.966796875,0,0,0,0,0,0,0,50000000000,50000000000,0.0,0.0,0.0,0.0
278,-3.9267578125,-1.8037109375,7,7,49987,2,33280,33408,50115,50000000000,50000000000,0.99970650882,0.97283867302,1.317814e-05,0.00126876652
279,4.1298828125,-1.328125,1,1,32768,0,0,0,32896,50000000000,50000000000,0.06623604182,0.09416748348,0.0,0.0
280,-2.15625,3.783203125,2,2,3,0,0,0,3,50000000000,50000000000,0.58290626134,0.1616301455,0.0,0.0
281,-0.9697265625,-4.263671875,6,6,49923,2,33280,33408,50051,50000000000,50000000000,0.49123895712,0.54575966272,0.49121354122,0.54324269576
282,3.6083984375,2.498046875,0,0,0,0,0,0,0,50000000000,50000000000,0.0,0.0,0.0,0.0
283,-4.365234375,0.59765625,3,3,515,1,512,33408,515,50000000000,50000000000,0.9996067823,0.97604847302,6.66548e-06,0.00063449324
284,2.826171875,-3.4033203125,1,1,32768,1,32768,33408,32896,50000000000,50000000000,0.4987121861,0.61239429386,0.4987121861,0.61239429386
285,0.2158203125,4.435546875,0,0,0,0,0,0,0,50000000000,50000000000,0.0,0.0,0.0,0.0
286,-3.1669921875,-3.1376953125,7,7,49987,2,33280,33408,50115,50000000000,50000000000,0.61697113502,0.37550765292,0.41700455052,0.37234265966
287,4.47265625,0.1748046875,0,0,0,0,0,0,0,50000000000,50000000000,0.0,0.0,0.0,0.0
288,-3.4296875,2.9033203125,2,2,3,0,0,33408,3,50000000000,50000000000,0.8399726038,0.06689368076,0.0,0.0
289,0.5693359375,-4.474609375,2,2,33280,2,33280,33408,33408,50000000000,50000000000,0.50577994984,0.53123949654,0.50577994984,0.53123949654
290,2.61328125,3.69921875,0,0,0,0,0,0,0,50000000000,50000000000,0.0,0.0,0.0,0.0
291,-4.4423828125,-0.9658203125,6,6,49923,2,33280,33408,50051,50000000000,50000000000,0.99969366006,0.97740567064,1.298342e-05,0.00126805188
292,3.9443359375,-2.2978515625,1,1,32768,0,0,0,32896,50000000000,50000000000,0.01923037888,0.05515113674,0.0,0.0
293,-1.361328125,4.3759765625,2,2,3,0,0,0,3,50000000000,50000000000,0.4324450471,0.18839244784,0.0,0.0
294,-1.9599609375,-4.162109375,7,7,49987,2,33280,33408,50115,50000000000,50000000000,0.5085934422,0.52388808744,0.50856156318,0.52073738506
295,4.2734375,1.7529296875,0,0,0,0,0,0,0,50000000000,50000000000,0.0,0.0,0.0,0.0
296,-4.3525390625,1.6005859375,2,2,3,0,0,33408,3,50000000000,50000000000,0.99947115414,0.97541607364,0.0,0.0
297,2.13671875,-4.1376953125,1,1,32768,1,32768,33408,32896,50000000000,50000000000,0.49160187106,0.615287974,0.49160187106,0.615287974
298,1.2236328125,4.5107421875,0,0,0,0,0,0,0,50000000000,50000000000,0.0,0.0,0.0,0.0
299,-3.96484375,-2.509765625,7,7,49987,2,33280,33408,50115,50000000000,50000000000,0.9512670065,0.9742257776,0.05152770098,0.00126959516
300,4.6376953125,-0.8310546875,1,1,32768,0,0,0,32896,50000000000,50000000000,0.02448811766,0.0152182318,0.0,0.0
301,-2.869140625,3.7607421875,2,2,3,0,0,33408,3,50000000000,50000000000,0.71523225644,0.09753689114,0.0,0.0
302,-0.42578125,-4.7294921875,5,5,49921,2,33280,33408,50049,50000000000,50000000000,0.49741147968,0.5386235049,0.49739246748,0.53673674134
303,3.5234375,3.212890625,0,0,0,0,0,0,0,50000000000,50000000000,0.0,0.0,0.0,0.0
304,-4.787109375,0.0107421875,3,3,515,1,512,33408,515,50000000000,50000000000,0.99965825812,0.97636342216,6.591e-06,0.00063380566
305,3.5361328125,-3.2548828125,1,1,32768,1,32768,33408,32896,50000000000,50000000000,0.50088649488,0.68535434422,0.50088649488,0.68535434422
306,-0.4111328125,4.8076171875,1,1,1,0,0,0,1,50000000000,50000000000,0.19543904528,0.1936840249,0.0,0.0
307,-2.95703125,-3.837890625,7,7,49987,2,33280,33408,50115,50000000000,50000000000,0.65107495682,0.49105760058,0.6510429292,0.48789896122
308,4.7919921875,0.8359375,0,0,0,0,0,0,0,50000000000,50000000000,0.0,0.0,0.0,0.0
309,-4.1142578125,2.630859375,2,2,3,0,0,33408,3,50000000000,50000000000,0.93024058454,0.14282810424,0.0,0.0
310,1.26171875,-4.73828125,1,1,32768,1,32768,33408,32896,50000000000,50000000000,0.4922765287,0.82188431416,0.4922765287,0.82188431416
311,2.279296875,4.3642578125,0,0,0,0,0,0,0,50000000000,50000000000,0.0,0.0,0.0,0.0
312,-4.6474609375,-1.6845703125,7,7,49987,2,33280,33408,50115,50000000000,50000000000,0.9997180798,0.973589178,1.294824e-05,0.00126845354
313,4.5830078125,-1.904296875,1,1,32768,0,0,0,32896,50000000000,50000000000,0.0975522093,0.08953823424,0.0,0.0
314,-2.1015625,4.5185546875,2,2,3,0,0,0,3,50000000000,50000000000,0.47738604264,0.16625585938,0.0,0.0
315,-1.5087890625,-4.7705078125,7,7,49987,2,33280,33408,50115,50000000000,50000000000,0.50784914098,0.4524638915,0.5078174124,0.44931407
316,4.3525390625,2.5087890625,0,0,0,0,0,0,0,50000000000,50000000000,0.0,0.0,0.0,0.0
317,-4.9248046875,1.0947265625,2,2,3,0,0,33408,3,50000000000,50000000000,0.99960531688,0.97581563204,0.0,0.0
318,2.9033203125,-4.150390625,1,1,32768,1,32768,33408,32896,50000000000,50000000000,0.49053734802,0.62104230448,0.49053734802,0.62104230448
319,0.6650390625,5.0419921875,0,0,0,0,0,0,0,50000000000,50000000000,0.0,0.0,0.0,0.0
320,-3.912109375,-3.2822265625,7,7,49987,2,33280,33408,50115,50000000000,50000000000,0.79501293468,0.92310293396,0.29513973796,0.04723628902
321,5.123046875,-0.2236328125,1,1,32768,0,0,0,32896,50000000000,50000000000,0.00957247624,0.00697068898,0.0,0.0
322,-3.6416015625,3.640625,2,2,3,0,0,33408,3,50000000000,50000000000,0.83088640668,0.05762695112,0.0,0.0
323,0.2265625,-5.1650390625,3,3,33536,2,33280,33408,33664,50000000000,50000000000,0.52664194974,0.53122345566,0.52663562198,0.53059582772
324,3.3359375,3.978515625,0,0,0,0,0,0,0,50000000000,50000000000,0.0,0.0,0.0,0.0
325,-5.16796875,-0.68359375,6,6,49923,2,33280,33408,50051,50000000000,50000000000,0.99970573534,0.97849641384,1.285742e-05,0.0012677564
326,4.2900390625,-3.0,1,1,32768,0,0,0,32896,50000000000,50000000000,0.02183545686,0.0383621291,0.0,0.0
327,-1.1416015625,5.130859375,2,2,3,0,0,0,3,50000000000,50000000000,0.3954076281,0.18295636024,0.0,0.0
328,-2.634765625,-4.57421875,7,7,49987,2,33280,33408,50115,50000000000,50000000000,0.51600851244,0.53288287188,0.51597663948,0.52973004268
329,5.0537109375,1.599609375,0,0,0,0,0,0,0,50000000000,50000000000,0.0,0.0,0.0,0.0
330,-4.8271484375,2.244140625,2,2,3,0,0,33408,3,50000000000,50000000000,0.99943016412,0.97575730882,0.0,0.0
331,2.052734375,-4.935546875,1,1,32768,1,32768,33408,32896,50000000000,50000000000,0.49652121362,0.61386218684,0.49652121362,0.61386218684
332,1.828125,5.046875,0,0,0,0,0,0,0,50000000000,50000000000,0.0,0.0,0.0,0.0
333,-4.77734375,-2.4970703125,7,7,49987,2,33280,33408,50115,50000000000,50000000000,0.99974177638,0.97500719698,1.29332e-05,0.00126841922
334,5.2314453125,-1.3916015625,1,1,32768,0,0,0,32896,50000000000,50000000000,0.05895935742,0.04458310078,0.0,0.0
335,-2.9296875,4.580078125,2,2,3,0,0,0,3,50000000000,50000000000,0.5898529019,0.11903466246,0.0,0.0
336,-0.9375,-5.37890625,6,6,49923,2,33280,33408,50051,50000000000,50000000000,0.51484233832,0.58591794086,0.5148170179,0.58340079148
337,4.3427734375,3.34765625,0,0,0,0,0,0,0,50000000000,50000000000,0.0,0.0,0.0,0.0
338,-5.486328125,0.466796875,3,3,515,1,512,33408,515,50000000000,50000000000,0.99966622328,0.9768371705,6.4722e-06,0.0006337418
339,3.74609375,-4.068359375,1,1,32768,1,32768,33408,32896,50000000000,50000000000,0.51758288482,0.67749849368,0.51758288482,0.67749849368
340,-0.0146484375,5.5537109375,1,1,1,0,0,0,1,50000000000,50000000000,0.20402671274,0.00854778164,0.0,0.0
341,-3.7568359375,-4.123046875,7,7,49987,2,33280,33408,50115,50000000000,50000000000,0.58377875636,0.4671962729,0.5837467739,0.46403504952
342,5.5791015625,0.50390625,0,0,0,0,0,0,0,50000000000,50000000000,0.0,0.0,0.0,0.0
343,-4.4736328125,3.412109375,2,2,3,0,0,33408,3,50000000000,50000000000,0.90281562508,0.12127027198,0.0,0.0
344,0.9990234375,-5.5615234375,2,2,33280,2,33280,33408,33408,50000000000,50000000000,0.50206556496,0.72919956546,0.50206556496,0.72919956546
345,3.0341796875,4.796875,0,0,0,0,0,0,0,50000000000,50000000000,0.0,0.0,0.0,0.0
346,-5.5009765625,-1.494140625,7,7,49987,2,33280,33408,50115,50000000000,50000000000,0.999729115,0.97585866726,1.282618e-05,0.0012680967
347,5.087890625,-2.6259765625,1,1,32768,0,0,0,32896,50000000000,50000000000,0.1045334165,0.06680459638,0.0,0.0
348,-1.986328125,5.396484375,2,2,3,0,0,0,3,50000000000,50000000000,0.42002258838,0.17162868,0.0,0.0
349,-2.1904296875,-5.3447265625,7,7,49987,2,33280,33408,50115,50000000000,50000000000,0.49625864746,0.49047258178,0.4962269616,0.48732229416
350,5.248046875,2.47265625,0,0,0,0,0,0,0,50000000000,50000000000,0.0,0.0,0.0,0.0
351,-5.564453125,1.7294921875,2,2,3,0,0,33408,3,50000000000,50000000000,0.9996073954,0.9762534992,0.0,0.0
352,2.9482421875,-5.056640625,1,1,32768,1,32768,33408,32896,50000000000,50000000000,0.53114835282,0.64314186566,0.53114835282,0.64314186566
353,1.248046875,5.7451171875,0,0,0,0,0,0,0,50000000000,50000000000,0.0,0.0,0.0,0.0
354,-4.822265625,-3.4091796875,7,7,49987,2,33280,33408,50115,50000000000,50000000000,0.90361596996,0.97497158546,0.3037673626,0.00126931284
355,5.884765625,-0.7470703125,1,1,32768,0,0,0,32896,50000000000,50000000000,0.02360073816,0.00791008148,0.0,0.0
356,-3.8525390625,4.546875,2,2,3,0,0,33408,3,50000000000,50000000000,0.76291572278,0.08092583968,0.0,0.0
357,-0.232421875,-5.9814453125,5,5,49921,2,33280,33408,50049,50000000000,50000000000,0.49553181708,0.53164555484,0.49551282388,0.52975828472
358,4.23046875,4.2734375,0,0,0,0,0,0,0,50000000000,50000000000,0.0,0.0,0.0,0.0
359,-6.0341796875,-0.294921875,5,5,33539,2,33280,33408,33667,50000000000,50000000000,0.99970796266,0.97845721376,1.275894e-05,0.00126764662
360,4.6689453125,-3.8759765625,1,1,32768,1,32768,33408,32896,50000000000,50000000000,0.49494348186,0.53711776764,0.49494348186,0.53711776764
361,-0.828125,6.0400390625,2,2,3,0,0,0,3,50000000000,50000000000,0.3378374169,0.17109419832,0.0,0.0
362,-3.4853515625,-5.0361328125,7,7,49987,2,33280,33408,50115,50000000000,50000000000,0.64773593808,0.41373526614,0.44775414734,0.4105811571
363,5.9990234375,1.3662109375,0,0,0,0,0,0,0,50000000000,50000000000,0.0,0.0,0.0,0.0
364,-5.37109375,3.0595703125,2,2,3,0,0,33408,3,50000000000,50000000000,0.99927544564,0.9760653426,0.0,0.0
365,1.90234375,-5.912109375,1,1,32768,1,32768,33408,32896,50000000000,50000000000,0.49966885472,0.53261423384,0.49966885472,0.53261423384
366,2.6025390625,5.6708984375,0,0,0,0,0,0,0,50000000000,50000000000,0.0,0.0,0.0,0.0
367,-5.7763671875,-2.435546875,7,7,49987,2,33280,33408,50115,50000000000,50000000000,0.99973926402,0.97589948316,1.278968e-05,0.00126795854
368,5.9326171875,-2.1162109375,1,1,32768,0,0,0,32896,50000000000,50000000000,0.09422562284,0.07293541814,0.0,0.0
369,-2.958984375,5.5947265625,2,2,3,0,0,0,3,50000000000,50000000000,0.46350576614,0.15985657642,0.0,0.0
370,-1.6044921875,-6.15234375,7,7,49987,2,33280,33408,50115,50000000000,50000000000,0.50985214564,0.5127126818,0.50982051978,0.50956353442
371,5.365234375,3.46875,0,0,0,0,0,0,0,50000000000,50000000000,0.0,0.0,0.0,0.0
372,-6.330078125,1.0712890625,2,2,3,0,0,33408,3,50000000000,50000000000,0.99966752432,0.97676159678,0.0,0.0
373,3.962890625,-5.08984375,1,1,32768,1,32768,33408,32896,50000000000,50000000000,0.5094199913,0.65982375242,0.5094199913,0.65982375242
374,0.5185546875,6.4609375,0,0,0,0,0,0,0,50000000000,50000000000,0.0,0.0,0.0,0.0
375,-4.76953125,-4.435546875,7,7,49987,2,33280,33408,50115,50000000000,50000000000,0.79884116862,0.80043722412,0.1989691734,0.21502056502
376,6.544921875,0.048828125,0,0,0,0,0,0,0,50000000000,50000000000,0.0,0.0,0.0,0.0
377,-4.8828125,4.40625,2,2,3,0,0,33408,3,50000000000,50000000000,0.8482894846,0.04491878976,0.0,0.0
378,0.626953125,-6.580078125,2,2,33280,2,33280,33408,33408,50000000000,50000000000,0.48745642134,0.53218953252,0.48745642134,0.53218953252
379,4.001953125,5.3017578125,0,0,0,0,0,0,0,50000000000,50000000000,0.0,0.0,0.0,0.0
380,-6.564453125,-1.2119140625,7,7,49987,2,33280,33408,50115,50000000000,50000000000,0.99973763462,0.97788087384,1.26906e-05,0.00126789782
381,5.6875,-3.55859375,1,1,32768,0,0,0,32896,50000000000,50000000000,0.07689523196,0.04812391884,0.0,0.0
382,-1.798828125,6.498046875,2,2,3,0,0,0,3,50000000000,50000000000,0.37754216484,0.18402974666,0.0,0.0
383,-3.078125,-6.037109375,7,7,49987,2,33280,33408,50115,50000000000,50000000000,0.51031770182,0.39348617166,0.51028605124,0.39033448268
384,6.3798828125,2.3837890625,0,0,0,0,0,0,0,50000000000,50000000000,0.0,0.0,0.0,0.0
385,-6.3466796875,2.5634765625,2,2,3,0,0,33408,3,50000000000,50000000000,0.9996055392,0.9767627435,0.0,0.0
386,2.962890625,-6.2099609375,1,1,32768,1,32768,33408,32896,50000000000,50000000000,0.50725766272,0.65370422538,0.50725766272,0.65370422538
387,2.0205078125,6.6142578125,0,0,0,0,0,0,0,50000000000,50000000000,0.0,0.0,0.0,0.0
388,-5.98828125,-3.5302734375,7,7,49987,2,33280,33408,50115,50000000000,50000000000,0.99975753586,0.97602079778,0.0999937082,0.00126860008
389,6.8359375,-1.44921875,1,1,32768,0,0,0,32896,50000000000,50000000000,0.05514718346,0.01658197964,0.0,0.0
390,-4.0830078125,5.7158203125,2,2,3,0,0,0,3,50000000000,50000000000,0.60549578176,0.106734998,0.0,0.0
391,-0.85546875,-7.009765625,6,6,49923,2,33280,33408,50051,50000000000,50000000000,0.50235636646,0.60939504306,0.50233107422,0.60687719298
392,5.3935546875,4.615234375,0,0,0,0,0,0,0,50000000000,50000000000,0.0,0.0,0.0,0.0
393,-7.1328125,0.2421875,3,3,515,1,512,33408,515,50000000000,50000000000,0.99970429978,0.97789267168,6.35062e-06,0.00063374324
394,5.123046875,-5.0224609375,1,1,32768,1,32768,33408,32896,50000000000,50000000000,0.50563646436,0.60482919328,0.50563646436,0.60482919328
395,-0.38671875,7.203125,1,1,1,0,0,0,1,50000000000,50000000000,0.14855011452,0.1716635347,0.0,0.0
396,-4.6044921875,-5.6025390625,7,7,49987,2,33280,33408,50115,50000000000,50000000000,0.57377645056,0.53225242098,0.57374475026,0.52909458624
397,7.21875,1.0263671875,0,0,0,0,0,0,0,50000000000,50000000000,0.0,0.0,0.0,0.0
398,-6.048828125,4.142578125,2,2,3,0,0,33408,3,50000000000,50000000000,0.97297874362,0.17149678006,0.0,0.0
399,1.671875,-7.1806640625,1,1,32768,1,32768,33408,32896,50000000000,50000000000,0.5110547244,0.5447694625,0.5110547244,0.5447694625
400,3.6376953125,6.458984375,0,0,0,0,0,0,0,50000000000,50000000000,0.0,0.0,0.0,0.0
401,-7.083984375,-2.318359375,7,7,49987,2,33280,33408,50115,50000000000,50000000000,0.99974720986,0.97698695782,1.272772e-05,0.00126742952
402,6.828125,-3.0927734375,1,1,32768,0,0,0,32896,50000000000,50000000000,0.12122349884,0.08596707352,0.0,0.0
403,-2.9619140625,6.931640625,2,2,3,0,0,0,3,50000000000,50000000000,0.4095272468,0.17076212402,0.0,0.0
404,-2.5126953125,-7.15234375,7,7,49987,2,33280,33408,50115,50000000000,50000000000,0.51842291692,0.517456647,0.5183913149,0.51430687902
405,6.7216796875,3.5966796875,0,0,0,0,0,0,0,50000000000,50000000000,0.0,0.0,0.0,0.0
406,-7.4287109375,1.8994140625,2,2,3,0,0,33408,3,50000000000,50000000000,0.999674727,0.97744176572,0.0,0.0
407,4.2197265625,-6.4560546875,1,1,32768,1,32768,33408,32896,50000000000,50000000000,0.50372242412,0.6228739579,0.50372242412,0.6228739579
408,1.2568359375,7.654296875,0,0,0,0,0,0,0,50000000000,50000000000,0.0,0.0,0.0,0.0
409,-6.1328125,-4.8232421875,7,7,49987,2,33280,33408,50115,50000000000,50000000000,0.75031072226,0.9760613576,0.25042479296,0.00127086474
410,7.826171875,-0.58984375,1,1,32768,0,0,0,32896,50000000000,50000000000,0.02124969564,0.0057051645,0.0,0.0
411,-5.404296875,5.755859375,2,2,3,0,0,33408,3,50000000000,50000000000,0.8108248004,0.0681700738,0.0,0.0
412,0.09765625,-7.9423828125,3,3,33536,2,33280,33408,33664,50000000000,50000000000,0.49893543476,0.53717782016,0.49892913334,0.53654999938
413,5.32421875,5.9580078125,0,0,0,0,0,0,0,50000000000,50000000000,0.0,0.0,0.0,0.0
414,-7.9990234375,-0.8017578125,6,6,49923,2,33280,33408,50051,50000000000,50000000000,0.99973872468,0.98025074784,1.26622e-05,0.00126735784
415,6.4794921875,-4.841796875,1,1,32768,0,0,0,32896,50000000000,50000000000,0.01701683026,0.03753875966,0.0,0.0
416,-1.5166015625,7.99609375,2,2,3,0,0,0,3,50000000000,50000000000,0.31609748142,0.1695038871,0.0,0.0
417,-4.3095703125,-6.962890625,7,7,49987,2,33280,33408,50115,50000000000,50000000000,0.61293039312,0.46526838606,0.51291861612,0.46211541604
418,7.9306640625,2.2373046875,0,0,0,0,0,0,0,50000000000,50000000000,0.0,0.0,0.0,0.0
419,-7.4052734375,3.73046875,2,2,3,0,0,33408,3,50000000000,50000000000,0.99959693218,0.97743239362,0.0,0.0
420,2.958984375,-7.802734375,1,1,32768,1,32768,33408,32896,50000000000,50000000000,0.49534759556,0.65406122378,0.49534759556,0.65406122378
421,3.1083984375,7.8017578125,0,0,0,0,0,0,0,50000000000,50000000000,0.0,0.0,0.0,0.0
422,-7.611328125,-3.6767578125,7,7,49987,2,33280,33408,50115,50000000000,50000000000,0.99975303476,0.97733585422,1.26897e-05,0.00126722308
423,8.1484375,-2.4462890625,1,1,32768,0,0,0,32896,50000000000,50000000000,0.10263140422,0.05466012462,0.0,0.0
424,-4.384765625,7.35546875,2,2,3,0,0,0,3,50000000000,50000000000,0.45419510916,0.12467583778,0.0,0.0
425,-1.7470703125,-8.44140625,7,7,49987,2,33280,33408,50115,50000000000,50000000000,0.49758012672,0.52695530868,0.49754853894,0.52380639596
426,7.037109375,5.078125,0,0,0,0,0,0,0,50000000000,50000000000,0.0,0.0,0.0,0.0
427,-8.6767578125,1.015625,2,2,3,0,0,33408,3,50000000000,50000000000,0.99970477532,0.97815845964,0.0,0.0
428,5.7509765625,-6.6552734375,1,1,32768,1,32768,33408,32896,50000000000,50000000000,0.49917978486,0.5939485102,0.49917978486,0.5939485102
429,0.2568359375,8.8525390625,0,0,0,0,0,0,0,50000000000,50000000000,0.0,0.0,0.0,0.0
430,-6.2119140625,-6.3984375,7,7,49987,2,33280,33408,50115,50000000000,50000000000,0.80663826198,0.50552846724,0.20678174542,0.50236588288
431,8.9638671875,0.525390625,0,0,0,0,0,0,0,50000000000,50000000000,0.0,0.0,0.0,0.0
432,-7.013671875,5.7080078125,2,2,3,0,0,33408,3,50000000000,50000000000,0.93146444498,0.12912735912,0.0,0.0
433,1.3251953125,-9.0107421875,1,1,32768,1,32768,33408,32896,50000000000,50000000000,0.52006207692,0.82391219074,0.52006207692,0.82391219074
434,5.1455078125,7.59375,0,0,0,0,0,0,0,50000000000,50000000000,0.0,0.0,0.0,0.0
435,-8.98828125,-2.138671875,7,7,49987,2,33280,33408,50115,50000000000,50000000000,0.9997545722,0.97835863842,1.265232e-05,0.00126708068
436,8.1318359375,-4.52734375,1,1,32768,0,0,0,32896,50000000000,50000000000,0.13154272482,0.05963335214,0.0,0.0
437,-2.9599609375,8.8974609375,2,2,3,0,0,0,3,50000000000,50000000000,0.3511692212,0.15502887522,0.0,0.0
438,-3.8564453125,-8.6240234375,7,7,49987,2,33280,33408,50115,50000000000,50000000000,0.5099244969,0.46881555318,0.50989289262,0.46566451604
439,8.734375,3.7822265625,0,0,0,0,0,0,0,50000000000,50000000000,0.0,0.0,0.0,0.0
440,-9.064453125,3.134765625,2,2,3,0,0,33408,3,50000000000,50000000000,0.99968486562,0.978376782,0.0,0.0
441,4.6015625,-8.4990234375,1,1,32768,1,32768,33408,32896,50000000000,50000000000,0.5005358904,0.55226139936,0.5005358904,0.55226139936
442,2.3662109375,9.44921875,0,0,0,0,0,0,0,50000000000,50000000000,0.0,0.0,0.0,0.0
443,-8.19140625,-5.4111328125,7,7,49987,2,33280,33408,50115,50000000000,50000000000,0.9497470318,0.97770810926,0.04997421856,0.00126882882
444,9.7734375,-1.5556640625,1,1,32768,0,0,0,32896,50000000000,50000000000,0.05113307392,0.00759218984,0.0,0.0
445,-6.205078125,7.8115234375,2,2,3,0,0,0,3,50000000000,50000000000,0.62187687568,0.09129615406,0.0,0.0
446,-0.70703125,-10.033203125,6,6,49923,2,33280,33408,50051,50000000000,50000000000,0.49130460766,0.60945158802,0.49127936364,0.6069338624
447,7.3583984375,6.9775390625,0,0,0,0,0,0,0,50000000000,50000000000,0.0,0.0,0.0,0.0
448,-10.224609375,-0.17578125,5,5,33539,2,33280,33408,33667,50000000000,50000000000,0.99973899812,0.98085078296,1.262664e-05,0.0012668385
449,7.7236328125,-6.833984375,1,1,32768,1,32768,33408,32896,50000000000,50000000000,0.48034012188,0.54228810346,0.48034012188,0.54228810346
450,-1.087890625,10.3447265625,2,2,3,0,0,0,3,50000000000,50000000000,0.23610621988,0.16054744514,0.0,0.0
451,-6.2392578125,-8.435546875,7,7,49987,2,33280,33408,50115,50000000000,50000000000,0.49636247328,0.50542747096,0.49633089336,0.50227122026
452,10.3896484375,2.0224609375,0,0,0,0,0,0,0,50000000000,50000000000,0.0,0.0,0.0,0.0
453,-9.1083984375,5.576171875,2,2,3,0,0,33408,3,50000000000,50000000000,0.99959036092,0.97841465348,0.0,0.0
454,2.9765625,-10.357421875,1,1,32768,1,32768,33408,32896,50000000000,50000000000,0.49873764924,0.66518079258,0.49873764924,0.66518079258
455,4.845703125,9.736328125,0,0,0,0,0,0,0,50000000000,50000000000,0.0,0.0,0.0,0.0
456,-10.244140625,-3.9423828125,7,7,49987,2,33280,33408,50115,50000000000,50000000000,0.99975738186,0.97925486412,1.266384e-05,0.00126651904
457,10.3134765625,-4.05078125,1,1,32768,0,0,0,32896,50000000000,50000000000,0.13681585688,0.07934086328,0.0,0.0
458,-4.9150390625,10.048828125,2,2,3,0,0,0,3,50000000000,50000000000,0.3856963337,0.14332089392,0.0,0.0
459,-3.1943359375,-10.8349609375,7,7,49987,2,33280,33408,50115,50000000000,50000000000,0.50500350186,0.37883147922,0.50497190358,0.37568175614
460,9.76953125,5.888671875,0,0,0,0,0,0,0,50000000000,50000000000,0.0,0.0,0.0,0.0
461,-11.2939453125,2.2802734375,2,2,3,0,0,33408,3,50000000000,50000000000,0.99971495272,0.97950224646,0.0,0.0
462,6.857421875,-9.4052734375,1,1,32768,1,32768,33408,32896,50000000000,50000000000,0.50191229814,0.55407595878,0.50191229814,0.55407595878
463,1.310546875,11.6875,0,0,0,0,0,0,0,50000000000,50000000000,0.0,0.0,0.0,0.0
464,-8.9541015625,-7.814453125,7,7,49987,2,33280,33408,50115,50000000000,50000000000,0.85139436288,0.88639762606,0.15156327908,0.10423454078
465,12.0087890625,-0.2900390625,1,1,32768,0,0,0,32896,50000000000,50000000000,0.01768687052,0.004674045,0.0,0.0
466,-8.75390625,8.416015625,2,2,3,0,0,33408,3,50000000000,50000000000,0.84775554706,0.02250581864,0.0,0.0
467,0.7783203125,-12.2529296875,2,2,33280,2,33280,33408,33408,50000000000,50000000000,0.49676673704,0.53194475648,0.49676673704,0.53194475648
468,7.7900390625,9.6689453125,0,0,0,0,0,0,0,50000000000,50000000000,0.0,0.0,0.0,0.0
469,-12.4169921875,-1.888671875,7,7,49987,2,33280,33408,50115,50000000000,50000000000,0.99975761322,0.97984912854,1.26172e-05,0.00126665064
470,10.5546875,-7.0771484375,1,1,32768,0,0,0,32896,50000000000,50000000000,0.11028744162,0.04466362272,0.0,0.0
471,-3.0380859375,12.4951171875,2,2,3,0,0,0,3,50000000000,50000000000,0.29125177418,0.16717509644,0.0,0.0
472,-6.2763671875,-11.4033203125,7,7,49987,2,33280,33408,50115,50000000000,50000000000,0.55416522818,0.50543124986,0.45415214076,0.50227854026
473,12.484375,4.220703125,0,0,0,0,0,0,0,50000000000,50000000000,0.0,0.0,0.0,0.0
474,-12.2109375,5.388671875,2,2,3,0,0,33408,3,50000000000,50000000000,0.99969806512,0.97994990468,0.0,0.0
475,5.43359375,-12.380859375,1,1,32768,1,32768,33408,32896,50000000000,50000000000,0.49909424478,0.6165653433,0.49909424478,0.6165653433
476,4.4140625,12.9697265625,0,0,0,0,0,0,0,50000000000,50000000000,0.0,0.0,0.0,0.0
477,-12.1787109375,-6.6708984375,7,7,49987,2,33280,33408,50115,50000000000,50000000000,0.99976023762,0.98038455628,1.264672e-05,0.00126702912
478,13.6748046875,-3.353515625,1,1,32768,0,0,0,32896,50000000000,50000000000,0.09057302188,0.01198404478,0.0,0.0
479,-7.9287109375,11.876953125,2,2,3,0,0,0,3,50000000000,50000000000,0.42615164602,0.1101525028,0.0,0.0
480,-2.2080078125,-14.3203125,7,7,49987,2,33280,33408,50115,50000000000,50000000000,0.5134316409,0.4917617717,0.51340001002,0.48861175352
481,11.470703125,9.2041015625,0,0,0,0,0,0,0,50000000000,50000000000,0.0,0.0,0.0,0.0
482,-14.9013671875,0.9765625,3,3,515,1,512,33408,515,50000000000,50000000000,0.99973378156,0.98165768476,6.31444e-06,0.0006337665
483,10.4912109375,-10.9560546875,1,1,32768,1,32768,33408,32896,50000000000,50000000000,0.49767837764,0.53596130782,0.49767837764,0.53596130782
484,-0.3408203125,15.412109375,1,1,1,0,0,0,1,50000000000,50000000000,0.08894859472,0.16646243302,0.0,0.0
485,-10.330078125,-11.7880859375,7,7,49987,2,33280,33408,50115,50000000000,50000000000,0.59568253548,0.51906840734,0.39568869964,0.51590933772
486,15.8486328125,1.744140625,0,0,0,0,0,0,0,50000000000,50000000000,0.0,0.0,0.0,0.0
487,-13.0927734375,9.5869140625,2,2,3,0,0,33408,3,50000000000,50000000000,0.99959106362,0.9803558706,0.0,0.0
488,3.2373046875,-16.205078125,1,1,32768,1,32768,33408,32896,50000000000,50000000000,0.5031412453,0.72456203998,0.5031412453,0.72456203998
489,8.7216796875,14.404296875,0,0,0,0,0,0,0,50000000000,50000000000,0.0,0.0,0.0,0.0
490,-16.4794921875,-4.822265625,7,7,49987,2,33280,33408,50115,50000000000,50000000000,0.99976010616,0.98270832586,1.261624e-05,0.0012652781
491,15.72265625,-7.7294921875,1,1,32768,0,0,0,32896,50000000000,50000000000,0.15740626016,0.09315360318,0.0,0.0
492,-6.5068359375,16.6650390625,2,2,3,0,0,0,3,50000000000,50000000000,0.32516075758,0.16027622924,0.0,0.0
493,-6.6015625,-17.05078125,7,7,49987,2,33280,33408,50115,50000000000,50000000000,0.51055214186,0.51487528302,0.5105205866,0.51172579096
494,16.759765625,8.298828125,0,0,0,0,0,0,0,50000000000,50000000000,0.0,0.0,0.0,0.0
495,-18.3935546875,5.326171875,2,2,3,0,0,33408,3,50000000000,50000000000,0.9997276241,0.98226850302,0.0,0.0
496,10.2138671875,-16.7607421875,1,1,32768,1,32768,33408,32896,50000000000,50000000000,0.49507500444,0.54471286782,0.49507500444,0.54471286782
497,3.8896484375,19.7626953125,0,0,0,0,0,0,0,50000000000,50000000000,0.0,0.0,0.0,0.0
498,-16.6640625,-12.2744140625,7,7,49987,2,33280,33408,50115,50000000000,50000000000,0.95315886786,0.98260385648,0.25332567158,0.00126922648
499,21.17578125,-2.26953125,1,1,32768,0,0,0,32896,50000000000,50000000000,0.04824420646,0.00532850086,0.0,0.0
500,-14.513671875,16.4677734375,2,2,3,0,0,0,3,50000000000,50000000000,0.55178725214,0.08478418518,0.0,0.0
501,-0.4365234375,-22.6611328125,5,5,49921,2,33280,33408,50049,50000000000,50000000000,0.51283698194,0.54622085908,0.51281805348,0.54433320614
502,16.1708984375,16.9833984375,0,0,0,0,0,0,0,50000000000,50000000000,0.0,0.0,0.0,0.0
503,-24.263671875,-1.66015625,7,7,49987,2,33280,33408,50115,50000000000,50000000000,0.99976320304,0.9851608398,1.260296e-05,0.00126541736
504,19.7705078125,-15.771484375,1,1,32768,0,0,0,32896,50000000000,50000000000,0.0980801645,0.03192256058,0.0,0.0
505,-4.0947265625,26.0625,2,2,3,0,0,0,3,50000000000,50000000000,0.2464288647,0.15258781572,0.0,0.0
506,-15.2724609375,-23.0185546875,7,7,49987,2,33280,33408,50115,50000000000,50000000000,0.60514385414,0.52668055552,0.40515908316,0.52352550394
507,28.197265625,7.0009765625,0,0,0,0,0,0,0,50000000000,50000000000,0.0,0.0,0.0,0.0
508,-26.9873046875,14.681640625,2,2,3,0,0,33408,3,50000000000,50000000000,0.99972922576,0.98448126832,0.0,0.0
509,10.626953125,-30.93359375,1,1,32768,1,32768,33408,32896,50000000000,50000000000,0.49747499356,0.54276036292,0.49747499356,0.54276036292
510,14.0244140625,32.205078125,0,0,0,0,0,0,0,50000000000,50000000000,0.0,0.0,0.0,0.0
511,-34.8681640625,-15.505859375,7,7,49987,2,33280,33408,50115,50000000000,50000000000,0.9997648936,0.98781982696,1.265436e-05,0.00126523092
