# Memory one: one row per (game, strategy) at which the strategy is a strict Nash equilibrium among the 16 at eps = 1e-4.
# Rows ordered by ipt, then s. F2 = the run at N = 100, beta = 3, mu = 1e-4; F1 = the run at N = 1000, beta = 100, mu = 1e-2; both eps = 1e-4 (the runs' names in the kits).
# Columns:
#   ipt          the game (data/games/games.csv)
#   s            the strategy 0..15 (bit j = 1: cooperate after outcome j = CC, CD, DC, DD)
#   strategy     its answers after CC, CD, DC, DD (ALLD DDDD, Grim CDDD, WSLS CDDC, ALLC CCCC)
#   efficient    1 if it is efficient in the limit eps -> 0 at this game
#   c_F2, c_F1   the number of sampled individual-generations on s in the run (share = c / ntot of m1_games.csv)
ipt,s,strategy,efficient,c_F2,c_F1
0,0,DDDD,0,773437,66843579
0,9,CDDC,1,49975444015,47945391524
1,8,DDDC,0,877199,67508758
1,9,CDDC,1,49977740368,47845827266
1,15,CCCC,1,707187,59376311
2,9,CDDC,1,49967662764,47732638090
3,0,DDDD,0,666204,41368695
3,8,DDDC,0,1038504,69978252
3,9,CDDC,1,49979335450,47966028329
3,15,CCCC,1,522177,38702701
4,8,DDDC,0,892564,74564950
4,9,CDDC,1,49973025478,38105869128
4,15,CCCC,1,1049253,5408393674
5,0,DDDD,0,2686612,96558802
5,9,CDDC,1,49967247690,47788936995
6,0,DDDD,0,584904,33910696
6,8,DDDC,0,4997871248,65671141
6,9,CDDC,1,44983064440,47973646662
6,15,CCCC,1,556337,41318890
7,9,CDDC,1,49944400430,47615842305
8,0,DDDD,0,907829,68332509
8,9,CDDC,1,49977756543,48009294348
9,8,DDDC,0,703772,52152737
9,9,CDDC,1,9996694604,93389371
9,15,CCCC,1,19937431986,26242951779
10,9,CDDC,1,49839370529,47497233245
11,0,DDDD,0,1040741,39175439
11,1,CDDD,0,749440,42228432
11,8,DDDC,0,2993474768,67274761
11,9,CDDC,1,46987299088,48031808822
11,15,CCCC,1,456867,33713771
12,9,CDDC,1,49907996309,19026539208
12,15,CCCC,1,30514477,16200241997
13,0,DDDD,0,109959786,104792570
13,9,CDDC,1,49750796846,47805764797
14,0,DDDD,0,471819,33384722
14,8,DDDC,0,550471,35302045
14,9,CDDC,1,14995253317,69875251
14,14,DCCC,0,859898,74637883
14,15,CCCC,1,17346075740,25544236077
15,9,CDDC,1,37100087972,22102213637
16,0,DDDD,0,736212,61171863
16,1,CDDD,0,933072,68844081
16,9,CDDC,1,49980992489,48050166319
17,9,CDDC,1,1213072,87992644
17,15,CCCC,1,25357084615,26246280247
18,0,DDDD,0,1427786486,108494717
18,9,CDDC,1,46583451385,47549427933
19,0,DDDD,0,455668,32987153
19,1,CDDD,0,562620,42994988
19,8,DDDC,0,647283,40604326
19,9,CDDC,1,44985462202,38520349779
19,14,DCCC,0,422954,42464242
19,15,CCCC,1,2467361617,6078736177
20,9,CDDC,1,40253244179,42253334954
21,0,DDDD,0,172804542,98258639
21,1,CDDD,0,173689325,105131669
21,9,CDDC,1,49541148702,47968096709
22,8,DDDC,0,448381,31636692
22,9,CDDC,1,4998711905,56333878
22,15,CCCC,1,21949209225,25992577968
23,9,CDDC,0,7709390190,135945876
24,0,DDDD,0,553784,64923279
24,1,CDDD,0,693009,80975574
24,8,DDDC,0,843684,86018456
24,9,CDDC,1,49983546281,14514496537
24,15,CCCC,1,399997,24402514476
25,9,CDDC,1,1731542,101912890
25,15,CCCC,1,25545510706,27427524326
26,0,DDDD,0,7589408973,112290381
26,9,CDDC,1,34414365678,47740917497
27,0,DDDD,0,405916,31490087
27,8,DDDC,0,455773,31538905
27,9,CDDC,1,14995660094,49930234
27,14,DCCC,0,655931,62887968
27,15,CCCC,1,17593527569,25842325490
28,9,CDDC,0,906247946,187014268
29,0,DDDD,0,2136452,69375202
29,1,CDDD,0,4633853,96971598
29,9,CDDC,1,49974393526,48049770866
30,9,CDDC,1,722512,55421809
30,15,CCCC,1,24878476325,26045265659
32,0,DDDD,0,461062,31962432
32,1,CDDD,0,586313,38991082
32,8,DDDC,0,623705,40753767
32,9,CDDC,1,37089432032,48164859817
32,14,DCCC,0,544856,31324551
32,15,CCCC,1,6626246389,32962010
33,15,CCCC,1,21795564941,43527016339
34,0,DDDD,0,8973374305,109353516
34,1,CDDD,0,8373828530,110562754
34,9,CDDC,1,28224653194,47860281181
35,8,DDDC,0,368254,31356905
35,9,CDDC,1,561045,38982683
35,15,CCCC,1,24560665295,26047370601
36,9,CDDC,0,121620087,296064934
37,0,DDDD,0,642345,62612288
37,1,CDDD,0,811307,84564581
37,8,DDDC,0,1002608,91098246
37,9,CDDC,1,49983536268,19332331649
37,15,CCCC,1,370694,5085375556
38,9,CDDC,1,896191,69881424
38,15,CCCC,1,24590209468,28512700890
39,0,DDDD,0,18712312801,13494522973
40,0,DDDD,0,386722,31506221
40,1,CDDD,0,482132,34329847
40,8,DDDC,0,444211,33323223
40,9,CDDC,1,19994531599,14476474472
40,14,DCCC,0,560269,46617497
40,15,CCCC,1,14723262933,21405729289
42,0,DDDD,0,1725340351,106084293
42,1,CDDD,0,1658122252,107629879
42,9,CDDC,1,45731569341,47990990005
43,8,DDDC,0,361115,31346535
43,9,CDDC,1,536199,37808619
43,15,CCCC,1,24474994127,25928808765
45,0,DDDD,0,523128,36547112
45,1,CDDD,0,618528,50130040
45,8,DDDC,0,4998927145,41445969
45,9,CDDC,1,44986783911,4891991444
45,14,DCCC,0,328544,80299840
45,15,CCCC,1,365793,11037425282
46,15,CCCC,1,24371127390,44187033345
47,0,DDDD,0,18039557036,7186325810
47,1,CDDD,0,16923260347,5566256123
48,0,DDDD,0,353488,31368677
48,8,DDDC,0,348247,31360948
48,9,CDDC,1,491550,35483492
48,14,DCCC,0,552238,38838244
48,15,CCCC,1,24472866137,25710971603
50,0,DDDD,0,29444881,68447956
50,1,CDDD,0,33940331,80050620
50,9,CDDC,1,49912489387,48172702815
51,9,CDDC,1,597134,42134787
51,15,CCCC,1,24751091930,26550514994
53,0,DDDD,0,390990,31722095
53,1,CDDD,0,489727,32763395
53,8,DDDC,0,450836,38087815
53,9,CDDC,1,19994851710,43360467571
53,14,DCCC,0,572267,34049683
53,15,CCCC,1,15570360445,2841612484
55,0,DDDD,0,16396787364,115599515
55,1,CDDD,0,15624669858,121521133
55,9,CDDC,1,11058566497,47918917456
56,8,DDDC,0,339229,31349689
56,9,CDDC,1,451444,33380417
56,15,CCCC,1,25302280342,26082756149
58,0,DDDD,0,538524,48715944
58,1,CDDD,0,669965,69889386
58,8,DDDC,0,817300,84893180
58,9,CDDC,1,49985268298,4912754564
58,15,CCCC,1,353289,9766686071
59,15,CCCC,1,24554648886,42802612061
60,0,DDDD,0,15866431127,8795080413
61,0,DDDD,0,350403,31388969
61,1,CDDD,0,407020,31657759
61,8,DDDC,0,366085,31378349
61,9,CDDC,1,9997614307,34639962
61,14,DCCC,0,485352,35867465
61,15,CCCC,1,19159451520,29562746830
63,0,DDDD,0,2217949330,102450779
63,1,CDDD,0,1998682810,107299301
63,9,CDDC,1,44740420301,48054820190
64,9,CDDC,1,465176,34385213
64,15,CCCC,1,25381643365,26199983320
66,0,DDDD,0,449131,11960575961
66,1,CDDD,0,577010,31772115480
66,8,DDDC,0,4998950782,32491617
66,9,CDDC,1,4999310438,4850047950
66,14,DCCC,0,762801,31475337
66,15,CCCC,1,19645103763,32247096
67,15,CCCC,0,1071720322,4356164582
68,0,DDDD,0,19370926826,6598847207
68,1,CDDD,0,18728863948,4716685650
69,0,DDDD,0,335849,31367225
69,8,DDDC,0,331189,31352047
69,9,CDDC,1,411653,32416396
69,14,DCCC,0,451679,32183443
69,15,CCCC,1,24790512490,25592756303
71,0,DDDD,0,710118,46452275
71,1,CDDD,0,900764,68867859
71,8,DDDC,0,1113620,76372107
71,9,CDDC,1,49984344451,48188041882
71,15,CCCC,1,344174,31636547
72,15,CCCC,1,25198694532,40994787743
73,0,DDDD,0,15462923436,11479606067
74,0,DDDD,0,352475,31448878
74,1,CDDD,0,412189,31795820
74,8,DDDC,0,369920,31420032
74,9,CDDC,1,9997718871,34776520
74,14,DCCC,0,491483,37955162
74,15,CCCC,1,20132989449,25064927896
76,0,DDDD,0,16853252850,115805134
76,1,CDDD,0,15593827421,121651063
76,9,CDDC,1,8102713264,47973048617
77,8,DDDC,0,329432,31363673
77,9,CDDC,1,405341,32256641
77,15,CCCC,1,25023575242,26016494385
79,0,DDDD,0,544645,14351113984
79,1,CDDD,0,626576,34286315357
79,8,DDDC,0,9997587138,31669503
79,9,CDDC,1,38596074171,31892867
79,14,DCCC,0,352937,31474632
79,15,CCCC,1,633092956,32190441
80,15,CCCC,1,22458782305,30334765774
81,0,DDDD,0,17126030362,5369148897
81,1,CDDD,0,16628361226,3763779851
82,0,DDDD,0,334019,31373028
82,1,CDDD,0,367066,31519710
82,8,DDDC,0,337368,31354995
82,9,CDDC,1,4998983905,32259875
82,14,DCCC,0,423464,31855288
82,15,CCCC,1,22413328863,28266711661
84,0,DDDD,0,1107394163,95050854
84,1,CDDD,0,870558466,101412727
84,9,CDDC,1,47685983582,48136503752
85,15,CCCC,1,25076883158,38839994288
87,0,DDDD,0,10383315795,560265114
87,1,CDDD,0,9604587835,14036229588
87,6,DCCD,0,384524,32680010
87,8,DDDC,0,458946,32836439
87,9,CDDC,1,24993952043,24107786599
87,14,DCCC,0,358780,33047790
87,15,CCCC,1,2236578965,3418764044
88,15,CCCC,0,149794485,884673533
89,0,DDDD,0,20223574886,5261402824
89,1,CDDD,0,19297641185,3525825970
90,8,DDDC,0,324515,31358340
90,9,CDDC,1,376723,32034695
90,15,CCCC,1,25205278607,26152974588
92,0,DDDD,0,560976,14584026746
92,1,CDDD,0,702609,34023131433
92,8,DDDC,0,862548,31673150
92,9,CDDC,1,49985991581,31934898
92,15,CCCC,1,336830,32230356
93,15,CCCC,1,24912751421,31725150686
94,0,DDDD,0,14879060464,10622035097
95,0,DDDD,0,334337,31381337
95,1,CDDD,0,368902,31558827
95,8,DDDC,0,337855,31366254
95,9,CDDC,1,4999093965,32403587
95,14,DCCC,0,422662,31982353
95,15,CCCC,1,23147776608,28925312631
97,0,DDDD,0,14956581879,110154756
97,1,CDDD,0,14529205722,112009847
97,9,CDDC,1,8100535623,48057586846
98,9,CDDC,1,381409,32075971
98,15,CCCC,1,25034964533,26120063686
100,0,DDDD,0,14765846852,8076665049
100,1,CDDD,0,15217088979,40573392303
100,8,DDDC,0,446682,31644220
100,9,CDDC,1,14996582379,31845815
100,14,DCCC,0,372887,31448820
100,15,CCCC,1,2305845465,32252619
101,15,CCCC,0,364919713,4660387150
102,0,DDDD,0,19114042298,5086915184
102,1,CDDD,0,18000079615,2956488196
103,0,DDDD,0,325120,31379209
103,8,DDDC,0,322236,31352367
103,9,CDDC,1,363686,31903109
103,14,DCCC,0,384804,31662932
103,15,CCCC,1,25219337843,26143656696
105,0,DDDD,0,157700758,69138095
105,1,CDDD,0,128242482,75558500
105,9,CDDC,1,49679862406,48222073340
106,15,CCCC,1,25064582509,39889738860
107,0,DDDD,0,15833578505,4992349281
108,0,DDDD,0,346940,31445709
108,1,CDDD,0,386336,31740834
108,6,DCCD,0,425368,32183565
108,8,DDDC,0,4999017342,31398048
108,9,CDDC,1,4999156503,32351875
108,14,DCCC,0,440204,32424897
108,15,CCCC,1,19662924225,17735096624
110,0,DDDD,0,19802873449,5052697412
110,1,CDDD,0,19534739578,1185496089
111,8,DDDC,0,320285,31354760
111,9,CDDC,1,358072,31706835
111,15,CCCC,1,24636297701,26037734581
113,0,DDDD,0,25271785065,14356705234
113,1,CDDD,0,24699047496,34323399661
113,8,DDDC,0,379389,31674871
113,9,CDDC,1,426497,31803131
113,14,DCCC,0,327051,31460754
113,15,CCCC,1,351784,31827524
114,15,CCCC,1,22617507856,25887695194
115,0,DDDD,0,15412030195,7839083252
115,1,CDDD,0,14536181032,1678981498
116,0,DDDD,0,325254,31367854
116,1,CDDD,0,346190,31498622
116,8,DDDC,0,322473,31361664
116,9,CDDC,1,361322,31864097
116,14,DCCC,0,383638,31692433
116,15,CCCC,1,24986477866,29998242769
118,0,DDDD,0,14591028822,108652694
118,1,CDDD,0,14709936907,109782007
118,9,CDDC,1,15653820262,48148590900
119,15,CCCC,1,25262230231,40192615839
121,0,DDDD,0,7586425690,1816197514
121,1,CDDD,0,7406821062,46708112342
121,6,DCCD,0,416789,31634116
121,8,DDDC,0,4999126990,31587529
121,9,CDDC,1,9997936971,31798509
121,14,DCCC,0,416383,31429741
121,15,CCCC,1,9738570183,32442381
122,15,CCCC,0,415514763,1765002732
123,0,DDDD,0,20200656413,4279404775
123,1,CDDD,0,19644828870,2797759655
124,0,DDDD,0,323188,31367129
124,8,DDDC,0,319217,31343613
124,9,CDDC,1,348341,31637859
124,14,DCCC,0,361675,31593366
124,15,CCCC,1,25671005128,25677565689
126,0,DDDD,0,22970668213,14607394608
126,1,CDDD,0,23672710343,34080646118
126,8,DDDC,0,408578,31690191
126,9,CDDC,1,3324616910,31850254
126,15,CCCC,1,342113,31734114
127,15,CCCC,1,25784311646,26237209846
128,0,DDDD,0,13269294575,10588815819
129,0,DDDD,0,328815,31402793
129,1,CDDD,0,350559,31583142
129,6,DCCD,0,386182,31866266
129,8,DDDC,0,330700,31365812
129,9,CDDC,1,4999125190,31867322
129,14,DCCC,0,387339,31883337
129,15,CCCC,1,22231369452,17494672176
131,0,DDDD,0,17887360273,6056430144
131,1,CDDD,0,16917264864,573353179
132,9,CDDC,1,348576,31662018
132,15,CCCC,1,25039441937,25965419773
134,0,DDDD,0,19516961323,6636409073
134,1,CDDD,0,20464243966,42027370409
134,8,DDDC,0,406521,31680755
134,9,CDDC,1,9997930150,31791904
134,14,DCCC,0,322977,31455763
134,15,CCCC,1,343449,31761228
135,15,CCCC,0,311329758,4369371359
136,0,DDDD,0,16952944324,4877333753
136,1,CDDD,0,16085293155,2232910138
137,0,DDDD,0,321400,31380528
137,1,CDDD,0,333677,31470352
137,8,DDDC,0,319499,31373680
137,9,CDDC,1,345564,31660584
137,14,DCCC,0,357137,31639220
137,15,CCCC,1,25104608299,29629707036
139,0,DDDD,0,15944090257,14736084449
139,1,CDDD,0,16025751935,33739413458
139,9,CDDC,1,17624410814,32053577
140,15,CCCC,1,24600221956,33486666883
142,0,DDDD,0,7491454150,31464742
142,1,CDDD,0,7502392148,31745840
142,6,DCCD,0,377116,32002122
142,8,DDDC,0,374236,31439927
142,9,CDDC,1,14996811178,32254498
142,14,DCCC,0,366889,32037076
142,15,CCCC,1,9951113276,26004792159
144,0,DDDD,0,20829618624,2829333706
144,1,CDDD,0,20221715188,1892377975
145,8,DDDC,0,317313,31357827
145,9,CDDC,1,339981,31620054
145,15,CCCC,1,25371938310,26248792084
147,0,DDDD,0,24352476777,14467909008
147,1,CDDD,0,25622755394,34230458038
147,8,DDDC,0,357660,31679214
147,9,CDDC,1,388113,31771745
147,15,CCCC,1,336661,31726742
148,15,CCCC,1,25172509974,30372902382
149,0,DDDD,0,13890924749,9516499342
149,1,CDDD,0,13111131456,1228554995
150,0,DDDD,0,321111,31394843
150,1,CDDD,0,335075,31512005
150,6,DCCD,0,361376,31710097
150,8,DDDC,0,320083,31361903
150,9,CDDC,1,345686,31625855
150,14,DCCC,0,359216,31675134
150,15,CCCC,1,24541799145,17618522633
152,0,DDDD,0,21396352276,305428991
152,1,CDDD,0,21029330321,188662718
152,9,CDDC,1,1859162491,46822279760
153,15,CCCC,1,24917472637,40392142940
155,0,DDDD,0,21779727082,1880903816
155,1,CDDD,0,23201105883,46662992285
155,6,DCCD,0,369614,31615542
155,8,DDDC,0,366681,31618362
155,9,CDDC,1,414787,31748015
155,14,DCCC,0,344384,31436091
155,15,CCCC,1,2553076183,31805891
156,15,CCCC,0,1046646390,3005850784
157,0,DDDD,0,19215313202,4153467396
157,1,CDDD,0,18822777458,2207430689
158,0,DDDD,0,319137,31382960
158,8,DDDC,0,317544,31358933
158,9,CDDC,1,334416,31622787
158,14,DCCC,0,344210,31588522
158,15,CCCC,1,24581237978,26367103636
160,0,DDDD,0,24563440667,14814019530
160,1,CDDD,0,25407870339,33892371705
160,9,CDDC,1,376138,31838791
161,15,CCCC,1,26114592097,26377534138
162,0,DDDD,0,11909746575,10798628721
163,0,DDDD,0,325315,31404134
163,1,CDDD,0,343715,31604073
163,6,DCCD,0,369342,31889846
163,8,DDDC,0,327033,31389061
163,9,CDDC,1,4999193117,31799634
163,14,DCCC,0,367513,31876863
163,15,CCCC,1,22177766033,25893613181
165,0,DDDD,0,19775360277,5155472687
165,1,CDDD,0,19502706003,772786593
166,9,CDDC,1,333351,31622484
166,15,CCCC,1,24571482435,26175215256
168,0,DDDD,0,24583989558,10855045552
168,1,CDDD,0,25394601848,37842893585
168,8,DDDC,0,352497,31684612
168,9,CDDC,1,378311,31752228
168,14,DCCC,0,320146,31456135
168,15,CCCC,1,333791,31741468
169,15,CCCC,0,554200878,3510146316
170,0,DDDD,0,15074184026,8033745846
170,1,CDDD,0,14429121368,1105459059
171,0,DDDD,0,320012,31392994
171,1,CDDD,0,329160,31488312
171,8,DDDC,0,318175,31360900
171,9,CDDC,1,335105,31637291
171,14,DCCC,0,342824,31624143
171,15,CCCC,1,25731002526,29864711673
173,0,DDDD,0,25221026346,15031974723
173,1,CDDD,0,24556906170,33600711384
173,9,CDDC,1,111022756,31955310
174,15,CCCC,1,25499070652,28626901570
176,0,DDDD,0,9639761611,14097043642
176,1,CDDD,0,10352779807,34293436989
176,6,DCCD,0,379837,31684446
176,8,DDDC,0,351779,31608225
176,9,CDDC,1,4999231209,31772284
176,14,DCCC,0,366472,31451420
176,15,CCCC,1,12571867501,31828392
177,15,CCCC,0,298294740,880524600
178,0,DDDD,0,20735254908,2967782738
178,1,CDDD,0,20093114917,2051338850
179,8,DDDC,0,317824,31358687
179,9,CDDC,1,329407,31614819
179,15,CCCC,1,25143030061,26761971200
181,0,DDDD,0,24865571700,14628312418
181,1,CDDD,0,25111838658,34087907896
181,8,DDDC,0,344628,31679086
181,9,CDDC,1,365134,31726218
181,15,CCCC,1,328792,31723429
182,15,CCCC,1,25563030918,30539609190
183,0,DDDD,0,12492745697,8877871560
183,1,CDDD,0,11082738473,1306125430
184,0,DDDD,0,321415,31399716
184,1,CDDD,0,331019,31528772
184,6,DCCD,0,346224,31754676
184,8,DDDC,0,322472,31373131
184,9,CDDC,1,4999208027,31682813
184,14,DCCC,0,343025,31721258
184,15,CCCC,1,22475728995,23664607725
186,0,DDDD,0,22440159091,7255686539
186,1,CDDD,0,21717730121,637922847
187,15,CCCC,1,24158532822,40232022265
189,0,DDDD,0,19591482089,1874905296
189,1,CDDD,0,20393172868,46693397470
189,6,DCCD,0,336286,31619177
189,8,DDDC,0,371848,31615262
189,9,CDDC,1,9998074308,31749485
189,14,DCCC,0,319361,31444224
189,15,CCCC,1,330451,31796842
190,15,CCCC,0,1950638247,4483988581
191,0,DDDD,0,16874894661,5241430503
191,1,CDDD,0,16376327013,2137774484
192,0,DDDD,0,318449,31384762
192,1,CDDD,0,324215,31477262
192,8,DDDC,0,315905,31359456
192,9,CDDC,1,328687,31617318
192,14,DCCC,0,333769,31592290
192,15,CCCC,1,24754017901,29791026210
194,0,DDDD,0,24807571309,14918875571
194,1,CDDD,0,25165923974,33803522799
194,9,CDDC,1,359272,31797782
195,15,CCCC,1,24543443276,30345672743
197,0,DDDD,0,4979037600,31437347
197,1,CDDD,0,5017694395,31655974
197,6,DCCD,0,359425,31911593
197,8,DDDC,0,334437,31385678
197,9,CDDC,1,4999249642,31830231
197,14,DCCC,0,349225,31898865
197,15,CCCC,1,17227948077,24124334492
199,0,DDDD,0,20710804927,3960964046
199,1,CDDD,0,20519189214,709043680
200,9,CDDC,1,325504,31610760
200,15,CCCC,1,25371646508,26426120341
202,0,DDDD,0,24685134345,14010492155
202,1,CDDD,0,25295037084,34713381835
202,8,DDDC,0,338954,31682831
202,9,CDDC,1,358398,31695970
202,14,DCCC,0,318130,31456735
202,15,CCCC,1,325653,31719819
203,15,CCCC,0,871020935,2593911495
204,0,DDDD,0,13165620637,8785258194
204,1,CDDD,0,12277912383,912197112
205,0,DDDD,0,319410,31396097
205,1,CDDD,0,323532,31518170
205,6,DCCD,0,336641,31652871
205,8,DDDC,0,317060,31357044
205,9,CDDC,1,328352,31596324
205,14,DCCC,0,335097,31615736
205,15,CCCC,1,24915304831,17672135155
207,0,DDDD,0,24312969206,14995325584
207,1,CDDD,0,25526644032,33635285166
208,15,CCCC,1,24778565962,28205936213
210,0,DDDD,0,25386970318,11310045040
210,1,CDDD,0,24594761844,27441695519
210,6,DCCD,0,340925,31761293
210,8,DDDC,0,348565,31593035
210,9,CDDC,1,372560,31825886
210,14,DCCC,0,320203,31592663
210,15,CCCC,1,330162,5294213092
211,15,CCCC,0,780839851,1697366849
212,0,DDDD,0,19909260609,3007148564
212,1,CDDD,0,19201992597,1870915524
213,0,DDDD,0,317656,31395809
213,8,DDDC,0,316380,31361050
213,9,CDDC,1,323498,31592165
213,14,DCCC,0,327815,31568532
213,15,CCCC,1,24437742643,26332953214
215,0,DDDD,0,24000802312,14610932750
215,1,CDDD,0,25977998393,34123351180
215,8,DDDC,0,333937,31684215
215,9,CDDC,1,351741,31688637
215,15,CCCC,1,323775,31718971
216,15,CCCC,1,24716021212,30640565356
217,0,DDDD,0,11096383599,10001564830
218,0,DDDD,0,2362941944,31405497
218,1,CDDD,0,2635802261,31565633
218,6,DCCD,0,344411,31782361
218,8,DDDC,0,324293,31379172
218,9,CDDC,1,343410,31717280
218,14,DCCC,0,338539,31748603
218,15,CCCC,1,22675189454,25098260153
220,0,DDDD,0,22347647493,6360098367
220,1,CDDD,0,22071734383,923906105
221,9,CDDC,1,324981,31633436
221,15,CCCC,1,24948451380,35765215759
223,0,DDDD,0,24829272343,1836392367
223,1,CDDD,0,25152543050,46759611828
223,6,DCCD,0,330712,31634817
223,8,DDDC,0,337256,31611400
223,9,CDDC,1,353151,31664632
223,14,DCCC,0,317956,31445759
223,15,CCCC,1,324854,31770340
224,15,CCCC,0,2855928868,4713102429
225,0,DDDD,0,14899154817,6233187443
225,1,CDDD,0,14309840453,1857493635
226,0,DDDD,0,316717,31394676
226,1,CDDD,0,321832,31497726
226,8,DDDC,0,316560,31368475
226,9,CDDC,1,324305,31612811
226,14,DCCC,0,327807,31592704
226,15,CCCC,1,25455365753,28002732822
228,0,DDDD,0,24318722086,14956664336
228,1,CDDD,0,25655606015,33781691234
228,9,CDDC,1,347724,31794233
229,15,CCCC,1,25589797391,30587085764
231,0,DDDD,0,2566448744,5679251513
231,1,CDDD,0,2432412231,13753436782
231,6,DCCD,0,353466,31849529
231,8,DDDC,0,327859,31517379
231,9,CDDC,1,4999270864,31848634
231,14,DCCC,0,347913,31750581
231,15,CCCC,1,21043512028,15909921692
232,15,CCCC,0,156043470,257425645
233,0,DDDD,0,20994030173,1819311887
233,1,CDDD,0,20573435211,1159491044
234,8,DDDC,0,315764,31367781
234,9,CDDC,1,320864,31588118
234,15,CCCC,1,25561530173,26432610990
236,0,DDDD,0,24170280698,14389121159
236,1,CDDD,0,25810943905,34354739325
236,8,DDDC,0,331339,31678858
236,9,CDDC,1,344759,31690647
236,14,DCCC,0,316162,31447693
236,15,CCCC,1,321821,31715333
237,15,CCCC,0,12232879921,1600651017
238,0,DDDD,0,11556781495,8896807558
238,1,CDDD,0,10726663381,1173641836
239,0,DDDD,0,317074,31396821
239,1,CDDD,0,322003,31510538
239,6,DCCD,0,335952,31676079
239,8,DDDC,0,318801,31374477
239,9,CDDC,1,323339,31633206
239,14,DCCC,0,4999233662,31654505
239,15,CCCC,1,23063636373,26130632568
241,0,DDDD,0,24043461116,11116136597
241,1,CDDD,0,24925492923,1671729749
242,15,CCCC,1,25492706068,31141873043
244,0,DDDD,0,22083462891,14179310349
244,1,CDDD,0,22901168175,34274397273
244,6,DCCD,0,337823,31675190
244,8,DDDC,0,336034,31611399
244,9,CDDC,1,357368,31657145
244,14,DCCC,0,326764,31473797
244,15,CCCC,1,2610448000,31790871
245,15,CCCC,0,1731481187,2370590459
246,0,DDDD,0,17251898788,4071959857
246,1,CDDD,0,17068007741,1517230837
247,0,DDDD,0,316365,31392129
247,1,CDDD,0,319528,31496927
247,8,DDDC,0,316428,31387618
247,9,CDDC,1,320835,31597200
247,14,DCCC,0,323468,31563698
247,15,CCCC,1,25059156080,29141366504
249,0,DDDD,0,25118993812,14910621410
249,1,CDDD,0,24860408992,33841470197
249,9,CDDC,1,340031,31687044
250,15,CCCC,1,25766815416,30535050346
251,0,DDDD,0,10949261738,9797072886
252,0,DDDD,0,319352,31432954
252,1,CDDD,0,327880,31608329
252,6,DCCD,0,333982,31817478
252,8,DDDC,0,323293,31384066
252,9,CDDC,1,9998209370,31766548
252,14,DCCC,0,331268,31781105
252,15,CCCC,1,20145914706,25945234794
254,0,DDDD,0,21598130027,4375681103
254,1,CDDD,0,20673944459,737345960
255,9,CDDC,1,320344,31586860
255,15,CCCC,1,25067053252,26608461769
257,0,DDDD,0,25766273290,1827562541
257,1,CDDD,0,24216473476,46797954484
257,6,DCCD,0,324394,31625627
257,8,DDDC,0,328282,31615920
257,9,CDDC,1,341376,31672855
257,14,DCCC,0,316531,31442669
257,15,CCCC,1,320329,31770753
258,15,CCCC,0,2548246619,3782295275
259,0,DDDD,0,12546259063,7521229322
259,1,CDDD,0,11864986403,1086832368
260,0,DDDD,0,317628,31415546
260,1,CDDD,0,319173,31517630
260,6,DCCD,0,325327,31622025
260,8,DDDC,0,317930,31365779
260,9,CDDC,1,4999249420,31566582
260,14,DCCC,0,324342,31584542
260,15,CCCC,1,23044059168,18490018940
262,0,DDDD,0,24887876900,15059640818
262,1,CDDD,0,25086545711,33694169909
263,15,CCCC,1,24835795261,30583226955
265,0,DDDD,0,20544014252,14170139231
265,1,CDDD,0,19443027089,34348529789
265,6,DCCD,0,331466,31622707
265,8,DDDC,0,338279,31573067
265,9,CDDC,1,4999299689,31692242
265,14,DCCC,0,320699,31430674
265,15,CCCC,1,2756253368,31805620
266,15,CCCC,0,530219426,409979199
267,0,DDDD,0,20313509817,2452605804
267,1,CDDD,0,20012887569,1723505204
268,0,DDDD,0,316349,31410166
268,8,DDDC,0,315165,31380144
268,9,CDDC,1,319167,31574500
268,14,DCCC,0,321666,31561120
268,15,CCCC,1,25542232545,25674752951
270,0,DDDD,0,25143829368,14462049370
270,1,CDDD,0,24838217123,34302051171
270,8,DDDC,0,325529,31682838
270,9,CDDC,1,335266,31687486
270,15,CCCC,1,319012,31703878
271,15,CCCC,1,24684366040,35311775577
272,0,DDDD,0,10724492094,8957684748
272,1,CDDD,0,9559148320,923781582
273,0,DDDD,0,317447,31412231
273,1,CDDD,0,321347,31541584
273,6,DCCD,0,327272,31699626
273,8,DDDC,0,317694,31365741
273,9,CDDC,1,4999277989,31646569
273,14,DCCC,0,324329,31648402
273,15,CCCC,1,22658548723,24296212596
275,0,DDDD,0,23539778164,6340223642
275,1,CDDD,0,24009695844,1519460013
276,15,CCCC,1,24449596285,39502985737
278,0,DDDD,0,24886738392,14003425739
278,1,CDDD,0,25096958240,34480324172
278,6,DCCD,0,324628,31674747
278,8,DDDC,0,328826,31607657
278,9,CDDC,1,339004,31656106
278,14,DCCC,0,316448,31463010
278,15,CCCC,1,319903,31782220
279,15,CCCC,0,3311802091,4708374174
280,0,DDDD,0,14789702811,6789240054
280,1,CDDD,0,14355610256,1292267221
281,0,DDDD,0,316117,31416480
281,1,CDDD,0,318804,31498785
281,8,DDDC,0,315099,31373764
281,9,CDDC,1,318810,31583427
281,14,DCCC,0,320775,31559319
281,15,CCCC,1,24560358251,27130551361
283,0,DDDD,0,24954802750,15039470793
283,1,CDDD,0,25025203091,33731228196
283,9,CDDC,1,333274,31724662
284,15,CCCC,1,24935609305,30619714693
286,0,DDDD,0,5165704311,31469598
286,1,CDDD,0,4831640168,31673487
286,6,DCCD,0,334824,31879995
286,8,DDDC,0,321815,31414526
286,9,CDDC,1,333592,31762122
286,14,DCCC,0,328107,31812057
286,15,CCCC,1,20849893934,18585370861
288,0,DDDD,0,21239655701,2539954384
288,1,CDDD,0,20758974489,804729654
289,9,CDDC,1,317965,31574474
289,15,CCCC,1,25288679527,26530400353
291,0,DDDD,0,24304861800,5202987081
291,1,CDDD,0,25678532816,43540780358
291,8,DDDC,0,323580,31663029
291,9,CDDC,1,331015,31692655
291,14,DCCC,0,315636,31450470
291,15,CCCC,1,318156,31709939
292,15,CCCC,0,961518944,2757556837
293,0,DDDD,0,11185675596,8552955032
293,1,CDDD,0,10436576759,866667360
294,0,DDDD,0,315847,31413413
294,1,CDDD,0,317818,31518095
294,6,DCCD,0,323780,31645688
294,8,DDDC,0,315165,31379633
294,9,CDDC,1,318755,31606645
294,14,DCCC,0,321341,31578290
294,15,CCCC,1,25427759404,26005262608
296,0,DDDD,0,24841470573,15261105984
296,1,CDDD,0,25132087134,33509697698
297,15,CCCC,1,24580093553,30764398700
299,0,DDDD,0,22276405835,14175800519
299,1,CDDD,0,22709584865,34377379649
299,6,DCCD,0,326691,31622270
299,8,DDDC,0,328376,31574793
299,9,CDDC,1,339452,31697470
299,14,DCCC,0,319509,31431891
299,15,CCCC,1,2576045597,31782288
300,15,CCCC,0,1224405883,760911590
301,0,DDDD,0,17997820505,2826064530
301,1,CDDD,0,17763792317,2050780027
302,0,DDDD,0,315806,31403079
302,8,DDDC,0,315412,31382065
302,9,CDDC,1,317753,31580690
302,14,DCCC,0,319392,31553034
302,15,CCCC,1,24869305621,26805256377
304,0,DDDD,0,25101323587,14838353301
304,1,CDDD,0,24881259769,33948127524
304,9,CDDC,1,329550,31690283
305,15,CCCC,1,25044324744,34267717211
306,0,DDDD,0,9771952264,9684201245
307,0,DDDD,0,317122,31438766
307,1,CDDD,0,320579,31581260
307,6,DCCD,0,323227,31783235
307,8,DDDC,0,320104,31391444
307,9,CDDC,1,14997304257,31709543
307,14,DCCC,0,320349,31737263
307,15,CCCC,1,17554842203,24363238518
309,0,DDDD,0,23438254312,6048181558
309,1,CDDD,0,23073774915,1093223654
310,15,CCCC,1,24613826435,41094215708
312,0,DDDD,0,24479552562,12855700247
312,1,CDDD,0,25504745488,35665595707
312,6,DCCD,0,320494,31663641
312,8,DDDC,0,322189,31617376
312,9,CDDC,1,329856,31653700
312,14,DCCC,0,315845,31459252
312,15,CCCC,1,317556,31768977
313,15,CCCC,0,4877610465,4476911712
314,0,DDDD,0,12095605961,7120500026
314,1,CDDD,0,11773696171,1192292943
315,0,DDDD,0,315500,31415911
315,1,CDDD,0,316448,31500124
315,6,DCCD,0,319762,31612331
315,8,DDDC,0,316216,31387217
315,9,CDDC,1,317945,31586685
315,14,DCCC,0,318503,31575492
315,15,CCCC,1,25390552675,22434116815
317,0,DDDD,0,24834745778,15118007527
317,1,CDDD,0,25145520066,33672774075
318,15,CCCC,1,24526867401,31052115224
320,0,DDDD,0,12410508341,12794632849
320,1,CDDD,0,12582177240,30903913290
320,6,DCCD,0,326779,31678945
320,8,DDDC,0,325668,31631734
320,9,CDDC,1,4999333220,31738377
320,14,DCCC,0,321808,31475429
320,15,CCCC,1,9757653678,2330076074
321,15,CCCC,0,478623812,348534449
322,0,DDDD,0,20970496549,1558897015
322,1,CDDD,0,20573823785,1322450541
323,8,DDDC,0,316388,31381397
323,9,CDDC,1,316868,31570017
323,15,CCCC,1,26331464231,26498221369
325,0,DDDD,0,24850948179,14239955057
325,1,CDDD,0,25133060091,34558333002
325,8,DDDC,0,320542,31680982
325,9,CDDC,1,325257,31689208
325,14,DCCC,0,315084,31463831
325,15,CCCC,1,317614,31698612
326,15,CCCC,0,1091772843,1918106455
327,0,DDDD,0,10209052210,8125012070
327,1,CDDD,0,9561329195,1022805942
328,0,DDDD,0,317194,31416008
328,1,CDDD,0,318505,31541253
328,6,DCCD,0,321484,31659456
328,8,DDDC,0,315452,31389003
328,9,CDDC,1,318792,31639825
328,14,DCCC,0,321013,31635740
328,15,CCCC,1,25798513182,26454862309
330,0,DDDD,0,24524684999,15244999731
330,1,CDDD,0,25446823207,33542865710
331,15,CCCC,1,24826060681,30693109342
333,0,DDDD,0,22299738551,14317207248
333,1,CDDD,0,22686749047,34275141528
333,6,DCCD,0,320520,31608659
333,8,DDDC,0,4999316757,31560163
333,9,CDDC,1,328714,31641478
333,14,DCCC,0,317284,31421290
333,15,CCCC,1,317946,31779483
334,15,CCCC,0,2947967871,2229155039
335,0,DDDD,0,14778355230,4239772617
335,1,CDDD,0,14714289865,1711960506
336,0,DDDD,0,316269,31425531
336,1,CDDD,0,316697,31497894
336,8,DDDC,0,315509,31386946
336,9,CDDC,1,317268,31590599
336,14,DCCC,0,317546,31547098
336,15,CCCC,1,25740533627,29138448975
338,0,DDDD,0,24700077453,14897405127
338,1,CDDD,0,25282910101,33912766308
338,9,CDDC,1,323610,31687090
339,15,CCCC,1,25879144241,33874924684
340,0,DDDD,0,10201335637,427389082
341,0,DDDD,0,317800,31462211
341,1,CDDD,0,319527,31634595
341,6,DCCD,0,322471,31810796
341,8,DDDC,0,318513,31399198
341,9,CDDC,1,9998347383,31713969
341,14,DCCC,0,320812,31754369
341,15,CCCC,1,19188991312,23170038507
343,0,DDDD,0,22780128664,4733964517
343,1,CDDD,0,22360652590,1329549082
344,9,CDDC,1,318199,31599212
344,15,CCCC,1,25102960049,36428379061
346,0,DDDD,0,23488089048,3010856480
346,1,CDDD,0,26496772168,45623967659
346,6,DCCD,0,317709,31642422
346,8,DDDC,0,319916,31608281
346,9,CDDC,1,323748,31654905
346,14,DCCC,0,315600,31453686
346,15,CCCC,1,317561,31749930
347,15,CCCC,0,5226670825,3340229819
348,0,DDDD,0,10739793821,7516497905
348,1,CDDD,0,10261335598,1064936095
349,0,DDDD,0,316119,31425236
349,1,CDDD,0,316052,31514266
349,6,DCCD,0,318823,31611491
349,8,DDDC,0,314929,31387067
349,9,CDDC,1,315774,31582522
349,14,DCCC,0,318370,31576321
349,15,CCCC,1,24811032306,24334532186
351,0,DDDD,0,25244160980,15344807183
351,1,CDDD,0,24736208790,33467867777
352,15,CCCC,1,26557417641,32157093283
354,0,DDDD,0,14889291657,14379946705
354,1,CDDD,0,15102173905,34210495513
354,6,DCCD,0,322042,31626954
354,8,DDDC,0,323851,31616041
354,9,CDDC,1,9998371827,31687652
354,14,DCCC,0,318913,31428418
354,15,CCCC,1,5189996303,31777990
355,15,CCCC,0,1180036908,395504074
356,0,DDDD,0,19146917196,2371255790
356,1,CDDD,0,18998868943,1675036194
357,0,DDDD,0,316025,31409049
357,8,DDDC,0,315835,31395733
357,9,CDDC,1,317107,31584156
357,14,DCCC,0,317800,31558724
357,15,CCCC,1,24775324087,26456330080
359,0,DDDD,0,24240781557,14557096788
359,1,CDDD,0,25743660396,34270696826
359,8,DDDC,0,318233,31684743
359,9,CDDC,1,321315,31685584
359,15,CCCC,1,316632,31696747
360,15,CCCC,1,24747174093,26855888382
361,0,DDDD,0,8939129374,8209801803
361,1,CDDD,0,7952741471,344908113
362,0,DDDD,0,2560817588,31432970
362,1,CDDD,0,2438273832,31556645
362,6,DCCD,0,321069,31706753
362,8,DDDC,0,318493,31373501
362,9,CDDC,1,4999354625,31625695
362,14,DCCC,0,4999358555,31635583
362,15,CCCC,1,17388352742,20497432160
364,0,DDDD,0,24547410431,15262283970
364,1,CDDD,0,25416361851,33540983160
365,15,CCCC,1,24983442736,26630711692
367,0,DDDD,0,24238981878,14337758241
367,1,CDDD,0,25746390756,34299211058
367,6,DCCD,0,317109,31608358
367,8,DDDC,0,318728,31572867
367,9,CDDC,1,322089,31634534
367,14,DCCC,0,315246,31425707
367,15,CCCC,1,317395,31763393
368,15,CCCC,0,4711281142,3646770907
369,0,DDDD,0,11700488821,7055998336
369,1,CDDD,0,11474799486,936830485
370,0,DDDD,0,315814,31423191
370,1,CDDD,0,316086,31502336
370,6,DCCD,0,316963,31580622
370,8,DDDC,0,316090,31394874
370,9,CDDC,1,316734,31574651
370,14,DCCC,0,316340,31556346
370,15,CCCC,1,25490709255,25446602070
372,0,DDDD,0,24656127015,15146075720
372,1,CDDD,0,25327249201,33692004119
373,15,CCCC,1,25470999565,32991187621
375,0,DDDD,0,9738906260,8657113303
375,1,CDDD,0,10255719321,20518809366
375,6,DCCD,0,4999291334,31761506
375,8,DDDC,0,4999359503,31564890
375,9,CDDC,1,325275,31799004
375,14,DCCC,0,323343,31583890
375,15,CCCC,1,9948133395,10719229247
377,0,DDDD,0,21167780910,1326085577
377,1,CDDD,0,21246693320,919853911
378,9,CDDC,1,315578,31577347
378,15,CCCC,1,24372505489,26577899279
380,0,DDDD,0,25193177987,1825556882
380,1,CDDD,0,24792119785,46910401824
380,6,DCCD,0,317012,31624244
380,8,DDDC,0,316904,31616419
380,9,CDDC,1,319145,31659893
380,14,DCCC,0,315513,31449432
380,15,CCCC,1,315385,31734998
381,15,CCCC,0,3844761598,2406195942
382,0,DDDD,0,9858592171,8328378704
382,1,CDDD,0,9018516071,873108629
383,0,DDDD,0,315371,31427298
383,1,CDDD,0,317313,31530207
383,6,DCCD,0,317144,31629149
383,8,DDDC,0,315655,31384810
383,9,CDDC,1,316534,31596606
383,14,DCCC,0,317046,31612985
383,15,CCCC,1,25513986028,19485127528
385,0,DDDD,0,25051226573,15288939012
385,1,CDDD,0,24929050387,33549198163
386,15,CCCC,1,25362883136,32685211269
388,0,DDDD,0,23008300162,14618029556
388,1,CDDD,0,21978937379,34024964563
388,6,DCCD,0,317571,31603957
388,8,DDDC,0,320222,31580429
388,9,CDDC,1,4999368170,31662908
388,14,DCCC,0,316049,31431380
388,15,CCCC,1,317240,31767096
389,15,CCCC,0,2757359173,829098982
390,0,DDDD,0,15221109642,3175205978
390,1,CDDD,0,15053679446,2161543922
391,0,DDDD,0,315839,31427175
391,1,CDDD,0,315795,31493886
391,8,DDDC,0,316937,31403723
391,9,CDDC,1,315994,31590064
391,14,DCCC,0,316041,31567720
391,15,CCCC,1,25116237717,30312269585
393,0,DDDD,0,24942537906,14879113655
393,1,CDDD,0,25042359552,33983832767
393,9,CDDC,1,317531,31687162
394,15,CCCC,1,25281823218,30241459664
395,0,DDDD,0,7427505726,8583176735
396,0,DDDD,0,315700,31447584
396,1,CDDD,0,317323,31589404
396,6,DCCD,0,318775,31758426
396,8,DDDC,0,316014,31397601
396,9,CDDC,1,4999374039,31704185
396,14,DCCC,0,317203,31698722
396,15,CCCC,1,23687863474,26423025127
398,0,DDDD,0,24192360238,6739550065
398,1,CDDD,0,24456576943,1835288938
399,15,CCCC,1,25552736220,27238473125
401,0,DDDD,0,25393085808,14308084864
401,1,CDDD,0,24592690816,34383303776
401,6,DCCD,0,315675,31608113
401,8,DDDC,0,316481,31569418
401,9,CDDC,1,319186,31628462
401,14,DCCC,0,315327,31410244
401,15,CCCC,1,317200,31743014
402,15,CCCC,0,6061174942,4298353676
403,0,DDDD,0,10403934397,7742425530
403,1,CDDD,0,10072427943,795680671
404,0,DDDD,0,315351,31428818
404,1,CDDD,0,315091,31509692
404,6,DCCD,0,316611,31594679
404,8,DDDC,0,316144,31390108
404,9,CDDC,1,316285,31577628
404,14,DCCC,0,316904,31565102
404,15,CCCC,1,25919249460,25683766323
406,0,DDDD,0,24514501058,15267881868
406,1,CDDD,0,25469235292,33604206418
407,15,CCCC,1,25186121206,31143697895
409,0,DDDD,0,12190847851,14483289311
409,1,CDDD,0,12802495305,34161533669
409,6,DCCD,0,319110,31635129
409,8,DDDC,0,316018,31640317
409,9,CDDC,1,320443,31731271
409,14,DCCC,0,318181,31426217
409,15,CCCC,1,12520919205,31811966
410,15,CCCC,0,1062484782,285258225
411,0,DDDD,0,20343436641,1839738182
411,1,CDDD,0,20197803379,1568765508
412,8,DDDC,0,315071,31391039
412,9,CDDC,1,316425,31575138
412,15,CCCC,1,24946140242,26795924831
414,0,DDDD,0,24527404653,13931825713
414,1,CDDD,0,25458266747,34954206124
414,8,DDDC,0,316521,31688985
414,9,CDDC,1,317343,31691569
414,14,DCCC,0,315203,31448678
414,15,CCCC,1,315767,31676323
415,15,CCCC,0,850841513,1876937983
416,0,DDDD,0,8323295667,7518373843
416,1,CDDD,0,7481578404,956820512
417,0,DDDD,0,315951,31429523
417,1,CDDD,0,316433,31549901
417,6,DCCD,0,4999318753,31670893
417,8,DDDC,0,314898,31388896
417,9,CDDC,1,4999393882,31612038
417,14,DCCC,0,322815,31609288
417,15,CCCC,1,20646536924,23074158764
419,0,DDDD,0,25725745300,15358067288
419,1,CDDD,0,24254101309,33513552393
420,15,CCCC,1,24767379778,32703061189
422,0,DDDD,0,25476251278,14565291043
422,1,CDDD,0,24509819003,34143535899
422,6,DCCD,0,315741,31602658
422,8,DDDC,0,315870,31574173
422,9,CDDC,1,318166,31625681
422,14,DCCC,0,315361,31427784
422,15,CCCC,1,316319,31735473
423,15,CCCC,0,5131570211,2733006231
424,0,DDDD,0,11438179990,4858391222
424,1,CDDD,0,11271575468,1375400667
425,0,DDDD,0,315013,31417871
425,1,CDDD,0,316160,31501265
425,6,DCCD,0,316277,31575985
425,8,DDDC,0,315720,31383146
425,9,CDDC,1,315490,31574999
425,14,DCCC,0,316219,31567369
425,15,CCCC,1,24877111457,26158744799
427,0,DDDD,0,24780244137,15152177915
427,1,CDDD,0,25204994629,33755745067
428,15,CCCC,1,24958989243,29697425510
430,0,DDDD,0,14699834392,31477629
430,1,CDDD,0,15292039374,31649485
430,6,DCCD,0,317007,31825808
430,8,DDDC,0,318356,31416483
430,9,CDDC,1,320510,31733695
430,14,DCCC,0,316699,31759813
430,15,CCCC,1,10338766761,25086560449
432,0,DDDD,0,23152354594,4636781325
432,1,CDDD,0,23420867655,1819586631
433,15,CCCC,1,26003103846,41195609537
435,0,DDDD,0,24869446580,14192721542
435,1,CDDD,0,25116701147,34567271353
435,6,DCCD,0,315720,31587894
435,8,DDDC,0,316291,31570413
435,9,CDDC,1,316243,31639290
435,14,DCCC,0,316256,31426685
435,15,CCCC,1,316373,31714744
436,15,CCCC,0,6577136241,2981667607
437,0,DDDD,0,8941266984,6755322943
437,1,CDDD,0,8617194076,996120818
438,0,DDDD,0,315415,31424203
438,1,CDDD,0,315873,31520435
438,6,DCCD,0,316655,31636838
438,8,DDDC,0,315607,31391846
438,9,CDDC,1,315888,31566430
438,14,DCCC,0,316664,31578535
438,15,CCCC,1,25494328743,23251659372
440,0,DDDD,0,24844482353,15369978449
440,1,CDDD,0,25139760928,33548860651
441,15,CCCC,1,25026794520,27613069968
443,0,DDDD,0,22728752479,14457436920
443,1,CDDD,0,22258940793,34269810738
443,6,DCCD,0,315384,31627486
443,8,DDDC,0,316875,31656154
443,9,CDDC,1,316469,31711041
443,14,DCCC,0,315131,31432724
443,15,CCCC,1,2498394459,31730400
444,15,CCCC,0,2556653696,379609492
445,0,DDDD,0,15484178745,2478529414
445,1,CDDD,0,15609665039,2086278289
446,0,DDDD,0,315587,31419773
446,1,CDDD,0,314938,31505258
446,8,DDDC,0,315617,31395176
446,9,CDDC,1,315762,31580208
446,14,DCCC,0,316059,31566074
446,15,CCCC,1,24563652420,30315112912
448,0,DDDD,0,25001483272,14767822564
448,1,CDDD,0,24984519141,34179676803
448,8,DDDC,0,316161,31697856
448,9,CDDC,1,315328,31680709
448,15,CCCC,1,316004,31661216
449,15,CCCC,1,24017006094,27114405173
450,0,DDDD,0,6294895825,7726237730
450,1,CDDD,0,5510415169,301134527
451,0,DDDD,0,316417,31451269
451,1,CDDD,0,315162,31588126
451,6,DCCD,0,315752,31721753
451,8,DDDC,0,315078,31389143
451,9,CDDC,1,314949,31655450
451,14,DCCC,0,316587,31662244
451,15,CCCC,1,24816229719,25081905563
453,0,DDDD,0,25216894042,15212634606
453,1,CDDD,0,24762624004,33708098068
454,15,CCCC,1,24936882462,33259039629
456,0,DDDD,0,25664131554,14592420144
456,1,CDDD,0,24322155205,34212414372
456,6,DCCD,0,317330,31589818
456,8,DDDC,0,315865,31565430
456,9,CDDC,1,316527,31628661
456,14,DCCC,0,315947,31427490
456,15,CCCC,1,316665,31697291
457,15,CCCC,0,6840792844,3967043164
458,0,DDDD,0,9675399200,6269800680
458,1,CDDD,0,9609417485,896244016
459,0,DDDD,0,316137,31439311
459,1,CDDD,0,315407,31515593
459,6,DCCD,0,316177,31577933
459,8,DDDC,0,316366,31388286
459,9,CDDC,1,315459,31547464
459,14,DCCC,0,315827,31565031
459,15,CCCC,1,25248279720,18752540343
461,0,DDDD,0,24750647654,15272777711
461,1,CDDD,0,25235099982,33702334612
462,15,CCCC,1,25095614907,27703797939
464,0,DDDD,0,16866609054,11624719222
464,1,CDDD,0,18123994755,27388534340
464,6,DCCD,0,317324,31738017
464,8,DDDC,0,316272,31643790
464,9,CDDC,1,317338,31845027
464,14,DCCC,0,316785,31518895
464,15,CCCC,1,7577846616,5179882012
465,15,CCCC,0,884343526,233702250
466,0,DDDD,0,20888977671,583357847
466,1,CDDD,0,21498799682,541933085
467,9,CDDC,1,316751,31573040
467,15,CCCC,1,24838020101,26565664784
469,0,DDDD,0,24401730537,14236919131
469,1,CDDD,0,25584573718,34597524209
469,6,DCCD,0,315178,31623443
469,8,DDDC,0,314894,31608099
469,9,CDDC,1,315555,31644616
469,14,DCCC,0,315474,31449013
469,15,CCCC,1,315305,31687916
470,15,CCCC,0,5514372081,2233181136
471,0,DDDD,0,7467359538,7541216326
471,1,CDDD,0,7095229171,817538496
472,0,DDDD,0,315604,31436578
472,1,CDDD,0,315495,31536889
472,6,DCCD,0,316335,31655057
472,8,DDDC,0,315825,31385903
472,9,CDDC,1,315202,31603757
472,14,DCCC,0,4999391112,31621053
472,15,CCCC,1,22707291836,25082323256
474,0,DDDD,0,24631939896,15377452344
474,1,CDDD,0,25352963360,33620042890
475,15,CCCC,1,24954712239,30828267165
477,0,DDDD,0,24536408531,14657137297
477,1,CDDD,0,25450023789,34204136705
477,6,DCCD,0,316732,31597179
477,8,DDDC,0,315144,31578957
477,9,CDDC,1,316724,31661168
477,14,DCCC,0,315349,31426220
477,15,CCCC,1,315612,31690288
478,15,CCCC,0,4528651094,599202239
479,0,DDDD,0,10580499166,3611330617
479,1,CDDD,0,10727083135,1896294523
480,0,DDDD,0,316198,31437588
480,1,CDDD,0,316575,31508838
480,6,DCCD,0,316721,31591880
480,8,DDDC,0,315935,31391568
480,9,CDDC,1,315038,31560589
480,14,DCCC,0,316115,31571035
480,15,CCCC,1,25669685463,24399027087
482,0,DDDD,0,24477822954,15190342875
482,1,CDDD,0,25508550402,33860853038
482,9,CDDC,1,315722,31688325
483,15,CCCC,1,24883918882,26798065391
484,0,DDDD,0,4447429736,8323121651
485,0,DDDD,0,315648,31468509
485,1,CDDD,0,314988,31631289
485,6,DCCD,0,4999347307,31768164
485,8,DDDC,0,316364,31390794
485,9,CDDC,1,315395,31682964
485,14,DCCC,0,4999397485,31694725
485,15,CCCC,1,19784119587,25763783922
487,0,DDDD,0,25867861761,15472150159
487,1,CDDD,0,24111691420,33545643371
488,15,CCCC,1,25157062265,36228101999
490,0,DDDD,0,25272704346,14639479194
490,1,CDDD,0,24713721582,34338102475
490,6,DCCD,0,316144,31573018
490,8,DDDC,0,315978,31572606
490,9,CDDC,1,314754,31608677
490,14,DCCC,0,316446,31425095
490,15,CCCC,1,316058,31655228
491,15,CCCC,0,7870313008,4657680159
492,0,DDDD,0,8170370667,7412066701
492,1,CDDD,0,8087667212,601744761
493,0,DDDD,0,315476,31430071
493,1,CDDD,0,315840,31508524
493,6,DCCD,0,315643,31597297
493,8,DDDC,0,315663,31388377
493,9,CDDC,1,316015,31560387
493,14,DCCC,0,315141,31550334
493,15,CCCC,1,25525713315,25554729161
495,0,DDDD,0,25474868662,15470556922
495,1,CDDD,0,24511512543,33642868229
496,15,CCCC,1,24753750222,27235643391
498,0,DDDD,0,17114307657,14652693040
498,1,CDDD,0,17876405582,34319332639
498,6,DCCD,0,315493,31636380
498,8,DDDC,0,315868,31644451
498,9,CDDC,1,9998537515,31745301
498,14,DCCC,0,315214,31424990
498,15,CCCC,1,2667746064,31716023
499,15,CCCC,0,2412210323,266425043
500,0,DDDD,0,13836320386,2173219075
500,1,CDDD,0,13753042221,2065990184
501,0,DDDD,0,315516,31423460
501,8,DDDC,0,315119,31387905
501,9,CDDC,1,314701,31562726
501,14,DCCC,0,315788,31571282
501,15,CCCC,1,25640587973,27185097581
503,0,DDDD,0,24842689896,12268377082
503,1,CDDD,0,25143893840,36831735805
503,6,DCCD,0,314481,31596827
503,8,DDDC,0,315974,31609112
503,9,CDDC,1,314814,31645490
503,14,DCCC,0,315813,31452296
503,15,CCCC,1,315334,31625378
504,15,CCCC,0,4904008225,1596128029
505,0,DDDD,0,6615938055,7330387574
505,1,CDDD,0,5705505180,299003212
506,0,DDDD,0,2399146776,31443156
506,1,CDDD,0,2600058995,31571574
506,6,DCCD,0,315481,31696206
506,8,DDDC,0,316444,31396449
506,9,CDDC,1,315750,31624975
506,14,DCCC,0,4999400853,31645194
506,15,CCCC,1,20257638408,26144650222
508,0,DDDD,0,24495401709,15342195644
508,1,CDDD,0,25491059579,33881867772
509,15,CCCC,1,24873749678,27138018146
511,0,DDDD,0,25166105778,15072013336
511,1,CDDD,0,24820557786,34161166971
511,6,DCCD,0,316890,31545525
511,8,DDDC,0,316027,31577353
511,9,CDDC,1,316310,31664806
511,14,DCCC,0,315481,31426617
511,15,CCCC,1,316408,31596740
