# The memory-one Wright-Fisher run m1_N1000 whole: N = 1000, beta = 100, mu = 1e-2, eps = 1e-4, 10 replicates of 1e7
# generations per game; per game the number of individual-generations, over the sampled second halves of the ten
# replicates, in which each of the 16 strategies was held (DiskM1WF/Data/mw1_e4.tsv, the Cannon kit mw).
# c_k / ntot is the pooled abundance pi(k); with m1_strategy_atoms.csv it gives the atom and property shares, the
# most abundant and most enriched atom, neff, maxpi and top of m1_N1000.csv, bit for bit.
# 
# Columns: ipt (the game), ntot (the total, 10 x N x generations/2), c0..c15 (the count of strategy k; k as in
# m1_strategy_atoms.csv)
ipt,ntot,c0,c1,c2,c3,c4,c5,c6,c7,c8,c9,c10,c11,c12,c13,c14,c15
0,50000000000,66843579,68981969,40481842,50055808,36363176,50021858,31397583,34945789,95625578,47945391524,50016122,70797560,49219736,1336693750,31406015,41758111
1,50000000000,39765198,59836873,34688511,41681666,33795282,41400920,31428802,40151201,67508758,47845827266,41359882,88133016,40533736,1503082935,31429643,59376311
2,50000000000,68621791,94154244,63352413,68582913,42040581,68442835,32398088,41933506,98170775,47732638090,67946356,97964603,67940446,1354141942,32426571,69244846
3,50000000000,41368695,67597608,34559137,41007386,32184939,40283447,31343640,32873929,69978252,47966028329,40939454,68901995,40117736,1422769259,31343493,38702701
4,50000000000,47403920,67394678,47138944,73275536,51981899,262083901,48724794,4006779132,74564950,38105869128,72592101,108970171,74190718,1499916430,50720024,5408393674
5,50000000000,96558802,103395131,66214402,67910354,41366520,67405478,31428240,34774060,106732404,47788936995,67470555,70774691,67398679,1316461507,31442570,41729612
6,50000000000,33910696,40578538,31999278,39457919,31616969,39114917,31341238,33245574,65671141,47973646662,39002455,69993059,38521170,1459247398,31334096,41318890
7,50000000000,66976062,79335792,66532114,73486159,65828947,73286303,41884985,71070820,96301832,47615842305,73615198,108142078,73591858,1353285157,41884198,98936192
8,50000000000,68332509,91115883,40143742,41421968,32672763,40885906,31335383,32459980,97108113,48009294348,41416193,57380042,40483967,1309792303,31354168,34802732
9,50000000000,42380409,63149625,42405137,90653651,77734966,1019007027,80858148,20637315388,52152737,93389371,52068704,110418823,93661099,1203657547,98195589,26242951779
10,50000000000,104918331,106737187,73500542,91193823,68077660,91004321,32962837,42056648,109598747,47497233245,91690265,97383402,91233956,1400479708,32959465,68969863
11,50000000000,39175439,42228432,31903338,34467029,31536055,34070504,31318341,31909549,67274761,48031808822,34363313,47706156,33814401,1443388622,31321467,33713771
12,50000000000,66058724,82206209,66661544,92291493,81286657,650803487,90819163,11749408628,90544812,19026539208,91007531,121836248,96327768,1396963011,97003520,16200241997
13,50000000000,104792570,107142970,66873685,66681792,40125137,66423982,31369119,32766510,108710030,47805764797,66491585,67578130,66322506,1302271584,31388035,35297568
14,50000000000,33384722,47502312,33386706,69795772,64270230,1062572320,66015987,21510366437,35302045,69875251,35363611,106837852,70686572,1175766223,74637883,25544236077
15,50000000000,298375330,290695964,18266425064,628010909,65577698,74792866,64656329,91113350,237362951,22102213637,4380732307,392526937,85367202,2416858081,272846739,332444636
16,50000000000,61171863,68844081,34260194,36269158,31685898,35638185,31342664,31614234,90111571,48050166319,36007118,41583939,35226957,1351810253,31344433,32923133
17,50000000000,38371594,57505122,38396385,86719146,77252049,1041160739,79485184,20680954438,41045506,87992644,41257837,108041545,90707998,1189907517,94922049,26246280247
18,50000000000,108494717,110275780,96952012,92901117,68322113,92536637,31564742,35267473,113088843,47549427933,92903247,73056059,92945063,1366580163,31572366,44111735
19,50000000000,32987153,42994988,32645876,42591147,39387339,233841833,39466716,3387080289,40604326,38520349779,33919573,62039904,42755943,1328134715,42464242,6078736177
20,50000000000,115242527,102401951,1610851944,168814103,71744815,95215938,105463903,121198947,112869622,42253334954,1574406892,1575995841,97939302,1610320593,134102887,250095781
21,50000000000,98258639,105131669,41876449,41572952,33878376,41287002,31348206,31633853,106745697,47968096709,41607226,41629503,40604309,1312059802,31348326,32921282
22,50000000000,31476208,38667636,31458718,66296194,54583849,1008159378,55651643,21222151483,31636692,56333878,31679422,98950184,62836073,1151141711,66398963,25992577968
23,50000000000,71285780,71753636,71354028,99538799,9721247316,433612518,93655960,114977368,97842377,135945876,81760404,125644497,12597318781,26058541897,101790729,123730034
24,50000000000,64923279,80975574,61890266,85018661,74401341,797946932,78205697,8210640773,86018456,14514496537,74262477,92136917,76816738,1217657681,82094195,24402514476
25,50000000000,53338695,74818348,53586289,97301078,89988014,1041690699,91688272,19327935110,67014713,101912890,67449929,107827234,102354291,1192759986,102810126,27427524326
26,50000000000,112290381,115671882,86634192,70246978,51043584,70123857,31415636,32777674,120984167,47740917497,70026934,67331359,69644149,1293779355,31416714,35695641
27,50000000000,31490087,37549179,31484997,65804339,49606896,1020454982,50534346,21451293918,31538905,49930234,31544419,98762010,61829874,1082962356,62887968,25842325490
28,50000000000,394547168,340182290,26672997607,750310901,54048840,52186291,72206684,129550344,212853348,187014268,14669359703,3952067250,69425567,73307418,374887691,1995054630
29,50000000000,69375202,96971598,34716824,36097545,31758160,35483703,31341474,31570802,101095716,48049770866,36127775,40363123,35106803,1306238697,31339017,32642695
30,50000000000,31386239,38275634,31387109,66056140,54108284,1022071133,56047791,21147129368,31514880,55421809,31601021,98791057,63508636,1160484452,66950788,26045265659
31,50000000000,80621962,80710430,80741554,102031999,9671343970,436624836,94220443,92561873,109117340,135889028,85759086,109493972,12378549455,26332711544,101738445,107884063
32,50000000000,31962432,38991082,31556763,31964501,31432092,31870371,31332833,31597607,40753767,48164859817,31849626,41253737,31783223,1364505588,31324551,32962010
33,50000000000,93484731,98333884,94897394,111970231,110130382,816278527,112211355,3012090958,102003473,115329498,102764808,141994906,115231619,1328284790,117977105,43527016339
34,50000000000,109353516,110562754,69382975,61024295,39585757,60753993,31361113,31607245,112674700,47860281181,60820121,41472043,60552668,1286309951,31365484,32892204
35,50000000000,31366077,32685501,31361136,40788441,39076361,1004438052,39808659,21408715325,31356905,38982683,31366489,71980746,39489884,1070782085,40431055,26047370601
36,50000000000,349755900,323780231,35323083063,2059462855,46725440,43782937,56250246,83134291,354064805,296064934,9534731465,622998067,59558736,60759346,298948976,486898708
37,50000000000,62612288,84564581,58442319,78498046,67624762,851910064,69325048,22545023149,91098246,19332331649,78155466,99773369,74988551,1337301224,82975682,5085375556
38,50000000000,32905528,47670772,32939941,68624064,66132439,1045289513,67837088,18592563617,34461012,69881424,34630638,104555885,71215400,1144379995,74211794,28512700890
39,50000000000,13494522973,6695672343,596102586,423044001,2271416692,8141844328,119187830,494170158,1354876025,2671450010,460635968,784317432,1579178917,10128650879,314389027,470540831
40,50000000000,31506221,34329847,31466009,47702139,40510425,736502879,41106195,11748298953,33323223,14476474472,31575822,73955630,45784321,1175117078,46617497,21405729289
41,50000000000,632405483,346588235,13545227851,876179763,72808881,61535628,110634170,190563514,214045116,138375571,15591010310,17152843722,85317464,89657618,310333592,582473082
42,50000000000,106084293,107629879,41466128,40650177,31919540,39796539,31351700,31559417,108230632,47990990005,40626545,35317710,39433818,1291758744,31347830,31837043
43,50000000000,31359689,31954939,31357210,40316483,38764775,1007461554,39547606,21479232098,31346535,37808619,31356172,71719692,39696237,1119041897,40227729,25928808765
44,50000000000,9757525617,3033107870,21963728567,568769759,2175264935,115382947,65325974,92630915,806102538,1440371778,818225385,581638163,2871455825,4969121764,333877809,407470154
45,50000000000,36547112,50130040,36397235,76591703,62355067,1083113894,63792593,31070853147,41445969,4891991444,40422207,101282620,78676514,1248675333,80299840,11037425282
46,50000000000,61964920,86771658,62619348,100759173,98765318,763014348,100234946,3100119282,66815356,102681131,67679859,108589402,101957270,887448178,103546466,44187033345
47,50000000000,7186325810,5566256123,572634808,337591519,1186343405,15511073978,154054501,790095375,2204969503,3068338724,862584561,1611836089,2428440521,7271700071,481966272,765788740
48,50000000000,31368677,31666575,31381076,39862310,36141205,1020780820,36429572,21741121700,31360948,35483492,31367951,70537247,38449865,1074238715,38838244,25710971603
49,50000000000,429554137,317958500,26145070853,638780796,51702775,47381040,69810876,124429799,191704889,149152807,14517365112,6195347609,62671858,64127330,244687465,750254154
50,50000000000,68447956,80050620,32679889,33114727,31608746,32419648,31331392,31538098,97330186,48172702815,32916443,33552197,32371089,1226926050,31343843,31666301
51,50000000000,31351323,33491620,31366878,46690545,41786594,1029118033,42661738,20777268420,31368277,42134787,31388809,79469051,45512933,1137953389,47922609,26550514994
52,50000000000,26885758283,2628070862,11533420921,969054171,557355800,91404020,124808104,147046712,1474982248,2306306412,501725256,279597488,791170847,1283222416,215160194,210916266
53,50000000000,31722095,32763395,31493271,34609434,32820861,114589171,32810024,1966297251,38087815,43360467571,31747117,45817264,34259127,1336853437,34049683,2841612484
54,50000000000,320289512,175616634,351627179,439255352,144940637,115660603,418869014,1137962773,379768360,154293709,506790746,26607940115,164167931,126768611,720371436,18235677388
55,50000000000,115599515,121521133,68629890,41754630,34104107,41468101,31356456,31571099,127132553,47918917456,41731677,35276403,40700438,1287044377,31364109,31828056
56,50000000000,31373544,31490430,31366900,36843035,33309177,977496049,33547378,21454969443,31349689,33380417,31360048,69117483,33638250,1054059768,33942240,26082756149
57,50000000000,406955837,375990382,36546172331,1579970305,45146966,42418662,53956688,77951053,339368473,281597621,8747043052,623181780,57648381,56556542,235791692,530250235
58,50000000000,48715944,69889386,47786482,93103117,76272779,1164244936,77179548,31998590714,84893180,4912754564,80679234,106272645,87131093,1298231236,87569071,9766686071
59,50000000000,33081023,54224975,33110638,67722622,67654530,853301569,68438763,4729653263,33940653,69074123,34162536,104142093,69870359,908183713,70827079,42802612061
60,50000000000,8795080413,5989672364,819854081,396504852,1801740356,12424400909,152786209,487897069,1716702185,1524540812,523041859,811799988,2130629301,11538051011,400597550,486701041
61,50000000000,31388969,31657759,31402465,38468808,34296551,801244819,34416932,18161550994,31378349,34639962,31383541,69977830,35621906,1033956820,35867465,29562746830
62,50000000000,604895689,300088052,14854417989,559770688,59791650,55798818,91339293,186886740,195042140,120641485,16714811240,15141227262,70156256,75589847,216361954,753180897
63,50000000000,102450779,107299301,35719450,34945664,31750123,34034271,31356597,31555698,107390440,48054820190,34971018,33257000,33918104,1263521680,31344416,31665269
64,50000000000,31364831,31474834,31358536,38630987,34209805,1000692146,34751763,21237585040,31353310,34385213,31355444,70285919,36060785,1119617632,36890435,26199983320
65,50000000000,16650045990,4301598447,24137533396,534313209,45788312,44640324,62548326,90005202,991170478,2057869063,257492521,269578772,76774990,78973797,172378677,229288496
66,50000000000,11960575961,31772115480,31920011,32462713,438238036,496458271,31666388,32707111,32491617,4850047950,31546927,32475992,31618242,161952868,31475337,32247096
67,50000000000,38192180,42250656,38283841,82274629,6231303875,701000941,134641409,424999876,62696595,125103506,64542375,1359408899,8201103997,27936283691,201748948,4356164582
68,50000000000,6598847207,4716685650,595784216,366296942,940149769,17940361283,164327767,855901992,1754127249,3192999607,950964605,1792754785,2516991062,6367816066,439483552,806508248
69,50000000000,31367225,31504252,31363727,33442204,31926014,1000337174,31961211,21948705199,31352047,32416396,31356686,43783882,32128072,1063416165,32183443,25592756303
70,50000000000,376082225,314919680,28437294522,659891014,47523060,44512939,63711050,101084264,178191697,144789977,14243984299,4249047935,57568312,58688095,219890773,802820158
71,50000000000,46452275,68867859,31904674,32070346,31516178,31896962,31325587,31542408,76372107,48188041882,31998296,33070834,31869981,1270105475,31328589,31636547
72,50000000000,31352632,33130432,31359531,40525557,40413554,913295349,41111474,6653683440,31358271,41022690,31446043,71756311,41135997,961641096,41979880,40994787743
73,50000000000,11479606067,1024751879,851576236,145102555,10822601735,1648492061,86326513,96589838,248112793,267597668,111661836,102042856,8078369347,14836765626,102477788,97925202
74,50000000000,31448878,31795820,31447889,39562758,34850669,580435157,34905340,22930336910,31420032,34776520,31420991,69797555,37871510,977046913,37955162,25064927896
75,50000000000,1149291203,138052737,2541899617,770275175,83734003,80003927,192016194,259746908,379118497,105873281,7825947806,35432703051,93611294,95047637,342131328,510547342
76,50000000000,115805134,121651063,42894697,40920958,32006871,39896860,31347191,31554055,128166471,47973048617,40958209,33253248,39519415,1265939513,31354234,31683464
77,50000000000,31369952,31465081,31364000,32912601,31704318,967999036,31754381,21580561789,31363673,32256641,31362255,42631825,31782082,1043067058,31910923,26016494385
78,50000000000,7541098583,3081632670,34426568750,692442811,39416764,37533229,53818161,111521707,854046699,937056142,708087184,571709579,63978980,65183853,375914112,439990776
79,50000000000,14351113984,34286315357,31963651,32360661,483613910,496270911,31674098,32265372,31669503,31892867,31498056,32212218,31620567,31863772,31474632,32190441
80,50000000000,34951142,51945958,35049966,75288173,74538906,895756008,75941226,16592255628,39444937,76777952,39955715,106955167,90898834,1383120688,92353926,30334765774
81,50000000000,5369148897,3763779851,828169214,348563412,1022964326,17406673245,167562863,580189137,2760988599,1343731320,731119429,965382600,2417426962,11211028913,513499420,569771812
82,50000000000,31373028,31519710,31376053,32561093,31785054,581268486,31785889,19819519225,31354995,32259875,31348687,41875909,31845890,941559157,31855288,28266711661
83,50000000000,438442726,269093605,18074464837,654455004,54290026,50604689,81415987,166198685,192462554,119104898,16726066364,12084265795,63240115,61999171,202813108,761082436
84,50000000000,95050854,101412727,32952765,32749596,31631699,32062652,31337388,31542142,106695178,48136503752,32618106,32954414,32058019,1207448322,31347074,31635312
85,50000000000,31365704,31464510,31360048,34267094,33318916,919066166,33782899,8809209011,31367939,33725546,31372334,64815859,33678879,1006816596,34394211,38839994288
86,50000000000,23909535047,3891657066,17373187428,652643176,54586138,53317905,100891895,117665700,910646345,1919814942,225519761,207573920,129558085,127062494,150749711,175590387
87,50000000000,560265114,14036229588,31619677,33765957,191071054,299467029,32680010,6220341601,32836439,24107786599,31563898,40824419,33184293,896552488,33047790,3418764044
88,50000000000,37334059,38974252,37424623,77048161,9494777777,458376748,91956622,259682295,54687939,113324441,55556419,843275208,12746560265,24679830924,126516734,884673533
89,50000000000,5261402824,3525825970,594519479,840846019,833400269,21985171654,173105848,1375750368,2731073462,2845512834,1213113357,3525237140,849998476,2684001390,453722474,1107318436
90,50000000000,31363158,31458445,31371731,31935003,31646046,938672722,31665305,21483314684,31358340,32034695,31360151,41726973,31658228,1035783073,31676858,26152974588
91,50000000000,318888109,277485551,33635378100,1369630325,43593140,42184953,56149474,91829857,249814181,202352520,11218131884,1483341270,54411212,57652634,272413516,626743274
92,50000000000,14584026746,34023131433,32103424,32385897,469996110,539771074,31718091,32292128,31673150,31934898,31534641,32238619,31628620,31839284,31495529,32230356
93,50000000000,31366001,32994298,31359762,41411508,40851017,905967588,41592266,15930453585,31368732,40785475,31480636,72521854,42247011,957893105,42556476,31725150686
94,50000000000,10622035097,1510570840,688897220,139703270,10938286816,2360919584,88812641,78121749,356309968,233184983,111474551,78993442,7314369819,15313627390,88066239,76626391
95,50000000000,31381337,31558827,31388017,32692926,31909166,569988296,31926590,19175514873,31366254,32403587,31376418,41995539,31962330,937240856,31982353,28925312631
96,50000000000,1077404241,223749226,5064924213,554920184,72492856,63306292,142236617,220368392,241560115,103472792,12014468832,29353892370,78156383,77585497,274111872,437350118
97,50000000000,110154756,112009847,41138867,34855892,31768235,33924761,31346278,31546177,113005072,48057586846,34911409,32946726,33804483,1238009303,31346183,31645165
98,50000000000,31364205,31462219,31361977,31966568,31606530,974855508,31617782,21459581927,31356895,32075971,31352499,42175507,31621849,1055856288,31680589,26120063686
99,50000000000,11770227774,4048018367,28995390201,614801073,42353950,40412550,59349805,89783925,725828071,727836885,1209849797,648717888,68041402,67939678,462377636,429070998
100,50000000000,8076665049,40573392303,31942802,32386862,490091122,477210004,31647727,32317291,31644220,31845815,31474428,32225830,31591408,31863700,31448820,32252619
101,50000000000,32942509,36750951,33010922,72763147,5419115676,985917790,145132008,687694130,47644195,119388063,49304033,1179407096,8401413678,27917033632,212095020,4660387150
102,50000000000,5086915184,2956488196,796351828,352698758,799757217,20135467513,174568484,766981707,2249854528,1670267194,797529812,1193417261,2498495598,9387515307,480529697,653161716
103,50000000000,31379209,31473987,31370719,31813606,31666287,561229257,31671460,21975643705,31352367,31903109,31359508,39662221,31653120,932501817,31662932,26143656696
104,50000000000,291685800,222976598,24473696489,705661036,48462624,45522217,70654010,148110124,159242850,132797524,16179210288,6101975891,57613627,59824739,245984446,1056581737
105,50000000000,69138095,75558500,32100592,31963335,31544587,31953076,31336261,31518248,98312291,48222073340,32018737,32230251,31939232,1185347035,31350835,31615585
106,50000000000,31366670,31469261,31362742,33906217,33055803,905361842,33528864,7817173252,31362757,33721934,31383496,57473025,33648698,971184777,34261802,39889738860
107,50000000000,4992349281,405652331,1516172310,114999832,10075943773,1009118303,82445535,63190541,143689507,180194908,82930956,63437495,12521078268,18603962907,83036541,61797512
108,50000000000,31445709,31740834,31445895,34279736,32179111,611237295,32183565,30392265893,31398048,32351875,31398576,45479101,32414281,862658560,32424897,17735096624
109,50000000000,305543421,158657510,341715352,448414018,140864709,102542848,406770240,2482981066,430997361,153438119,629375039,27146214703,163576473,110932497,718461396,16259515248
110,50000000000,5052697412,1185496089,366911421,5311422982,738709152,25000125663,155342090,752916352,941591447,1367855541,674231491,6867392949,267296589,681341999,199676375,436992448
111,50000000000,31366923,31460772,31375782,31716380,31578933,947384669,31609292,21603995803,31354760,31706835,31355967,35998615,31575579,1028181783,31603326,26037734581
112,50000000000,322852023,285877982,35582539428,2583361494,43392991,41555720,53875615,76176020,353197404,272450528,9059060581,570771536,55356727,54652767,222725330,422153854
113,50000000000,14356705234,34323399661,31953659,32079706,477797586,460760735,31653120,32186195,31674871,31803131,31475212,31837557,31619603,31765452,31460754,31827524
114,50000000000,31347703,35221148,31359893,61053064,48590832,938761580,49183642,21069481021,31484271,48494377,31667950,95616238,65266272,1508435287,66341528,25887695194
115,50000000000,7839083252,1678981498,815345038,148735019,8802242853,6135481321,103445197,73889217,325340004,214084276,116652545,74119691,8747181178,14757022750,96005631,72390530
116,50000000000,31367854,31498622,31377948,31851360,31685739,572144097,31680000,18159700454,31361664,31864097,31342507,37644558,31679722,884866176,31692433,29998242769
117,50000000000,838939752,227595610,9460533799,511010826,64774454,55283534,100080813,222865388,195791033,97943935,15198802809,22014804512,71926003,67835809,195528720,676283003
118,50000000000,108652694,109782007,33754108,32945888,31672462,32092490,31341619,31505281,109418331,48148590900,32888266,32047005,32081674,1170271761,31355082,31600432
119,50000000000,31368098,31465620,31353332,31663692,31590848,890129132,31673935,7571267343,31359509,32235196,31379491,41606350,31603450,956942029,31746136,40192615839
120,50000000000,18016488651,5243226223,22866786667,580006626,44837614,43307826,70508570,93755123,762412860,1193495281,240648029,272010906,81345509,79713446,179642174,231814495
121,50000000000,1816197514,46708112342,31861171,32489392,551272868,541454447,31634116,32502452,31587529,31798509,31414355,32380004,31575199,31847980,31429741,32442381
122,50000000000,33990248,36101016,34101338,67593253,8521400089,621414192,100763151,403312551,50328300,107902350,52148716,1319228325,12647921155,24104621002,134171582,1765002732
123,50000000000,4279404775,2797759655,679049355,430132783,570414487,23350686142,184797246,944763828,2057038472,2078451925,1001016976,1784273070,1995393525,6545483965,512720019,788613777
124,50000000000,31367129,31458395,31370957,31711744,31603307,556110769,31609971,22457787814,31343613,31637859,31356526,34372267,31573659,927536935,31593366,25677565689
125,50000000000,372763370,279528319,28345907061,675927591,45613125,42024609,62392419,115797475,160634260,130334835,14723055724,3766669539,53212382,55566534,213636429,956936328
126,50000000000,14607394608,34080646118,32084049,31988140,473332073,457385794,31657047,32175339,31690191,31850254,31495226,31740463,31622193,31745945,31458446,31734114
127,50000000000,31359003,31459375,31359952,35455647,33393429,905997544,34057803,21466347945,31365463,33153584,31423306,65573335,34366745,962177395,35299628,26237209846
128,50000000000,10588815819,1250318004,782816987,111087250,11282782751,1812317269,83694223,66355781,201251936,201120557,87317563,65425985,8978400286,14343925063,80330724,64039802
129,50000000000,31402793,31583142,31401648,32115344,31857518,643413002,31866266,30809167690,31365812,31867322,31372382,41065172,31871692,663094704,31883337,17494672176
130,50000000000,949455848,110522522,2323575515,1140046973,74612773,63527313,192583488,283500237,351799302,89615004,7767411594,35721690400,82632090,72347695,340231768,436447478
131,50000000000,6056430144,573353179,268314112,5461779189,392653421,26427586458,137404654,673227635,296637318,428454858,331704788,8240632174,131641034,217805704,116755285,245620047
132,50000000000,31368239,31453399,31379575,31689387,31585402,951963943,31597112,21675877572,31354439,31662018,31356906,35467865,31571964,1024650546,31601860,25965419773
133,50000000000,8588292881,3426570433,33353191173,611142512,38822080,36776351,55591523,113297678,736561815,697606924,917923219,512413301,62737597,64622143,437137790,347312580
134,50000000000,6636409073,42027370409,31932041,31957203,483148664,471909510,31631544,32300223,31680755,31791904,31486046,31773848,31611316,31780473,31455763,31761228
135,50000000000,31373030,32789485,31400186,59825367,4715770107,1365293945,153546961,1200329179,41393992,111772771,43732302,1040763423,8139054479,28433952086,229631328,4369371359
136,50000000000,4877333753,2232910138,1011762797,306395511,917286770,19392987772,172330622,323019750,1965708215,516532367,540984027,385840518,3450859857,13231236075,401609626,273202202
137,50000000000,31380528,31470352,31359651,31728492,31642896,581138741,31651779,18606080083,31373680,31660584,31358991,33663275,31635213,802509479,31639220,29629707036
138,50000000000,418440432,205307872,17603462740,516159001,50731470,45357387,77365100,174012933,169999018,108036121,16783330189,12921491823,57984276,52549033,179466258,636306347
139,50000000000,14736084449,33739413458,32213138,32150435,432582345,708844492,31823988,32430844,31825507,32053577,31653320,31875902,31677378,31903263,31600987,31866917
140,50000000000,31357781,31456516,31362719,31707484,31596158,883082148,31724099,14274590494,31363815,32080271,31390990,41604096,31614908,966572033,31829605,33486666883
141,50000000000,23488477157,5686597671,16890083084,686715175,53398411,51300400,117818603,129102786,726085157,1149853055,225212136,192914867,141440937,132384718,164458373,164157470
142,50000000000,31464742,31745840,31475324,32724258,32004080,656369202,32002122,22287639615,31439927,32254498,31452050,41956806,32035228,658607073,32037076,26004792159
143,50000000000,250361299,210026288,275400284,529649174,191381372,152691197,418622026,2978645693,385283819,295380644,672280413,13908337994,275773440,176938492,848101189,28431126676
144,50000000000,2829333706,1892377975,488271525,3794212278,963511394,26239088157,167497396,1018952904,3022997179,1554218661,739152036,4558633463,533707426,1030306165,338685572,829054163
145,50000000000,31370914,31476795,31379120,31656120,31593576,548673752,31597876,21921398854,31357827,31620054,31359423,33200000,31583383,901360725,31579497,26248792084
146,50000000000,315505091,263603584,33472896733,1165944612,42986830,40122317,55642508,88605120,249848180,183967882,10990036161,2142087293,54030033,56397253,273591634,604734769
147,50000000000,14467909008,34230458038,31960856,31945449,468957514,451830335,31644280,32050680,31679214,31771745,31488157,31736726,31621956,31751347,31467953,31726742
148,50000000000,31369225,31477232,31366091,38976652,36162279,878375600,36764058,17149586017,31380619,35822203,31490766,70763104,39185720,1144775974,39602078,30372902382
149,50000000000,9516499342,1228554995,696930002,109778115,11580117043,2676306445,84429349,57017465,278334165,173134980,90761094,55841154,8785910764,14539378686,71811899,55194502
150,50000000000,31394843,31512005,31392518,31886328,31703924,639756752,31710097,30713479158,31361903,31625855,31367596,33728278,31667558,647215418,31675134,17618522633
151,50000000000,966974156,228528381,3201503603,1014037369,71909066,56032876,162974866,234959629,264106207,89367548,11399483452,31543163817,74867476,62039487,259520379,370531688
152,50000000000,305428991,188662718,40506679,200379568,35789851,646219432,33351994,130220574,177224528,46822279760,36596552,151528055,33490015,1126086475,32855945,39378863
153,50000000000,31370296,31444734,31374968,31622825,31594432,856759467,31619614,7462306590,31364385,31694357,31380631,34085607,31588729,908032682,31617743,40392142940
154,50000000000,12142631824,4578377062,28868285030,543744280,40965464,38709607,57975031,82044333,702028820,616931956,859854712,535003624,64365592,63503212,421163933,384415520
155,50000000000,1880903816,46662992285,31862680,31991787,542753671,532187845,31615542,32449127,31618362,31748015,31434630,31806318,31603042,31790898,31436091,31805891
156,50000000000,31874429,33751477,31946564,63162378,7579080466,900175469,110568203,598047958,43636833,100304424,46455346,1538813307,12179359841,23591894855,145077666,3005850784
157,50000000000,4153467396,2207430689,825064117,374536333,671425181,22990184908,174211166,613062432,2400020993,925632428,789136752,966060584,2194993675,9676078863,494014874,544679609
158,50000000000,31382960,31482919,31375016,31664609,31605517,575043685,31603180,21897695918,31358933,31622787,31363340,33055741,31585039,780468198,31588522,26367103636
159,50000000000,418664197,259599805,21443777043,772271439,47694295,43535855,70031838,130775118,142466272,116018365,17003577393,8556494531,54090693,53524146,173288717,714190293
160,50000000000,14814019530,33892371705,32090405,31965145,464824013,447948351,31662110,31803111,31686664,31838791,31478646,31741401,31628971,31750432,31474494,31716231
161,50000000000,31362890,31459898,31368873,31887420,31626103,898151968,31822359,21357455412,31364665,32024230,31423383,41817140,31740403,976928705,32032413,26377534138
162,50000000000,10798628721,375382817,936214193,97178729,11567585917,1466432658,79502176,60636171,163901576,172554196,81996523,62089154,10195422783,13802971942,78619472,60882972
163,50000000000,31404134,31604073,31406826,32016697,31883293,649305669,31889846,22418736569,31389061,31799634,31389476,35376993,31864902,654442783,31876863,25893613181
164,50000000000,326060754,150094462,383972132,508939981,127529190,84563347,413198909,2199460568,479406750,136367416,841824118,28419325642,143282776,92111442,773964386,14919898127
165,50000000000,5155472687,772786593,258977762,7369699975,479658513,27040745902,146592788,865598829,299736149,405315665,275262006,6239997140,128064767,181792005,118143215,262156004
166,50000000000,31371871,31486165,31371849,31642492,31593809,644954029,31601173,21865548540,31362769,31622484,31358133,33233148,31580524,934481656,31576102,26175215256
167,50000000000,318935151,276927302,35656658504,2753160345,42641468,40687713,52201330,73875798,356640754,263921340,8941330244,547314712,51404653,53118676,212175324,359006686
168,50000000000,10855045552,37842893585,31956321,31893605,467259236,454259972,31636464,31831193,31684612,31752228,31468250,31746616,31622076,31752687,31456135,31741468
169,50000000000,31322296,31521607,31332208,51715097,3962087662,1798856145,163391769,1634627038,36603169,104270121,39399790,918988523,7691877069,29716046312,277814878,3510146316
170,50000000000,8033745846,1105459059,669888237,105682341,10905625139,5804165875,86750583,53075677,249791131,173466478,86196522,50804539,9852157400,12705869049,67130167,50191957
171,50000000000,31392994,31488312,31381895,31702611,31642212,610844904,31649604,18520588505,31360900,31637291,31364948,33098733,31612898,623898377,31624143,29864711673
172,50000000000,762383351,223374669,7415536402,620432273,62898827,48464756,108474653,200581990,198317010,89739616,14218783204,25258166811,64512235,51012530,182288495,495033178
173,50000000000,15031974723,33600711384,32161393,32033804,448726397,536978442,31728237,31848358,31824215,31955310,31550986,31786044,31644796,31790812,31512386,31772713
174,50000000000,31374119,31460571,31389120,31649883,31597148,865033410,31671430,19191750273,31368331,31654862,31378990,34121283,31577245,935353122,31718643,28626901570
175,50000000000,20515811342,5377411336,20092831314,622840244,47928285,46158798,84906315,99170029,880377744,1132012888,276962752,236742638,97330189,90514821,197747217,201254088
176,50000000000,14097043642,34293436989,32018148,32052402,622831640,605217063,31684446,32376739,31608225,31772284,31433936,31820220,31614173,31810281,31451420,31828392
177,50000000000,32821788,34071348,32877515,60867621,9644959418,645321353,86813651,279585024,44595909,89327162,46246663,848486516,14804703344,22366304205,102493883,880524600
178,50000000000,2967782738,2051338850,608552610,592581185,412765448,26900929354,201636448,806118725,1893000242,2042768152,1191499265,1797425523,2146059625,5197565567,528061528,661914740
179,50000000000,31394889,31475765,31390601,31630962,31588408,548226862,31596664,21482852823,31358687,31614819,31356940,32881958,31568042,827522583,31568797,26761971200
180,50000000000,376005229,273961873,28484123509,695920425,45066909,41278014,61659587,116335940,157674061,122977184,14772286389,3568912040,51841093,53559710,206076341,972321696
181,50000000000,14628312418,34087907896,31948538,31922003,459773248,443557769,31650176,31810775,31679086,31726218,31478182,31716278,31618406,31724504,31451074,31723429
182,50000000000,31361972,31454307,31370073,32189796,32105915,874488678,32564834,17160767548,31387700,32311288,31446972,42517208,32592196,1030555481,33276842,30539609190
183,50000000000,8877871560,1306125430,811273321,91169029,11715048044,2188624551,81679328,51560685,168821639,145616339,75803822,50844695,10220080831,14097460523,67681303,50338900
184,50000000000,31399716,31528772,31399449,31851348,31730184,635900103,31754676,24668996089,31373131,31682813,31363751,33277172,31704158,649709655,31721258,23664607725
185,50000000000,765929108,110935302,1694871389,2408622596,67700355,56617968,198852221,240169839,325483126,78187512,7999914002,35186766734,71419652,62697776,387667976,344164444
186,50000000000,7255686539,637922847,197663269,8002452492,191429559,26019280675,117255201,4259717141,139615239,226224505,134931896,2203069973,72288853,102537014,93057722,346867075
187,50000000000,31382081,31467802,31372377,31611495,31585631,835297253,31596320,7652461180,31370411,31664099,31395084,33534599,31581479,900051114,31606810,40232022265
188,50000000000,10882790145,3471672016,30119210374,572943305,40756745,38410667,61653861,118609642,605043642,492305225,1913241725,635529979,65569053,64840833,521944341,395478447
189,50000000000,1874905296,46693397470,31867753,31956113,531378785,519772647,31619177,31877185,31615262,31749485,31425235,31801164,31609501,31783861,31444224,31796842
190,50000000000,31350804,31979802,31395195,57839314,5987146719,1436112392,124143473,1086601972,39714625,96496655,42580769,1068982266,10972598052,24346865638,162203743,4483988581
191,50000000000,5241430503,2137774484,1079709670,245185119,1055789298,20583989521,161499506,188044316,1062555695,289050840,475581027,217432995,4243312027,12476019893,369828119,172796987
192,50000000000,31384762,31477262,31394516,31658308,31609062,605229527,31612015,18604511204,31359456,31617318,31369577,32275606,31575419,620307468,31592290,29791026210
193,50000000000,423008083,198611040,17967660417,523171305,48353915,43051981,72616444,168881151,151320712,103610260,16636738776,12871300435,54915934,49422509,168393839,518943199
194,50000000000,14918875571,33803522799,32095096,31949697,457152798,439753186,31653447,31794772,31682236,31797782,31496255,31719916,31632805,31679705,31469814,31724121
195,50000000000,31370001,31462293,31369424,31656692,31590476,849179537,31721213,17430189895,31374859,31684550,31406397,34333111,31615762,993574633,31798414,30345672743
196,50000000000,26710336110,4900889561,13877970749,842435090,65773135,61271189,128584387,155529326,937220569,939221312,377925833,257101553,146707164,148741866,242264618,208027538
197,50000000000,31437347,31655974,31429474,32066776,31915854,652409069,31911593,24188777267,31385678,31830231,31390170,34075750,31892398,651589062,31898865,24124334492
198,50000000000,213725742,188213188,246651045,478378760,174174813,102921027,419562932,2720645832,292015659,212747247,389640799,19990454747,222819149,113760967,743317623,23490970470
199,50000000000,3960964046,709043680,276036917,9169464392,779101088,28134984201,172300108,761144214,380720510,452639989,256576315,4220171462,159297632,192625087,132510117,242420242
200,50000000000,31379250,31479951,31399803,31616851,31582236,537568842,31598375,21781607444,31365070,31610760,31371261,31972491,31567724,876193368,31566233,26426120341
201,50000000000,303390903,253136902,34104198527,1427356727,42132672,39646413,54623336,86721984,262742032,193109915,10699498395,1602821826,52323081,54007063,234410205,589880019
202,50000000000,14010492155,34713381835,31960691,31894750,455186902,440596094,31640200,31802739,31682831,31695970,31482996,31714574,31631077,31660632,31456735,31719819
203,50000000000,31330262,31377157,31329180,46378962,3754015224,1787268559,162732276,1981189899,34169506,95619126,37357636,841002964,6917786671,31282151325,372379758,2593911495
204,50000000000,8785258194,912197112,647069153,92315320,12550707115,3218044268,79824665,46978518,237053413,135740121,77832704,45239090,9223011056,13841344014,62562820,44822437
205,50000000000,31396097,31518170,31400769,31759605,31641110,624889838,31652871,30682245909,31357044,31596324,31364024,32748652,31609638,641069058,31615736,17672135155
206,50000000000,847162097,212146614,3673392847,1023451248,64997563,49444947,145022965,227744863,244817358,75677549,11626211721,31123885286,68438025,54045101,230788981,332772835
207,50000000000,14995325584,33635285166,32201684,32047343,439246265,548518834,31746291,31857261,31828835,31913820,31575740,31782408,31644637,31734503,31522498,31769131
208,50000000000,31386887,31482525,31380311,31628920,31587365,830063226,31636784,19693438754,31359361,31625334,31381545,33447126,31570451,890422581,31652617,28205936213
209,50000000000,12928960813,5198613919,27862271824,504841603,40999675,38876903,58024954,79197660,707107535,618623850,680345827,459685615,62372566,60459415,357578241,342039600
210,50000000000,11310045040,27441695519,31857921,32112792,489212905,605879553,31761293,4414195784,31593035,31825886,31452112,33790741,31713192,157058472,31592663,5294213092
211,50000000000,31742544,32507053,31810107,55818869,9050546864,754622125,92511510,404499160,42489398,87167277,45934118,1106996330,14041874169,22408779286,115334341,1697366849
212,50000000000,3007148564,1870915524,788451903,376349974,491688815,26434356640,191277434,579762007,1837422843,876643749,922775070,940728634,2626732458,8046097376,519981518,489667491
213,50000000000,31395809,31491841,31391958,31621976,31584973,595145440,31584796,22076685646,31361050,31592165,31376819,31911572,31563168,616771041,31568532,26332953214
214,50000000000,423338262,252923735,21950932954,695420907,45933709,42353164,67081838,126479497,133426339,108305846,16803819346,8390898127,52427221,48970114,159644290,698044651
215,50000000000,14610932750,34123351180,31954123,31892544,450445722,434915748,31653100,31799417,31684215,31688637,31490529,31729156,31618703,31651334,31473871,31718971
216,50000000000,31364471,31459736,31374997,31723424,31636092,861652255,31829270,17108352767,31370576,31726936,31445612,35814573,31732815,1005938598,32012522,30640565356
217,50000000000,10001564830,420529871,926362625,84929672,11993026081,1512061378,77140370,49894314,154682835,139832413,70649271,49437083,10737450335,13668114666,65624547,48699709
218,50000000000,31405497,31565633,31419169,31869388,31767382,640444644,31782361,23233592254,31379172,31717280,31393915,33335716,31736170,646582663,31748603,25098260153
219,50000000000,304049668,152288493,373387762,566764530,120120920,73384146,435833834,2087341068,418339865,125120802,699374127,30693172957,134568083,79037460,797366954,12939849331
220,50000000000,6360098367,923906105,169696201,9854946290,193547256,27244877276,115380121,2974246291,118926589,172983063,99773972,1249009073,62078305,92224974,84258723,284047394
221,50000000000,31390224,31489441,31387671,31608805,31580264,524776622,31589671,12499625120,31370501,31633436,31383412,31938983,31566853,831859060,31584178,35765215759
222,50000000000,337034227,301967436,36354419917,2219628517,42379266,40427537,51147441,72660953,346346767,264814720,8785663622,554583105,49607746,52591595,203038354,323688797
223,50000000000,1836392367,46759611828,31876507,31939584,517361909,506346074,31634817,31868034,31611400,31664632,31431650,31775390,31607175,31662534,31445759,31770340
224,50000000000,31330226,31454436,31343545,48249291,4162939388,2780466114,146105811,1212501626,36605172,88763939,39002521,799503799,9141429057,26532199195,205003451,4713102429
225,50000000000,6233187443,1857493635,845807548,103810225,8662073962,10442727451,94496843,52809955,292857135,169250581,98100754,52296664,9665587208,11295636762,82546902,51316932
226,50000000000,31394676,31497726,31390690,31658246,31624530,600893352,31612692,20396354543,31368475,31612811,31370861,31980465,31586134,621329273,31592704,28002732822
227,50000000000,738612630,216928298,7577795822,640432672,60504763,43858795,104643054,198135664,200123802,85312779,14386651721,25066369072,61437190,48628050,168260265,402305423
228,50000000000,14956664336,33781691234,32099578,31941278,448686004,432316198,31655973,31783524,31689601,31794233,31488980,31720104,31632785,31653848,31470217,31712107
229,50000000000,31375880,31476932,31370040,31626499,31605579,825433264,31686581,17231488481,31375602,31663170,31411844,33691887,31600156,975377846,31730475,30587085764
230,50000000000,21874599039,6436249941,18071694488,578507620,50116724,47539250,106077393,114467956,825695113,954846864,203103066,185334298,121925880,110463503,158481995,160896870
231,50000000000,5679251513,13753436782,31675856,32095274,224400857,620362308,31849529,13145277076,31517379,31848634,31429228,32998113,31832142,380353036,31750581,15909921692
232,50000000000,32369242,32911964,32416055,53773991,11542735646,514169025,74863741,159658839,42694811,74498268,43044964,256885418,15483327375,21310579350,88645666,257425645
233,50000000000,1819311887,1159491044,397044114,4020391512,1039683430,29428924557,180967166,797848500,3160516245,1125103437,556556495,4007936714,653554651,735514557,336213172,580942519
234,50000000000,31391440,31492206,31391934,31621851,31584784,574233820,31583411,22004710033,31367781,31588118,31372714,31873864,31557936,610051580,31567538,26432610990
235,50000000000,339249897,259455191,29746466492,776850563,43982494,40701034,58957441,96863523,162184014,125680522,14275556296,2987360640,50698599,50998815,204318012,780676467
236,50000000000,14389121159,34354739325,31950737,31879418,444921281,430954549,31642715,31793167,31678858,31690647,31483593,31714167,31620804,31646554,31447693,31715333
237,50000000000,31331233,31384407,31342430,37187486,1663629509,2196784113,228155015,1167048448,32262397,109246951,33921494,719923304,3953279437,37605125446,558727313,1600651017
238,50000000000,8896807558,1173641836,727381103,84487386,12193376965,2319217075,78168673,47019698,199351338,124132747,77527314,46858511,9788069097,14135012583,62419941,46528175
239,50000000000,31396821,31510538,31415696,31747210,31675847,606523664,31676079,22270066261,31374477,31633206,31368480,32159336,31634891,613530421,31654505,26130632568
240,50000000000,694919381,115300958,1934188015,2062755724,61700948,49625476,174381726,253378484,257926205,72942591,9867682339,33685605956,61913417,54675223,285757394,367246163
241,50000000000,11116136597,1671729749,136599368,2502949688,90516286,29133246671,85714693,1947461036,67401532,111754062,94013242,2157252943,49576071,81513948,77704070,676430044
242,50000000000,31398419,31495717,31390823,31613362,31593211,742184511,31605704,16871276823,31382013,31627024,31400953,32133260,31568288,865852992,31603857,31141873043
243,50000000000,11990768798,3438105272,29087860662,562193697,41296323,38820362,61225991,115885315,581555747,443209507,1937901606,633695495,64967841,62910953,528124596,411477835
244,50000000000,14179310349,34274397273,31927765,31955767,589063433,576769801,31675190,31882858,31611399,31657145,31433392,31786928,31611862,31652170,31473797,31790871
245,50000000000,31358313,31642016,31383170,53539614,8658607624,833275584,94393010,510390499,39682597,83538613,43442223,1126937825,12987089051,22973633175,130496227,2370590459
246,50000000000,4071959857,1517230837,1096119196,238958008,643445300,25295167929,180875944,236511277,896263451,347165788,500136941,281746941,4032304425,9997574261,453982972,210556873
247,50000000000,31392129,31496927,31398530,31635684,31583859,587994755,31589458,19277370360,31387618,31597200,31374890,31909112,31555585,614783691,31563698,29141366504
248,50000000000,398539429,194088511,18609135593,540091182,46132018,40806237,69190710,159077624,140268927,103734414,16632523472,12311461977,53131622,48311200,163634898,489872186
249,50000000000,14910621410,33841470197,31963559,31884044,441328799,426280401,31659473,31790084,31690468,31687044,31489952,31701781,31618268,31645617,31457053,31711850
250,50000000000,31381518,31467047,31379831,31639898,31600865,838664752,31749689,17255438448,31374530,31673650,31418467,33886737,31602036,989825945,31846241,30535050346
251,50000000000,9797072886,273631896,961946268,87785584,11944830831,1154266680,77089817,50344111,139644724,129340556,70984760,51001425,11056208742,14086256201,69266578,50328941
252,50000000000,31432954,31608329,31432815,31926603,31810316,608692819,31817478,22464248441,31384066,31766548,31386462,32991188,31788077,600698005,31781105,25945234794
253,50000000000,202042407,149136607,225122987,395806692,133849791,81772051,426368769,2919895748,262876459,136517430,337973061,25748450252,153429600,88035818,727140558,18011581770
254,50000000000,4375681103,737345960,232351710,10922692367,478792660,29185604033,144588214,1347235342,171285031,205120821,117523977,1566575711,72747613,94978546,82987146,264489766
255,50000000000,31382808,31492221,31400256,31616570,31583707,560961268,31602174,21786817689,31375157,31586860,31372374,31867586,31559886,665353699,31565976,26608461769
256,50000000000,284637525,235577256,34859434469,1875067350,41403134,39039404,52677678,83585798,309943648,214465581,9706905575,1446306291,50126517,51804014,241930049,507095711
257,50000000000,1827562541,46797954484,31868059,31925017,502485052,491787631,31625627,31844917,31615920,31672855,31421016,31764349,31615774,31643336,31442669,31770753
258,50000000000,31336857,31376878,31340501,43291840,3342006851,3320138677,148279520,1649682366,34539568,83199042,37194737,621804182,8198988813,28391696682,252828211,3782295275
259,50000000000,7521229322,1086832368,686482218,83736066,12478998125,4483069000,77102461,42311140,198622488,123888286,70981145,41637802,10497959143,12508161597,57620621,41368218
260,50000000000,31415546,31517630,31411678,31696430,31612703,584330534,31622025,29954115300,31365779,31566582,31364118,31975477,31580662,592822054,31584542,18490018940
261,50000000000,860448151,198259614,4459884309,770451285,61808416,44071092,132169265,201846290,222370612,70379191,12156665332,30215639842,64823286,46749093,216728187,277706035
262,50000000000,15059640818,33694169909,32140840,31925974,440565455,424815516,31651082,31786907,31820207,31805585,31492334,31722809,31625879,31659525,31466605,31710555
263,50000000000,31388474,31489905,31398928,31623305,31580556,792132370,31656277,17323747420,31380305,31651123,31425381,32236553,31569706,921787359,31705383,30583226955
264,50000000000,14453389126,7230940353,25522882229,330197826,40729792,39468849,62189328,79736337,613017473,757156345,209344437,186150904,68326195,65823881,172339553,168307372
265,50000000000,14170139231,34348529789,31989305,32041030,500147077,600545305,31622707,31950355,31573067,31692242,31417532,31818171,31586320,31711575,31430674,31805620
266,50000000000,31561129,31843913,31590774,53294805,11465990716,512952733,75535550,194569954,41202107,73289795,42394667,410013336,15152737676,21377971309,95072337,409979199
267,50000000000,2452605804,1723505204,657525057,417492862,398921300,28799785715,202965960,589146298,1633143061,895961945,1026305769,1081897193,2530346218,6557687780,525025891,507683943
268,50000000000,31410166,31501498,31412370,31619225,31581020,575702505,31600690,22760859664,31380144,31574500,31377751,31850654,31553264,610262478,31561120,25674752951
269,50000000000,271638949,200095145,26091141254,869220165,40911009,40564598,62765443,132189107,129811581,111497882,15497379862,5539998051,50241258,49611983,183640628,729293085
270,50000000000,14462049370,34302051171,31950619,31859958,434729490,420951184,31642435,31780164,31682838,31687486,31481737,31707561,31627473,31642614,31452022,31703878
271,50000000000,31371694,31478577,31376719,31699117,31633202,821123703,31855859,12515691874,31396131,31736672,31473415,34017295,31718295,969633199,32018671,35311775577
272,50000000000,8957684748,923781582,834015130,79186723,12756195976,1305506435,74215437,43877323,141577510,113348235,63778944,43459600,10950240432,13610681088,59286337,43164500
273,50000000000,31412231,31541584,31411541,31793992,31681969,588375685,31699626,24138190203,31365741,31646569,31375765,32191148,31645092,597807856,31648402,24296212596
274,50000000000,920078326,81626878,1314572012,823384851,66358251,43328828,194946508,384394945,628887054,70365276,5106843626,39321357720,67378985,47317597,308249976,620909167
275,50000000000,6340223642,1519460013,140837016,10745437632,151213499,28217163455,88241780,1819433778,73364250,103010203,62142487,340243571,45532021,61656182,60808453,231232018
276,50000000000,31394315,31487794,31391242,31588421,31576919,504420901,31604926,8856674364,31372494,31635835,31410250,31949693,31572642,757341024,31593443,39502985737
277,50000000000,797562641,708545930,40417106299,847687539,38691655,37338597,46220463,74555211,422695352,336675545,4978891635,557921601,50333450,52980433,295052146,337741503
278,50000000000,14003425739,34480324172,31921856,31947285,577699710,558153443,31674747,31859464,31607657,31656106,31429617,31787277,31613372,31654325,31463010,31782220
279,50000000000,31329752,31407177,31348723,49215119,5912991140,2061906499,115556563,1081859771,37059177,79364182,39958996,763269187,10907465211,23993422963,155471366,4708374174
280,50000000000,6789240054,1292267221,734960815,98456887,6420936482,15094602116,100099975,56358129,240249860,147156380,105705977,54726373,9059266783,9659092219,93147933,53732796
281,50000000000,31416480,31498785,31408823,31622248,31596947,561894221,31604752,21354910676,31373764,31583427,31370581,31891725,31555281,574161610,31559319,27130551361
282,50000000000,834910810,215982634,8006729124,704181445,58464556,41302240,100031467,187258969,188186125,82841683,14838508309,24115024425,58785821,45141849,160325220,362325323
283,50000000000,15039470793,33731228196,32080959,31888668,431911013,416932861,31656818,31775200,31687936,31724662,31479331,31708113,31637410,31643160,31471594,31703286
284,50000000000,31381597,31486383,31391920,31628024,31578785,809175055,31692631,17224432949,31380603,31663378,31412022,32373421,31590614,967322839,31775086,30619714693
285,50000000000,21164029919,8268438397,17381961009,565300739,50709406,48217958,119129865,128137732,589041903,729248958,211063291,171227884,133174525,126191844,164975292,149151278
286,50000000000,31469598,31673487,31447345,32006274,31871343,540590845,31879995,29865829381,31414526,31762122,31430648,32461520,31808624,627171374,31812057,18585370861
287,50000000000,193322778,177834719,240144280,541061605,160910305,93709845,398381513,4271688426,323040064,247475433,498699719,14313594413,249617343,104698794,950048549,27235772214
288,50000000000,2539954384,804729654,267784279,12308243485,861042362,30394334966,165079704,688273595,333238458,231960224,132237058,724199766,101828718,107651047,93230365,246211935
289,50000000000,31405119,31497714,31415608,31606396,31586715,564422482,31583833,21925924087,31376115,31574474,31387947,31842578,31546659,600868091,31561829,26530400353
290,50000000000,335470496,248932899,30677690430,845448200,43656770,39865667,56925684,90372888,182442532,130274201,13063247462,3336570545,49211711,50320151,209374759,640195605
291,50000000000,5202987081,43540780358,31925154,31890252,442855154,433163974,31621715,31819528,31663029,31692655,31464833,31719289,31620863,31635706,31450470,31709939
292,50000000000,31373704,31405500,31392362,38475309,1962820926,5006204498,150658316,1638609997,33429368,82409111,35358034,595834959,7380855571,29963373546,260241962,2757556837
293,50000000000,8552955032,866667360,656067252,72785870,13762092642,2149109347,71883708,40104419,190940287,108213891,66169928,39396429,9542130835,13786780322,55537892,39164786
294,50000000000,31413413,31518095,31409400,31675982,31628808,527862898,31645688,22482246784,31379633,31606645,31377921,32025606,31573071,605795158,31578290,26005262608
295,50000000000,660365624,114073424,2224770738,2014870116,59847293,43271145,158491545,197518528,244188002,69646060,10462329024,33162608097,59142837,46776415,222836852,259264300
296,50000000000,15261105984,33509697698,32143906,31916350,432175174,416257212,31663086,31777117,31820933,31798744,31488070,31714033,31624663,31659370,31465685,31691975
297,50000000000,31403415,31500000,31402496,31604445,31588017,584163185,31640665,17431636388,31390171,31628979,31415198,32080853,31581064,840888746,31677678,30764398700
298,50000000000,12258789974,4031651773,29570726286,509839543,39610327,37755082,56496505,76748008,647439750,494688221,903968102,476921239,63828043,60983471,422551300,348002376
299,50000000000,14175800519,34377379649,31988807,31990860,487014116,579338717,31622270,31884307,31574793,31697470,31417787,31791436,31583374,31701716,31431891,31782288
300,50000000000,31365332,31491506,31395257,52943206,11118496160,553569435,77385607,275353190,39798680,72400682,42302911,689932022,14769532994,21351673646,101447782,760911590
301,50000000000,2826064530,2050780027,784132154,283360834,583748181,27088449421,180350156,304361115,1421923777,406109440,697317534,401172054,3253355757,8989484976,450507683,278882361
302,50000000000,31403079,31499023,31428456,31616282,31585544,545382367,31588183,21703033699,31382065,31580690,31380299,31826676,31560721,567923505,31553034,26805256377
303,50000000000,340753877,187394706,20127207945,610635241,43766538,40328802,66648137,147093376,135254109,106744898,16725852242,10629831517,51440684,47492105,165350647,574205176
304,50000000000,14838353301,33948127524,31948800,31862188,423741780,409595182,31644887,31767281,31682139,31690283,31480830,31693842,31630245,31636704,31446315,31698699
305,50000000000,31380738,31482014,31394207,31652683,31603162,806910255,31780763,13614721666,31388610,31676613,31463668,32554003,31640925,930756311,31877171,34267717211
306,50000000000,9684201245,336963817,922768842,78614915,12383769852,1264994442,74898091,44495221,133427144,109742333,63139305,44204969,11209754601,13546100227,59226705,43698291
307,50000000000,31438766,31581260,31439547,31867452,31777890,530944863,31783235,24117102751,31391444,31709543,31387451,32238935,31743956,608617126,31737263,24363238518
308,50000000000,247900680,124467161,292133665,391540724,102251002,51404380,359915757,2724233345,337844504,104444400,474729055,30643693564,110930735,54141665,552765547,13427603816
309,50000000000,6048181558,1093223654,161525406,12208226892,198988469,28902840887,82817436,496490586,82500834,88068143,53901102,250142957,41121587,57131413,55288953,179550123
310,50000000000,31405022,31488096,31411046,31581686,31574831,526995868,31595130,7446537739,31397242,31620368,31405415,31873044,31555233,553743417,31600155,41094215708
311,50000000000,283987172,229268447,35443367469,2584592138,40461289,38705639,51000339,76276103,343199062,241183978,8996928426,906191743,50154613,51245981,235469227,427968374
312,50000000000,12855700247,35665595707,31899996,31930152,560371546,538031400,31663641,31846162,31617376,31653700,31435191,31763340,31619831,31643482,31459252,31768977
313,50000000000,31348528,31366821,31350689,43510382,4025498769,3761117486,125297738,1364860522,35256708,76655113,38139888,528336210,9916585906,25335616306,178147222,4476911712
314,50000000000,7120500026,1192292943,690845693,74031423,12801200461,6714514647,73073287,40432746,205021610,126226396,66946850,39541553,9949788242,10810722276,55535916,39325931
315,50000000000,31415911,31500124,31421242,31653084,31604420,511184081,31612331,26074854032,31387217,31586685,31384164,31872680,31578694,601253028,31575492,22434116815
316,50000000000,728469459,158471485,6978854959,515730527,54349145,40157146,105468304,185937396,195641107,68312773,13680671951,26716783825,58576104,45322619,191018277,276234923
317,50000000000,15118007527,33672774075,32082913,31899219,422049739,406712347,31657363,31776383,31700940,31734408,31492914,31695650,31628110,31636790,31461738,31689884
318,50000000000,31400098,31499818,31415032,31622008,31584349,774216759,31661771,16893894764,31398152,31645139,31438500,32239156,31582578,900598150,31688502,31052115224
319,50000000000,19301425474,7081263568,20288661754,523995513,46376569,44065347,86732942,96544330,829069418,732276541,221487959,208576242,95198768,87305152,176801737,180218686
320,50000000000,12794632849,30903913290,31965746,32108154,443142999,580610296,31678945,2577408077,31631734,31738377,31409886,31870499,31694880,84642765,31475429,2330076074
321,50000000000,31592202,31808843,31641916,51436055,11755431465,525449793,72260584,168418236,41098226,62868518,41951762,345321105,15368991515,21043933738,79261593,348534449
322,50000000000,1558897015,1322450541,466902121,1157144175,405181308,31511498191,228191970,606520437,1913334582,2324331381,1248027230,2241369452,1606353280,2331498626,492953792,585345899
323,50000000000,31415461,31503416,31415877,31608494,31579678,545597302,31586242,21994890200,31381397,31570017,31392481,31824934,31562756,582882791,31567585,26498221369
324,50000000000,288494633,208168475,26715445847,907815502,39734659,39629599,61808505,126213696,132535654,105137934,15070892058,5308674236,49958733,48275311,163838081,733377077
325,50000000000,14239955057,34558333002,31943618,31858893,417361275,404180996,31632597,31773963,31680982,31689208,31477953,31700061,31619930,31630022,31463831,31698612
326,50000000000,31359933,31398588,31376357,34838661,1096413658,5263647109,180254987,1338947986,32549385,85327578,33715905,467207035,5880478629,33221943804,352433930,1918106455
327,50000000000,8125012070,1022805942,754609616,70880145,13316529320,1681571975,71841934,38704113,129795989,102105154,57465403,37882544,11162446215,13337762595,52925248,37661737
328,50000000000,31416008,31541253,31423920,31728146,31666365,534145492,31659456,22090164572,31389003,31639825,31386025,32049800,31625870,541666216,31635740,26454862309
329,50000000000,1018938123,79511141,1609024073,1344963683,59426929,42104078,170327753,218851633,428027246,66666052,7208816230,37044374888,59855995,46530959,298123176,304458041
330,50000000000,15244999731,33542865710,32255078,31914159,423161448,408092368,31655160,31768652,31820689,31816720,31484149,31709734,31623474,31665591,31471499,31695838
331,50000000000,31410437,31474595,31407809,31613311,31583401,493355961,31612754,17725575863,31400165,31619861,31428381,31947650,31581908,709248416,31630146,30693109342
332,50000000000,11141400226,3167748931,30300793238,558190991,39710824,37935720,61846187,116244789,560031797,436875378,1954021993,601666976,64334010,60803676,508968301,389426963
333,50000000000,14317207248,34275141528,31898370,31968482,470199289,557304737,31608659,31850407,31560163,31641478,31427990,31774063,31574381,31642432,31421290,31779483
334,50000000000,31317760,31384669,31358313,50432831,9704281531,755341046,84726363,655463720,37967007,70332623,42000936,1082136336,13247736352,21826826588,119538886,2229155039
335,50000000000,4239772617,1711960506,831543179,106314886,1742003355,24267005260,130817588,73282023,216585862,166221356,150474369,73483309,9385228281,6672195619,162370951,70740839
336,50000000000,31425531,31497894,31405784,31605981,31583031,488500902,31585778,19417918848,31386946,31590599,31382718,31839915,31555534,576724466,31547098,29138448975
337,50000000000,741753888,185866736,12092332386,533704482,51998078,40084362,82949753,148851850,160782566,78962632,16120946281,19273678873,54898574,44275780,149982862,238930897
338,50000000000,14897405127,33912766308,31942122,31859828,411660635,397974720,31639212,31766214,31690857,31687090,31490856,31700720,31622287,31640126,31458928,31694970
339,50000000000,31391350,31485387,31412198,31635575,31584191,773408575,31726475,14059559617,31390412,31661234,31431038,32390628,31589126,912598679,31810831,33874924684
340,50000000000,427389082,148308081,394687104,63733130,12425702775,612483393,68326240,34361654,75298316,61645653,50888163,34621986,15844136090,19673355122,50572143,34491068
341,50000000000,31462211,31634595,31458276,31904929,31804475,548608669,31810796,25351059867,31399198,31713969,31395153,32285654,31741023,549928309,31754369,23170038507
342,50000000000,181961584,150873848,208392825,436620836,122057585,67121938,398366566,4658536711,257358340,148167704,341667343,19971731070,153857397,72154756,801343718,22029787779
343,50000000000,4733964517,1329549082,193533186,12516754760,306081870,29624977323,96285086,311146518,125363658,103570793,63796749,255933762,45140348,64530579,60920911,168450858
344,50000000000,31408340,31501384,31400621,31586014,31581184,534187795,31591657,12089907331,31385200,31599212,31393606,31840802,31558087,569095228,31584478,36428379061
345,50000000000,317764715,244173012,31850288767,1052450664,42452244,39284121,55076923,87705391,204211221,142170449,12083050979,2900314183,49048679,49372940,202463296,680172416
346,50000000000,3010856480,45623967659,31865428,31930560,498234396,486765880,31642422,31828949,31608281,31654905,31429936,31743211,31618952,31649325,31453686,31749930
347,50000000000,31395035,31448615,31414464,39286525,2433414193,6432737441,132426303,1657489672,34577237,75059541,36601387,496405821,9303220726,25741687362,182605859,3340229819
348,50000000000,7516497905,1064936095,682450899,67960575,13960758755,3028052484,68880095,37503624,164054333,105884833,60239394,37037008,10964739558,12153057859,51074280,36872303
349,50000000000,31425236,31514266,31415468,31654763,31602489,528135615,31611491,24226505419,31387067,31582522,31382610,31907910,31576656,532189981,31576321,24334532186
350,50000000000,687499825,122380495,2639638512,1641094081,57395134,40659456,152137994,182678676,246078433,67950040,10719945002,32898845730,56643649,43933417,212650779,230468777
351,50000000000,15344807183,33467867777,32093288,31890032,410679813,396236337,31649910,31754201,31703764,31748300,31480009,31685839,31623994,31631999,31466857,31680697
352,50000000000,31410039,31484543,31413849,31610390,31588648,506691497,31640772,16175197238,31399783,31630797,31435651,32081983,31594616,782054871,31672040,32157093283
353,50000000000,13162052031,4992809465,28019180969,438901156,40277097,38094807,57622584,76557429,653642891,508450866,775696523,422626517,60609365,57519923,383993493,311964884
354,50000000000,14379946705,34210495513,31988512,31997886,471021466,558001303,31626954,31911984,31616041,31687652,31411617,31742197,31620774,31724988,31428418,31777990
355,50000000000,31363003,31470839,31399408,50214683,11911899385,583044241,71014347,203580750,39064986,60070603,41636536,389866148,15576879326,20502019665,80972006,395504074
356,50000000000,2371255790,1675036194,760637509,300535334,494115668,29635038799,197148784,310197861,1310388144,436508898,799208075,452687347,3215829551,7217418852,537646694,286346500
357,50000000000,31409049,31499892,31423309,31626283,31576543,479560786,31585976,22117165816,31395733,31584156,31393076,31795791,31561209,568533577,31558724,26456330080
358,50000000000,382096087,190828123,21415498543,630840754,41621504,39021777,63829442,139163343,136611710,97312979,16172385021,9941951141,49470021,46118894,153468169,499782492
359,50000000000,14557096788,34270696826,31935776,31849501,402224348,389863695,31632231,31766609,31684743,31685584,31475139,31687717,31609167,31641083,31454046,31696747
360,50000000000,31406216,31487054,31407745,31681916,31609828,779375440,31830539,21015004083,31388516,31691912,31464135,32558712,31665308,969634628,31905586,26855888382
361,50000000000,8209801803,344908113,1027256912,72279744,12910280568,1396562513,71606366,39827533,126749594,94664796,58618422,39749302,11934645588,13580129664,53363570,39555512
362,50000000000,31432970,31556645,31433491,31780781,31695812,531783207,31706753,28058827231,31373501,31625695,31379281,32088390,31636603,532611897,31635583,20497432160
363,50000000000,310302708,135510227,402143407,451843231,96202647,48362228,363031013,2353899433,456887219,99334429,787623319,30952027739,103302711,51123102,545851750,12842554837
364,50000000000,15262283970,33540983160,32282874,31926301,412779413,402991616,31661528,31769457,31825335,31843456,31492526,31704569,31632516,31653146,31482371,31687762
365,50000000000,31414461,31484766,31421148,31609869,31579262,509522476,31603343,21934893850,31384399,31578390,31401219,31845727,31561786,546400258,31587354,26630711692
366,50000000000,293434977,235274098,35689155318,2740754054,40398750,38803265,50550615,72642678,349897025,250368029,8811063519,769616858,49160681,49836869,211603179,347440085
367,50000000000,14337758241,34299211058,31887070,31916605,451740489,531256432,31608358,31834525,31572867,31634534,31410413,31762335,31574978,31642995,31425707,31763393
368,50000000000,31413493,31455648,31451840,46459401,8217505291,1132121610,91275695,734153090,36049960,66967096,39970929,805547397,11414647984,23536867891,137341768,3646770907
369,50000000000,7055998336,936830485,532571215,65428200,12829388409,9421906112,70239978,39510071,186866848,117781944,62655173,38883763,9842865568,8705886885,54489082,38697931
370,50000000000,31423191,31502336,31413460,31629528,31605062,513437009,31580622,23134279389,31394874,31574651,31393216,31814483,31562307,527231456,31556346,25446602070
371,50000000000,744971173,155788219,7549088836,654874186,52712771,39534818,100989811,180818888,192566695,65579447,14245289145,25468910917,56683174,43238179,159952870,289000871
372,50000000000,15146075720,33692004119,31953030,31858406,397667239,384088115,31639574,31760961,31693838,31694038,31487569,31681626,31628358,31643168,31448915,31675324
373,50000000000,31412814,31497260,31422462,31631732,31579879,731093273,31698443,15051715606,31395333,31639064,31440144,32264946,31577788,846691509,31752126,32991187621
374,50000000000,20699196499,8081741882,18125204012,497591970,48952004,46689991,111170158,116186288,664501712,696113025,201738636,166789434,124373331,112861366,160688917,146200775
375,50000000000,8657113303,20518809366,31938825,32084099,296597644,553255012,31761506,8736271698,31564890,31799004,31424695,32023300,31720405,232823116,31583890,10719229247
376,50000000000,117447468,108311116,127957475,273057150,106565430,101144492,346718281,7358005742,173530135,148407219,206569146,12901249450,147741883,109037622,809009266,26965248125
377,50000000000,1326085577,919853911,342408846,11980723285,1238946502,31736115010,169245265,360621938,634993323,240721852,131455944,419222016,116336196,98870834,86674596,197724905
378,50000000000,31422406,31507540,31422208,31597019,31583594,491717118,31587806,22000806259,31383989,31577347,31387684,31774776,31562326,551203824,31566825,26577899279
379,50000000000,405624646,259524489,27662283333,885100102,38599109,39512403,60789354,127514223,137094051,111532035,15005977656,4357783657,46747898,47934152,168245964,645736928
380,50000000000,1825556882,46910401824,31835090,31895203,446515991,437492839,31624244,31801383,31616419,31659893,31430472,31738196,31612172,31634962,31449432,31734998
381,50000000000,31404550,31440047,31419054,35563438,955255040,8575271004,154808822,1809348269,33917362,75742216,34876729,415121020,7638438353,27548589666,222608488,2406195942
382,50000000000,8328378704,873108629,698971770,67403812,14019422824,1784951836,69081024,37088581,143027657,93127064,56700530,36895416,10543536780,13161388996,50185741,36730636
383,50000000000,31427298,31530207,31426858,31690198,31653270,522519287,31629149,29089311160,31384810,31596606,31390838,31972400,31602166,524125240,31612985,19485127528
384,50000000000,844671028,86636056,1778999711,1118249839,55630817,40954044,142551731,241444836,262369267,63657291,9332702416,35391727164,54695609,44772615,217976819,322960757
385,50000000000,15288939012,33549198163,32124086,31899964,397649123,383625838,31652542,31758337,31816778,31771464,31479052,31680159,31620450,31639468,31464619,31680945
386,50000000000,31409963,31503231,31423541,31605111,31577159,496097572,31632624,15881172181,31404440,31609066,31438357,31922105,31586115,558771418,31635848,32685211269
387,50000000000,12363002935,3171894751,29164918808,548722884,40358393,38325374,60862916,115871642,518619707,394069399,1957256120,599948423,63659128,59935953,505619646,396933921
388,50000000000,14618029556,34024964563,31971609,31945760,449042326,527734234,31603957,31846776,31580429,31662908,31409211,31736328,31573437,31700430,31431380,31767096
389,50000000000,31325332,31373058,31338908,50594178,11467051806,695503217,73397266,274798876,38515925,59524881,41192320,711214507,15287177796,20290936130,86956818,829098982
390,50000000000,3175205978,2161543922,744878465,102760354,1122736663,26530354867,133055049,68451437,192884465,164022604,152167745,69264610,9986750262,5157709986,171588220,66625373
391,50000000000,31427175,31493886,31420881,31603631,31581165,483864666,31587331,18321809232,31403723,31590064,31383918,31766374,31561685,503668964,31567720,30312269585
392,50000000000,533537356,179007299,16490029156,582241191,44364815,39448757,70034955,167935102,136217658,85281097,17158804873,13956251119,51869502,44511768,147629623,312835729
393,50000000000,14879113655,33983832767,31925737,31841817,384709620,372270466,31633283,31753098,31686469,31687162,31474581,31666909,31625923,31636774,31455597,31686142
394,50000000000,31408161,31489682,31425017,31644661,31588207,751054212,31778206,17729914114,31410936,31679260,31487315,32409119,31636188,897730857,31884401,30241459664
395,50000000000,8583176735,275821630,1039173820,74275433,12476016690,1408325538,73075632,41868285,116214980,95629063,56882648,41278022,11933611914,13687921180,55759481,40968949
396,50000000000,31447584,31589404,31458362,31825059,31752572,511803913,31758426,22155423531,31397601,31704185,31398310,32166507,31701764,529848933,31698722,26423025127
397,50000000000,182672013,118277296,207920973,339381252,93148844,51357168,403114360,3640048790,229381853,91644679,281716749,26492220018,106370359,54042953,786343058,16922359635
398,50000000000,6739550065,1835288938,150770978,10264354637,153691053,29808275215,76035115,234434477,74291225,79553035,52567203,226765887,38956604,55189490,53951051,156325027
399,50000000000,31423680,31499948,31425298,31597671,31580021,474483972,31607477,21406022495,31390666,31580659,31409303,31810017,31562546,502540769,31592353,27238473125
400,50000000000,310258222,233102842,33970578611,2065381199,40301389,38925223,51560680,85073682,245298550,182514567,10761418575,1175742088,47962014,49574951,217794038,524513369
401,50000000000,14308084864,34383303776,31868822,31885596,429161790,499523209,31608113,31817728,31569418,31628462,31417137,31748553,31576703,31652571,31410244,31743014
402,50000000000,31454222,31507789,31477946,42022221,5953107354,2847212055,102006876,973593723,35018890,64098359,38997296,545109489,9787682075,25052554720,165803309,4298353676
403,50000000000,7742425530,795680671,605418818,62216640,14788907819,5225759122,66564652,36484012,186290488,108011505,56654235,36060003,9773306480,10431600490,48687240,35932295
404,50000000000,31428818,31509692,31435032,31625503,31585222,507643745,31594679,22918769510,31390108,31577628,31383634,31841429,31563656,511319919,31565102,25683766323
405,50000000000,682865968,180115630,3876588139,1042423858,53368779,38810128,125390246,203038257,202323729,61178435,12106173370,30845663583,51540377,42122747,185093903,303302851
406,50000000000,15267881868,33604206418,32061238,31845868,379904757,367735717,31640922,31745611,31681423,31724435,31490597,31675867,31627577,31645971,31461232,31670499
407,50000000000,31421294,31501698,31414816,31625950,31587102,464701386,31681444,17285597240,31408494,31630709,31442416,32080296,31595359,726891613,31722288,31143697895
408,50000000000,14378664166,7657043783,25610465607,304969291,39818235,38379116,62707390,77265842,455209821,545110674,209716243,162922383,67797788,64099467,178644398,147185796
409,50000000000,14483289311,34161533669,32045583,32096097,447699999,526576072,31635129,31908364,31640317,31731271,31418727,31775721,31662317,31749240,31426217,31811966
410,50000000000,31394174,31475265,31429827,49436845,12143366245,585296900,69322686,152437154,39055769,57267235,39610750,280974245,15820038433,20310687208,72949039,285258225
411,50000000000,1839738182,1568765508,670662047,366845685,344781005,31242054743,218354736,349314311,1061527338,522129864,969432155,576912612,3566415488,5795246314,577746457,330073555
412,50000000000,31418158,31496339,31414408,31610235,31582082,461258674,31586196,21871158151,31391039,31575138,31393791,31756209,31558840,493301784,31574125,26795924831
413,50000000000,425070591,195248289,22077841376,514436816,41374976,38451098,61368415,134002843,139035082,85813478,15884935718,9672672708,48772273,44823860,150240073,485912404
414,50000000000,13931825713,34954206124,31924646,31830946,372504836,361414190,31624757,31750730,31688985,31691569,31480588,31664335,31624209,31643371,31448678,31676323
415,50000000000,31416845,31528311,31438241,33775152,638556464,7698772014,157675232,1703093450,32715225,77191390,33592205,379178689,5868963584,31103216685,301948530,1876937983
416,50000000000,7518373843,956820512,845572361,64620093,13694429106,1484692946,67736806,36272550,119373584,87593200,53573329,35977303,11783692589,13166543913,48881350,35846515
417,50000000000,31429523,31549901,31441834,31740815,31655540,502772495,31670893,25544184557,31388896,31612038,31391731,31986031,31617870,499789824,31609288,23074158764
418,50000000000,261344882,127386561,307540816,475052330,86524871,40067502,424747320,2286091429,354019892,87488670,433490039,34935781691,92395836,41790549,671940522,9374337090
419,50000000000,15358067288,33513552393,32116536,31872235,380182598,367609577,31661494,31745918,31824953,31788541,31495590,31678880,31621779,31644346,31459567,31678305
420,50000000000,31418375,31500186,31419807,31606251,31579784,479605342,31619163,15900345499,31402927,31609336,31438150,31882430,31578835,538295789,31636937,32703061189
421,50000000000,318590571,277913022,36093369209,2645935900,41696033,40131820,50650030,69710314,351898128,262145906,8786669494,516188587,48230453,44717016,174593197,277560320
422,50000000000,14565291043,34143535899,31939225,31912754,421004591,490163910,31602658,31822158,31574173,31625681,31419057,31707817,31589722,31648055,31427784,31735473
423,50000000000,31440709,31491388,31468785,48615095,9822492948,1197630176,81819330,628188994,37443103,58373890,41334023,1045643239,12988717023,21112401768,109933298,2733006231
424,50000000000,4858391222,1375400667,690971089,58324606,12953471952,13078991224,68754935,37360639,219067712,121174318,60254751,37131416,9437090103,6912217202,54421301,36976863
425,50000000000,31417871,31501265,31429425,31606609,31578225,473541134,31575985,22482459859,31383146,31574999,31392050,31758458,31558255,506910551,31567369,26158744799
426,50000000000,810158013,154199656,8117305752,604773328,48499370,37986343,93663069,150500054,188841648,64722358,14343341595,24904890140,55366834,40966656,144741190,240043994
427,50000000000,15152177915,33755745067,31916847,31819299,361296371,350738728,31634566,31739395,31694201,31703833,31488276,31673950,31626745,31641801,31442685,31660321
428,50000000000,31416116,31489009,31414122,31635342,31583176,703196115,31732612,18368367223,31409621,31671148,31463641,32282451,31589198,851503755,31820961,29697425510
429,50000000000,19859464439,9737506051,17593495949,483625280,49590343,47499972,119752346,131089217,524421105,518970130,199702928,163041716,129880016,128527925,165844637,147587946
430,50000000000,31477629,31649485,31464161,31917847,31817781,514703047,31825808,23510982401,31416483,31733695,31404759,32237658,31757130,507291854,31759813,25086560449
431,50000000000,117992780,100009516,128625644,492403503,96920902,62581631,412667568,3824438918,142079488,105907492,162504712,18381007433,113393886,66740521,700915111,25091810895
432,50000000000,4636781325,1819586631,199557680,12526385645,294276455,29572346202,86989499,160316509,127615718,91914655,56704945,148570574,41242455,56678021,55445516,125588170
433,50000000000,31400627,31497561,31406049,31581349,31582133,430758572,31598069,7538853533,31396970,31607305,31423202,31800055,31578887,456308141,31598010,41195609537
434,50000000000,355846174,254697291,29309719096,981775620,37564560,39580374,57363318,104064695,140450041,122695818,14492591374,3196713657,46052592,47929590,176707006,636248794
435,50000000000,14192721542,34567271353,31855533,31875502,401480950,458720882,31587894,31803321,31570413,31639290,31405524,31722992,31579544,31623831,31426685,31714744
436,50000000000,31446837,31621197,31473986,38923927,3751158303,5530151620,114876045,1441423481,34391062,63733270,37254541,498792576,9848324330,25391554048,173207170,2981667607
437,50000000000,6755322943,996120818,737369484,60978897,14396033832,3080987820,65198853,35164047,141748861,87444470,54821088,34885615,11900957929,11571891785,46296002,34777556
438,50000000000,31424203,31520435,31424538,31659981,31616473,491531861,31636838,25383332191,31391846,31566430,31391164,31855692,31581633,494828808,31578535,23251659372
439,50000000000,773738820,86676724,2479266607,826890708,52736872,38055429,132308590,223319819,234048579,59144167,9809801082,34692412531,52317696,41455898,199137694,298688784
440,50000000000,15369978449,33548860651,32048451,31847309,356149871,344784215,31643006,31728199,31683738,31722251,31483717,31659296,31630380,31644394,31468875,31667198
441,50000000000,31427646,31496330,31436921,31625902,31579903,466090541,31677375,21013812073,31412369,31600482,31447293,31972974,31588582,528064103,31697538,27613069968
442,50000000000,12222574169,3976122886,29751655737,470979058,38985498,36867600,55984057,72337076,581041269,436718682,995951741,463960088,63859486,60075107,436398354,336489192
443,50000000000,14457436920,34269810738,31977233,31990695,412617853,479615416,31627486,31864320,31656154,31711041,31415836,31716259,31665245,31731680,31432724,31730400
444,50000000000,31337106,31364230,31358576,49764192,11918339148,584203916,70010729,193183557,38131839,55286810,39587041,364238512,15693248845,20443533812,76802195,379609492
445,50000000000,2478529414,2086278289,749662196,101188451,741034378,29190664994,142171289,71221781,182213316,172600496,165502355,72890107,9856309939,3721298903,198078873,70355219
446,50000000000,31419773,31505258,31419216,31598152,31572121,442985261,31575358,18382787026,31395176,31580208,31391144,31745969,31560811,480785541,31566074,30315112912
447,50000000000,319514045,161796704,19960130711,608575949,41454562,39255229,64809238,176191397,129259464,88864090,16611808955,11060454173,50892201,44430032,153599068,488964182
448,50000000000,14767822564,34179676803,31918167,31807330,341043579,331445262,31628240,31734448,31697856,31680709,31488234,31660440,31637895,31640091,31457166,31661216
449,50000000000,31426207,31501530,31434725,31681649,31617099,728200446,31840913,20757029172,31437392,31681823,31498500,32421436,31687919,1020195166,31940850,27114405173
450,50000000000,7726237730,301134527,1043492363,64369470,13665401703,1163014227,67953683,36358484,105918675,84815797,50755369,35740144,12154235003,13416296042,48678909,35597874
451,50000000000,31451269,31588126,31447597,31785195,31715343,496567957,31721753,23546079536,31389143,31655450,31384517,32057863,31645300,495943144,31662244,25081905563
452,50000000000,290533378,112123641,393835461,545139911,82074630,44742392,427979814,2411797952,421417005,75124305,868273316,27606084373,92662877,47716373,827530749,15752963823
453,50000000000,15212634606,33708098068,32253037,31864630,355021553,343568740,31639397,31743210,31822577,31794690,31485896,31652006,31635495,31632742,31479383,31673970
454,50000000000,31416942,31499825,31422819,31609541,31574509,410087137,31614702,15495374258,31403436,31601263,31442790,31818903,31578372,456883530,31632344,33259039629
455,50000000000,282206577,205231064,34860093937,3191721904,38324699,38102854,50735118,81165607,279349210,212739211,9316016554,749634754,48541982,49136910,220767096,376232523
456,50000000000,14592420144,34212414372,31837111,31849340,379832155,435627477,31589818,31792535,31565430,31628661,31415980,31681891,31575246,31645059,31427490,31697291
457,50000000000,31511971,31669807,31537638,45484080,8293226354,2161435050,86789822,674835538,36550045,56610493,41573984,744557052,12133144920,21538738157,125291925,3967043164
458,50000000000,6269800680,896244016,531328723,54563679,13881807501,9413342424,64461544,34787099,135106637,101156789,51722841,34627103,11548270205,6901246884,47015676,34518199
459,50000000000,31439311,31515593,31438324,31623752,31576971,472611953,31577933,29915955869,31388286,31547464,31390030,31786741,31551873,480490526,31565031,18752540343
460,50000000000,661708138,182462517,4204209148,822408395,50713606,37733336,123869751,175867112,225286013,60036422,12326835889,30627535538,50453188,39335123,173903308,237642516
461,50000000000,15272777711,33702334612,31903358,31809126,327208887,317753040,31622895,31724325,31687592,31696217,31483067,31644782,31630916,31636736,31447486,31639250
462,50000000000,31422079,31504724,31448493,31646894,31576476,439278893,31720896,20786132752,31416975,31629634,31464550,32129595,31597445,691445849,31786806,27703797939
463,50000000000,18199847484,8519415127,20560319139,342710332,45107597,43208256,86681996,94157443,745331501,569123387,179199310,148577370,93965432,86526489,151994892,133834245
464,50000000000,11624719222,27388534340,32073829,32095442,328342890,473316155,31738017,4594612018,31643790,31845027,31429420,31856709,31732102,124660132,31518895,5179882012
465,50000000000,31468275,31509051,31505766,48782419,12213217634,567271349,66756883,115360168,38425158,53327029,38763024,232088062,15853137418,20375400921,69284593,233702250
466,50000000000,583357847,541933085,332202942,9506523169,1227005984,33820522355,176482428,334808521,1844947515,271395750,153973352,500721153,181787558,130369898,117173978,276794465
467,50000000000,31431094,31503118,31421563,31598086,31580460,419533824,31591091,22188543454,31393829,31573040,31386424,31743559,31553881,447922528,31559265,26565664784
468,50000000000,409194574,196998919,23133342742,532566663,40661107,38466205,60029923,128292062,130648130,84007584,15843634390,8611264138,46558008,44299609,152078090,547957856
469,50000000000,14236919131,34597524209,31829461,31858372,395279603,390432876,31623443,31766817,31608099,31644616,31437218,31684294,31617814,31637118,31449013,31687916
470,50000000000,31508324,31668351,31533849,36256087,1795067738,8609378603,124692069,1667574775,34263185,64741110,35957327,420664492,9164604522,25540234589,178673843,2233181136
471,50000000000,7541216326,817538496,759892843,59575530,14277985521,2085139344,64708208,34641116,119018904,81094295,50621324,34176520,11721542490,12272324795,46455742,34068546
472,50000000000,31436578,31536889,31438649,31695748,31653179,480770469,31655057,23582738940,31385903,31603757,31391660,31907543,31603101,475238218,31621053,25082323256
473,50000000000,512160115,74884301,820832395,2262935562,51690488,37060479,212817637,205105213,332085131,47688043,6573242223,38106074797,52145223,39594267,393869395,277814731
474,50000000000,15377452344,33620042890,32083440,31822804,315925052,306265826,31619497,31720193,31818904,31744821,31492572,31641393,31628712,31632501,31465085,31643966
475,50000000000,31428355,31502599,31425874,31623040,31589878,386401386,31652780,17941260714,31414301,31593436,31464936,31938054,31607253,465157901,31672328,30828267165
476,50000000000,11935232260,2879117970,29606751558,550354404,40067756,38129746,63104027,115631992,523880223,385851699,2244302173,604080496,64617853,60209299,509707932,378960612
477,50000000000,14657137297,34204136705,31906964,31870738,354627686,404219836,31597179,31780813,31578957,31661168,31416786,31667189,31586714,31695460,31426220,31690288
478,50000000000,31398045,31417570,31421264,48039537,11593727633,605282012,70108270,336051504,37273942,54025190,39708548,536989273,15059242155,20841900724,84212094,599202239
479,50000000000,3611330617,1896294523,615846339,52810534,13263668209,14842630480,67376936,35666149,200104634,117820152,55109498,35582790,9852365956,5267345320,50585880,35461983
480,50000000000,31437588,31508838,31421343,31606739,31589643,446966903,31591880,24322875055,31391568,31560589,31391970,31748270,31560203,452751289,31571035,24399027087
481,50000000000,815338480,155421132,8551938234,595296575,45310574,37067074,88754397,143157320,196651237,60202647,14094182675,24750640913,51557570,39093042,141491594,233896536
482,50000000000,15190342875,33860853038,31888306,31780134,288014723,280990327,31608558,31699638,31693521,31688325,31482211,31629104,31617463,31635349,31446618,31629810
483,50000000000,31425250,31505090,31460787,31678006,31576127,644991114,31787293,21380681925,31425768,31656497,31467742,32307345,31613290,796498301,31860074,26798065391
484,50000000000,8323121651,262959944,1038158698,73587618,12622855811,1302609072,71377651,41337140,109977361,88376189,54551154,40561596,12077633510,13798542934,54002937,40346734
485,50000000000,31468509,31631289,31464316,31852159,31772193,481469397,31768164,22902297740,31390794,31682964,31398304,32138663,31711241,472475620,31694725,25763783922
486,50000000000,185657917,106770091,224107581,566635061,83074812,53099255,441992971,2853508447,248041622,88892659,341571375,20098002761,93472105,57211042,733924199,23824038102
487,50000000000,15472150159,33545643371,32227935,31855452,304927657,296729231,31633643,31717415,31823208,31807915,31479191,31641376,31626048,31642385,31460105,31634909
488,50000000000,31404075,31507458,31418838,31600516,31574713,365561867,31628530,12624049636,31400718,31602678,31450517,31823916,31591148,403642266,31641125,36228101999
489,50000000000,301129434,219794099,31935209441,977915518,36704963,38686888,53612398,87873115,158185344,139618892,12178060862,2878786522,47198451,47278572,178569718,721375783
490,50000000000,14639479194,34338102475,31793944,31784358,303615261,339388421,31573018,31735594,31572606,31608677,31416624,31630552,31585190,31633763,31425095,31655228
491,50000000000,31565965,31836998,31598461,42220714,6778367297,3341948683,93194043,748646303,35993635,53858269,40292882,538456628,10182421381,23250406457,141512125,4657680159
492,50000000000,7412066701,601744761,548551932,52739370,16217510093,4835481037,61574589,33777136,171083730,89888377,51054114,33743059,9776955523,10036376097,43795579,33657902
493,50000000000,31430071,31508524,31436879,31636084,31591820,451250811,31597297,23169454259,31388377,31560387,31399365,31794581,31554214,446117836,31550334,25554729161
494,50000000000,689419481,86256493,2958285092,735468737,49718070,36897107,137284424,213408860,230982447,57492955,10074562552,34159983009,50549643,38396225,188069628,293225277
495,50000000000,15470556922,33642868229,32002910,31782293,256259612,250393076,31604704,31685989,31695981,31689482,31479913,31618774,31634017,31644903,31460066,31623129
496,50000000000,31417920,31498310,31449660,31646933,31585750,365459096,31711118,21559346792,31412382,31600942,31470743,32059119,31609260,460315913,31772671,27235643391
497,50000000000,13193570836,5177261099,28206166368,353904050,39270473,37266748,56929278,74220423,592476728,422286288,783540405,316961923,58973101,55755232,385722668,245694380
498,50000000000,14652693040,34319332639,32108348,32021567,305212499,342072311,31636380,31837466,31644451,31745301,31417680,31688745,31666107,31782453,31424990,31716023
499,50000000000,31368170,31373883,31385657,48850309,11825102660,618182104,68341444,132795872,37865394,51723659,38485166,264110734,15635264008,20847771297,70954600,266425043
500,50000000000,2173219075,2065990184,747358543,73662237,3497245887,27408641635,116196503,51558320,169415627,154135005,97803693,51693513,10669173230,2558907958,113748968,51249622
501,50000000000,31423460,31505350,31422202,31599159,31577219,384267906,31589725,21650679068,31387905,31562726,31394660,31735927,31556518,401629312,31571282,27185097581
502,50000000000,314677016,157385321,21105021493,577867881,39563077,38013777,62005639,155835016,131460822,82511479,15889839944,10703169551,48487181,43220904,158806802,492134097
503,50000000000,12268377082,36831735805,31757280,31786355,262981512,257392207,31596827,31705485,31609112,31645490,31447191,31630947,31621299,31635734,31452296,31625378
504,50000000000,31557917,31697491,31618245,35840669,1172201271,10139144039,131695016,1520475867,34448659,62356113,35825774,447526344,9155561527,25392750151,181172888,1596128029
505,50000000000,7330387574,299003212,1008424245,57293854,14156482122,1412848522,64959663,33713876,96527709,77326740,47000354,33505128,12610204058,12694072075,44821242,33429626
506,50000000000,31443156,31571574,31441589,31755445,31687907,428560675,31696206,22627310222,31396449,31624975,31389046,31971784,31650333,420205223,31645194,26144650222
507,50000000000,350934813,111466141,505266918,470111703,62515077,37586712,332476029,2361261023,471590191,63289703,1224310056,29932670685,66702384,39758096,495096569,13474963900
508,50000000000,15342195644,33881867772,32037112,31785963,199931962,195937117,31614191,31668317,31817409,31759428,31480447,31590669,31623810,31635572,31472354,31582233
509,50000000000,31422517,31506829,31459433,31629173,31586657,309167347,31663066,21825043982,31432819,31596770,31459383,31882261,31604902,348847719,31678996,27138018146
510,50000000000,290858780,203346457,35225133884,3370942301,35037996,37751950,50050755,72148898,253453746,232208918,8927913925,664184569,48586147,47047472,203817426,337516776
511,50000000000,15072013336,34161166971,31807111,31764200,187102004,200380657,31545525,31685913,31577353,31664806,31418753,31566919,31589310,31693785,31426617,31596740
